autorstvo,titul,rok,pocet_stran
,Wyborná Pražská kuchařská kniha,1805,279
"Pacovský, Václav",Knjžka Kuchařská aneb Zřetedlná ponavčenj kterak se rozličné pokrmy gak masyté tak postnj dobře priprawowati aneb strogiti magi,1809,190
"Neudecker, Maria Anna",Baborská Kuchařka w Čechách,1810,192
"Pacovský, Václav",Knjžka Kuchařská aneb Zřetedlná ponavčenj kterak se rozličné pokrmy gak masyté tak postnj dobře připrawowati neb strogiti magj,1811,363
"Neudecker, Maria Anna",Neynowěgssj Kuchařka Pražská neb Kniha uměnj w připrawowánj rozličných krmj a pamlsků gak pro panskau tak pro domácý kuchyň,1816,192
,Hospodářská Pražská Kuchařka,1819,800
"Kuperius, Antonín",Nowá wýborná Knižka Kuchařská aneb Zřetedlná ponavčenj pro panj děwčata a kuchařky kterak rozličné pokrmy gak masyté tak postnj dobře a lacyně připrawowati neb strogiti magj,1821,92
,Pražská kuchařka aneb Co strogiti dnes,1823,430
"Rettigová, Magdalena Dobromila",Domácý Kuchařka aneb Pogednánj o masytých a postnjch pokrmech pro dcerky České a Morawské,1826,154
"Pacovský, Václav",Auplné Uměnj Kuchařské aneb Pochopitedlný poukaz kterak rozličné pokrmy gak masyté tak postnj dobře připrawowatineb strogiti se magj a gichžto poznamenánj posléz stogjcý regstřjk ukáže,1827,274
,Neuestes treffliches Kochbuch oder Leicht faßlicher Unterricht für Frauen Mädchen und Köchinnen wie verschiedene Fleisch- und Fastenspeisen gut und wohlfeil zubereitet und angerichtet werden sollen,1827,90
"Rettigová, Magdalena Dobromila",Domácý Kuchařka aneb Pogednánj o masytých a postnjch pokrmech pro dcerky České a Morawské,1831,308
"Rohrer, Marie Judith",Co hrdlo ráčj neb 500 rozličných pokrmů pochoutek rosolů zawařenin naloženin etc,1831,217
"Rettigová, Magdalena Dobromila",Domácý Kuchařka aneb Pogednánj o masytých a postnjch pokrmech pro dcerky České a Morawské,1837,329
"Rettigová, Magdalena Dobromila",Dobrá rada Slowanským wenkowankám aneb Pogednánj kterak by ony pokrmy sprosté lacině i chutně připrawowati a tak se buď pro budaucj swau domácnost neb pro službu cwičiti mohly,1838,66
"Pacovský, Václav",Knjžka kuchařská aneb Zřetelná ponaučenj kterak se rozličné pokrmy gak masité tak postnj dobře připrawowati neb strogiti magj,1840,186
,Bohabogná Kuchařka kteráž gistému paustewnjku skrze angela předstawená žeby ona gemu w pobožnosti žíwota geho we wssem rowna byla,1841,32
"Špendlíkářová, Anežka",Česká Kuchařka aneb Knjžka wssem i zběhlegssjm kuchařkám prospěssná w které se dočjsti mohau gakby za malý penjz co neylepssj a neyskowostnégssj gjdla se ustrogit dali,1841,64
"Rettigová, Magdalena Dobromila",Pogednánj o Telecjm Mase,1843,75
"Pacovský, Václav",Auplné Uměnj Kuchařské aneb Pochopitedlný poukaz kterak se rozličné pokrmy gak masité tak postnj dobře připrawowati neb strogiti magj gichžto poznamenánj posléz stogjcj regstřjk ukáže,1844,193
"Rettigová, Magdalena Dobromila",Domáci kuchařka aneb Pogednánj o masitých a postnjch pokrmech pro dcerky České a Morawské,1844,375
"Rettigová, Magdalena Dobromila",Kafjčko a wsse co ge sladkého,1845,86
,Kuchařka domácj i panská pro děwy wlastenské,1848,161
"Špendlíkářová, Anežka",Česká kuchařka aneb Knjžka wssem i zběhlegssjm kuchařkám prospěssná,1848,64
"Danešová, Budislava",Schopná kuchařka pro malé dívky,1850,64
"Rettigová, Magdalena Dobromila",Die Haus-Köchin oder Eine leichtfaßliche und bewährte Anweisung auf die vortheilhafteste und schmackhafteste Art die Fleisch- und Fastenspeisen zu kochen zu backen und einzumachen,1852,370
"Slavomilská, J.",Co hrdlo ráčj neb 500 rozličných pokrmů pochoutek rosolů zawařenin naloženin atd,1856,217
"Bezstarosti, Ignát",Slušné nakládání s domácím dobytkem a se živočichy vůbec,1856,64
"Rettigová, Magdalena Dobromila",Domácí kuchařka aneb Snadno pochopitelné a wyskoumané poučení kterak se masité i postní pokrmy nejchutnějším způsobem waří pečou a zaděláwají,1857,373
"Pacovský, Václav",Kuchařka česká,1860,191
"Rettigová, Magdalena Dobromila",Domácí kuchařka aneb Snadno pochopitelné a wyskoumané poučení kterak se masité i postní pokrmy nejchutnějším způsobem waří pečou a zaděláwají,1860,375
"Lev, Marie Anna",Nowá česká kuchařka aneb Zkussené a snadno pochopitelné poučenj kterak se na negchutněgssj a na negprospěssněgssj způsob masité a postnj pokrmy wařj pekou a zaděláwagj,1861,90
,Bohabojná kuchařka aneb Utěssené powídky o poustewnících kteří nábožně žiwi jsouce jiným do nebes pomáhali,1862,24
"Rettigová, Magdalena Dobromila",Mala Domácí kuchařka čili Kterak se v malých domácnostech jídla rozličného druhu jednoduchá i oupravnější masitá i postní lacině a chutně připravovati mají,1863,100
"Rettigová, Magdalena Dobromila",Malá kuchařka neboli Dobrá rada jak se díwky buď pro budoucnost nebo pro službu cwičiti mohou,1863,151
"Hansgirgová, Františka",Nová česká kuchařka aneb Navedení ku připravování všelikých pokrmů hodících se pro skrovnou i skvostnější domácnost,1864,237
"Rettigová, Magdalena Dobromila",Domácí kuchařka aneb Snadno pochopitelné a vyskoumané poučení kterak se masité i postní pokrmy nejchutnějším způsobem vaří pečou a zadělávají,1864,417
"Hansgirgová, Františka",Nová česká kuchařka aneb Navedení ku připravování všelikých pokrmů hodících se pro skrovnou i skvostnější domácnost,1866,320
"Vávrová, Karolina",Pražská kuchařka aneb Praktický návod k nejchutnějšímu připravování všelikých druhů jednoduchých a nákladnějších pokrmů masitých moučných a postních jež v každé skrovnější a nádhernější domácnosti se vyskytují,1866,512
"Rettigová, Magdalena Dobromila",Magdaleny Dobromily Rettigové Domácí kuchařka čili Snadno pochopitelné a prozkoumané poučení kterak se masité i postní pokrmy všeho druhu nejchutnějším způsobem vaří pekou a zadělávají,1868,522
"Vávrová, Karolina",Pražská kuchařka aneb Praktický návod k nejchutnějšímu připravování všelikých druhů jednoduchých a nákladnějších pokrmů masitých moučných a postních jež v každé skrovnější a nádhernější domácnosti se vyskytují,1869,512
,Agenda čili Způsob vysluhování křtu svatého svátosti večeře Páně konfirmace oddavků a některých modliteb církevních dle řádu Bratří českých,1869,131
"Fantová, Karolina",Rychlá kuchařka,1870,54
,Zákon daný dne 20 prosince 1869 týkající se volného nakládání s pozemky,1870,266
"Hansgirgová, Františka",Nová česká kuchařka aneb Navedení ku připravování všelikých pokrmů hodících se pro skrovnou i skvostnější domácnosť,1871,455
"Rettigová, Magdalena Dobromila",Magdaleny Dobromily Rettigové Domácí kuchařka čili Snadno pochopitelné a proskoumané poučení kterak se masité i postní pokrmy všeho druhu nejchutnějším způsobem vaří pekou a zadělávají,1872,520
"Hansgirgová, Františka",Malá Nová česká kuchařka,1872,180
"Dobrovolná, Ludmila",Česká kuchařka a hospodyně,1873,334
"Vávrová, Karolina",Pražská kuchařka aneb Praktický návod k nejchutnějšímu připravování všelikých druhů jednoduchých a nákladnějších pokrmů masitých moučných a postních jež v každé skrovnější i nádhernější domácnosti se vyskytují,1873,512
"Zabranská, Vlastimila",Nejnovější česká kuchařka,1873,320
,Všeobecný odborný list Vzorný pivovar,1874,2
"Rettigová, Magdalena Dobromila",Magdaleny Dobromily Rettigové Domácí kuchařka čili Snadno pochopitelné a prozkoumané poučení kterak se masité i postní pokrmy všeho druhu nejchutnějším způsobem vaří pekou a zadělávají,1874,520
"Triwaldová, Gabriela",Nová pražská kuchařka,1877,344
,Český sládek,1878,1
"Svobodová, Julie",Vzorná hospodyně,1879,90
"Hansgirgová, Františka",Nová česká kuchařka aneb Navedení ku připravování všelikých pokrmů hodících se pro skrovnou i skvostnější domácnost,1879,502
,Časopis spolku pro průmysl pivovarský v království Českém,1879,3
"Triwaldová, Gabriela",Česká národní kuchařka,1880,358
,Osudná večeře,1880,84
V. K.,Sbírka nejnovějších receptů z oboru vinařství octářství pivovarství a j,1880,152
"Dumková, Hanna",Úprava jídel zemákových,1880,198
"Vávrová, Karolina",Pražská kuchařka aneb Praktický návod k nejchutnějšímu připravování všelikých druhů jednoduchých a nákladnějších pokrmů masitých moučných a postních jež v každé skrovnější a nádhernější domácnosti se vyskytují,1881,434
"Řehák, Jan Josef",Z mysterií chuti a kuchyně,1882,73
"Dumková, Hanna",Česká kuchařka,1883,636
"Dumková, Hanna",Ovoce užití jeho v domácnosti a kuchyni,1883,270
"Kostelecký, Oldřich S.",Jikrová polévka,1883,38
"Rettigová, Magdalena Dobromila",Domácí Kuchařka čili Snadno pochopitelné a proskoumané poučení kterak se masité i postní pokrmy všeho druhu nejchutnějším způsobem vaří pekou a zadělávají kterak se rozmanité moučné a ovocné lahůdky zavařeniny a td připravují kterak se tabule nejnovějším způsobem pokrývají,1883,533
"Špatný, František",Povšechný německo-český slovník kuchařský a hostinský =,1883,128
"Dumková, Hanna",586 jídel z vajec,1884,149
"Vohralík, František",Ovocnářství,1884,73
"Jandouš, Alois",Nauka o způsobu předpisování a skladbě léků v receptech lékařských pro mediky,1885,64
"Dumková, Hanna",Čokoládová jídla a nápoje,1885,46
"Rettigová, Magdalena Dobromila",Malá Domácí Kuchařka čili Kterak se v malých domácnostech jídla rozličného druhu jednoduchá i úpravnější masitá i postní lacině a chutně připravovati mají,1886,127
"Triwaldová, Gabriela",Praktická česká kuchařka pro každou domácnosť,1886,141
"Thuma, Alois",Med a zužitkování jeho v domácnosti v pernikářství a cukrářství,1886,67
,Med potravou a lékem,1886,20
"Lužická, Věnceslava",Jaro života,1886,178
"Dumková, Hanna",Houbová jídla,1887,68
"Lehen, Edward de",Cesta k ráji srdce,1888,354
"Tichá, Božena",Nakládání a zavařování ovoce,1888,38
"Rettigová, Magdalena Dobromila",Domácí Kuchařka čili Snadno pochopitelné a proskoumané poučení kterak se masité i postní pokrmy všeho druhu nejchutnějším způsobem vaří pekou a zadělávají,1888,533
"Suchý, Josef",Josefa Suchého prakticky zkoušené originální předpisy k výrobě studenou cestou všech druhů pálenek likérů krémů specialit francouzské kořalky arraku koňaku vína hořkého octa voňavek olejů a kapek,1889,68
,První česká kniha receptů,1890,246
"Rettigová, Magdalena Dobromila",Magdaleny Dobromily Rettigové Domácí kuchařka čili Snadno pochopitelné a prozkoumané poučení kterak se masité i postní pokrmy všeho druhu nejchutnějším způsobem vaří pekou a zadělávají,1890,533
"Svobodová, Julie",Malá pražská kuchařka,1890,174
"Rettigová, Magdalena Dobromila",Magdaleny Dobromily Rettigové Domácí kuchařka čili Snadno pochopitelné a prozkoumané poučení kterak se masité i postní pokrmy všeho druhu nejchutnějším způsobem vaří pekou a zadělávají,1890,469
"Dumková, Hanna",Drůbež jak nejvhodněji a nejlépe upravovati se má,1890,27
"Dumková, Hanna",Drůbež jak nejvhodněji a nejlépe upravovati se má,1890,27
"Dumková, Hanna",Pro nemocné jídla a nápoje,1890,79
"Dumková, Hanna",Kuchařka v domácnosti české,1890,140
"Dumková, Hanna",Drůbež jak nejvhodněji a nejlépe upravovati se má,1890,27
"Eckert, Adolf",Zužitkování ovoce,1890,14
"Dumková, Hanna",Drůbež jak nejvhodněji a nejlépe upravovati se má,1890,27
"Dumková, Hanna",Drůbež jak nejvhodněji a nejlépe upravovati se má,1890,27
"Dumková, Hanna",Drůbež jak nejvhodněji a nejlépe upravovati se má,1890,27
"Dumková, Hanna",Drůbež jak nejvhodněji a nejlépe upravovati se má,1890,27
,Kuchařstwij,1891,78
"Zucker, Alois",Podmíněné odsouzení,1891,31
,Pivovarnické zprávy,1891,2
,Kuchařská kniha,1891,354
"Vorlíček, Čeněk",Zavařování a zužitkování veškerého ovoce a zeleniny v domácnosti,1891,80
"May, Alois A.",Zeleniny,1891,21
,Med potravou a lékem,1891,32
"Rošický, Václav",Pekařství dle nejnovějších pramenů,1891,98
"Vávrová, Karolina",Pražská kuchařka aneb Praktický návod k nejchutnějšímu připravování všelikých druhů jednoduchých a nákladnějších pokrmů masitých moučných a postních jež v každé skrovnější a nádhernější domácnosti se vyskytují,1891,327
"Kr...vá, J.",Socialistka z kuchyně,1892,16
"Winter, Zikmund",Kuchyně a stůl našich předků,1892,192
,Kuchařská kniha,1892,406
"Vohralík, František",Návod ku zužitkování ovoce,1893,114
"Axamitová, Marie",Česká kuchařka,1894,256
"Svobodová, Marie B.",Kuchařská škola čili Důkladné navedení k samostatnému naučení se vaření a správné hospodárnosti,1894,929
"Triwaldová, Gabriela",Česká národní kuchařka,1894,360
"Fulín, Martin",Konservování ovoce a zelenin,1895,24
,Bonella knížka receptů,1895,13
"Kopal, Petr",Nepečeme,1895,16
,Cukerní list,1895,1
,Kuchařská kniha,1895,470
"Benešová, Milada",Nakládání zavařování a používání ovoce,1895,92
"Kafka, Josef",Mořské ryby na pražském trhu,1895,52
"Rettigová, Magdalena Dobromila",Magdaleny Dobromily Rettigové Domácí kuchařka čili Snadno pochopitelné a prozkoumané poučení kterak se masité i postní pokrmy všeho druhu nejchutnějším způsobem vaří pekou a zadělávají,1895,469
J. K.,Zdravotní kuchařka jakožto doplněk každé jiné kuchařské knihy čili Poučení o hodnotě potravin o jejich stravitelnosti,1896,149
"Svobodová, Julie",Malá Pražská kuchařka,1896,192
"Triwaldová, Gabriela",Praktická česká kuchařka pro každou domácnost,1896,128
"Šváb-Malostranský, Josef",Kuchařka,1896,7
"Vorlíček, Čeněk",Zavařování nakládání a zužitkování veškerého ovoce zeleniny hub a bylin v domácnosti,1897,112
,Kuchařská kniha,1897,469
"Nevečeřel, Richard",Řeč Richarda Nevečeřela proslovená za příčinou jeho kandidatury za poslance do říšské rady v páté všeobecné kurii ve skupině Jihlavské,1897,16
"Sitenský, František Ladislav",Nakládání píce,1899,14
"Moučková, Pavla",Malá kuchařka,1899,114
"Kálal, Jan Václav",Kuchyně pěstitele králíků,1899,62
,Labužník,1899,24
"Šmíd, Leopold František",Básník a kuchařka,1899,7
,Velká illustrovaná kuchařka,1899,732
"Radová, Kamila",Vánoční kuchyně,1900,40
,Zlatá kniha hospodyňky Vitello,1900,97
"Jermářová, Bohumila",Vzorná česká kuchařka,1900,546
"Cardová, Anna",Návod mladým hospodyňkám jak upraviti chutné a levné pokrmy ve skrovných domácnostech nemocnicích obecných kuchyních i jednoduchých měšťanských rodinách,1901,64
"Jůn, Karel",Vyzkoušené recepty na moučníky a čajové pečivo,1901,32
"Dvořák, Jaroslav",Bramborová kuchyně obsah 490 předpisů na úpravu všemož jídel polévek omáček pečiv dortů cukrovinek a pod z bramborů pro velké a malé domácnosti jídelny kuchyně restaurační a hotelové,1901,210
"Veselá, Vlasta",Národní kuchařka pro šetrnou hospodyni,1901,200
"Vlasáková, Julie",Zavařování ovoce nakládání konservování a výroba ovocných vín,1901,155
"Rothová, Olga",Česko-moravská kuchyně,1901,652
"Bezděk, Jan",Houby jedlé a jim podobné jedovaté,1901,225
"Švehla, Josef",Nádobí kuchyně a stolu staročeského,1901,31
"Havránka, Jindřich",Zužitkování ovoce v domácnosti,1902,102
"Šťastná, Josefina",Nejnovější rychlá a praktická česká domácí kuchařka,1902,48
"Komenský, Jan Amos",O hodné přípravě k stolu večeře Páně,1902,16
"Vlasák, Antonín Norbert",Pečení domácího chleba,1902,54
"Šádková, Marie",Zimní kuchyně neb Návod k šetrnosti pro venkovské hospodářství,1902,60
"Rettigová, Magdalena Dobromila",Magdaleny Dobromily Rettigové Domácí kuchařka čili Snadno pochopitelné a prozkoumané poučení kterak se masité i postní pokrmy všeho druhu nejchutnějším způsobem vaří pekou a zadělávají,1902,467
"Štěpánová, Vlasta M.",Malá kuchařka a hospodyňka česká,1903,80
"Štěpánová, Vlasta M.",Storchův praktický návod k zavařování a konservování ovoce i jiných plodin,1903,171
"Cardová, Anna",Návod mladým hospodyňkám jak upraviti chutné a levné pokrmy ve skrovných domácnostech nemocnicích obecných kuchyních i jednoduchých měšťanských rodinách,1903,75
"Jermářová, Bohumila",Velká vzorná česká kuchařka,1903,920
"Rettigová, Magdalena Dobromila",Malá domácí kuchařka čili kterak se v malých domácnostech jídla rozličného druhu jednoduchá i úpravnější masitá i postní lacině a chutně připravovati mají,1903,122
"Vorlíček, Čeněk",Zavařování nakládání a zužitkování veškerého ovoce zeleniny hub a bylin v domácnosti,1903,115
,Nové pekařské zájmy,1903,3
"Kafková, Majdalena",Slovník umění kuchařského,1904,2
"Soukup, Václav",Domácí a cizí nápoje,1904,262
"Soukup, Václav",Saláty a jejich úprava,1904,97
"Dumková, Hanna",Rybí kuchyně,1904,65
"Červinka, Adolf",Z kuchyně starého mládence,1904,54
,Česká kuchařka,1904,200
"Jermářová, Bohumila",Malá vzorná kuchařka,1904,174
"Jermářová, Bohumila",Vzorná česká kuchařka,1904,549
"Soukup, Václav",Rajská jablka či tomaty,1905,12
"Disque, Ludwig",Dietetická kuchyně,1905,176
"Kejřová, Anuše",Úsporná kuchařka,1905,203
,Kuchařská kniha,1905,458
"Malloch, Petr Max",Chansonetta kuchařkou,1905,36
"Bezděk, Jan",Houby jedlé a jim podobné jedovaté,1905,216
"Havránka, Jindřich",Zužitkování zeleniny v domácnosti,1905,54
"Soukup, Václav",Domácí cukrárna,1906,246
"Šváb-Malostranský, Josef",Recept jak získati řádného muže,1906,2
"Bareš, Josef B.",Konservování pokrmů v pokrmových zásobnicích,1906,22
Fringilla,Storchova nejnovější kapesní praktická a rychlá kuchařka pro menší a skrovné domácnosti zejména však pro hospodyňky dělnických domácností,1906,128
,Polévková mísa manželů Brdlinkových,1906,27
"Rytychová, Majolena",Největší nejnovější a nejpraktičtější česká domácí kuchařka a vzorná hospodyňka,1906,473
,Věstník pekařů královského hlavního města Prahy,1906,9
"Rettigová, Magdalena Dobromila",Magdaleny Dobromily Rettigové Domácí kuchařka čili Snadno pochopitelné a prozkoumané poučení kterak se masité i postní pokrmy všeho druhu nejchutnějším způsobem vaří pekou a zadělávají,1906,469
"Soukup, Václav",Výživná a zdravá zelinářská kuchyně čili podrobné poučení o zužitkování a upotřebení veškerých druhů zeleniny polní i zahradní v kuchyni,1907,227
"Soukup, Václav",Zelenina zahradní i polní v kuchařských předpisech,1907,227
"Kálal, Jan Václav",Kuchyně králikářů,1907,72
,Med potravou a lékem,1907,44
"Rettigová, Magdalena Dobromila",Magdaleny Dobromily Rettigové Domácí kuchařka čili  Snadno pochopitelné a prozkoumané poučení kterak se masité i postní pokrmy všeho druhu nejchutnějším způsobem vaří,1907,469
"Šmíd, Leopold František",Básník a kuchařka,1907,8
"Soukup, Václav",Postní kuchyně,1908,207
"Bareš, Josef",Konservování pokrmů v pokrmových zásobnicích,1908,22
"Rettigová, Magdalena Dobromila",Magdaleny Dobromily Rettigové Domácí kuchařka,1908,469
,Hostinský obzor,1908,39
"Špilarová, Matilda",Několik vyzkoušených pokynů k vaření,1909,111
"Kejřová, Anuše",Úsporná kuchařka,1909,222
"Barthová, Ludmila",První česká vegetářská kuchařka,1909,127
"Triwaldová, Gabriela",Praktická česká kuchařka pro každou domácnost,1909,108
"Orlová, Marie",Králikářská kuchyně,1909,47
"Podzimek, Bóža",Z české kuchyně,1909,31
"Soukup, Václav",Lovcova kuchyně,1909,279
"Trachtová, Marie",Kuchařská kniha pro venkovské hospodyně,1909,222
"Šmíd, Leopold František",Básník a kuchařka,1909,5
"Pakosta, Ferdinand",Vaření piva a prodej vína v Pacově,1910,14
"Nejedlá, Marie",Praktická kuchařka pro českou domácnost,1910,352
"Versbachova, A.",Domácí cukrářství,1910,191
"Rettigová, Magdalena Dobromila",Magdaleny Dobromily Rettigové Domácí kuchařka,1910,469
"Vorlíček, Čeněk",Zavařování nakládání a zužitkování veškerého ovoce zeleniny hub a bylin v domácnosti,1910,115
"Holubová, Marie",Domácí kuchařka České dívky,1910,109
"Špilarová, Matilda",Sbírka předpisů k vaření,1911,112
"Hindhede, Mikkel",Reformní kuchařka,1911,248
,Kuchyňský kalendář,1911,1
"Rettigová, Magdalena Dobromila",Magdaleny Dobromily Rettigové Domácí kuchařka čili Snadno pochopitelné a prozkoumané poučení kterak se masité i postní pokrmy všeho druhu nejchutnějším způsobem vaří pekou a zadělávají  kterak se rozmanité moučné a ovocné lahůdky zavařeniny a td připravují kterak se tabule nejnovějším způsobem pokrývají  kromě mnohých jiných užitečných a v domácnosti nevyhnutelně potřebných věcí,1911,469
"Rettigová, Magdalena Dobromila",Magdaleny Dobromily Rettigové Domácí kuchařka,1911,469
"Sauvain, Karl",Tragedie katolického faráře v dopisech farské kuchařky,1912,205
"Benešová, Milada",Salátová kuchyně,1912,54
"Neubauerová, Ela",Zavařování sušení nakládání ovoce zeleniny a hub,1912,124
"Rettigová, Magdalena Dobromila",Magdaleny Dobromily Rettigové Domácí kuchařka,1912,469
"Rettigová, Magdalena Dobromila",Magdaleny Dobromily Rettigové Domácí kuchařka,1912,469
"Seidlová, Anastasie B.",Kuchařka Jitřenky,1912,245
"Kejřová, Anuše",Úsporná kuchařka,1912,222
"Rettigová, Magdalena Dobromila",MD Rettigové Velká kuchařka,1912,1057
"Seidlová, Anastasie B.",Kuchařka Lady,1913,508
"Seidlová, Anastasie B.",Úprava pokrmů pro nemocné cukrovkou,1913,148
"Ebersberg, Ottokar Franz",Farářova kuchařka,1913,122
"Dumková, Hanna",Česká kuchařka,1913,636
,Kuchyně a spižírna,1913,127
"Jermářová, Bohumila",Vzorná česká kuchařka,1913,536
"Rettigová, Magdalena Dobromila",Magdaleny Dobromily Rettigové Domácí kuchařka,1913,469
"Rettigová, Magdalena Dobromila",Magdaleny Dobromily Rettigové Domácí kuchařka,1913,469
"Táborský, J. K.",České houby jedlé i jedovaté,1913,62
"Seidlová, Anastasie B.",Kuchařka Jitřenky,1914,245
"Štechová, Marie",Kuchařka Marie Štechové,1914,544
"Benešová, Milada",Nakládání zavařování a používání všeho ovoce i zeleniny,1914,258
,Dělnická kuchařka,1914,126
"Kejřová, Anuše",Dělnická kuchařka,1914,96
"Kejřová, Anuše",Úsporná kuchařka,1914,204
"Jermářová, Bohumila",Velká vzorná česká kuchařka,1914,920
"Jermářová, Marie",Česká kuchařka,1914,231
"Rettigová, Magdalena Dobromila",Magdaleny Dobromily Rettigové Domácí kuchařka,1914,469
"Šedivý, Emil",Inserce tajných léčiv a specialit v denních listech,1914,4
"Vávrová, Karolina",Pražská kuchařka aneb Praktický návod ku připravování všelikých druhů jednoduchých a nákladnějších pokrmů masitých moučných postních a pro nemocné jak v každé skromnější i nádhernější domácnosti se vyskytuje,1914,499
"Černá, Růžena",Úprava pokrmů z kukuřičné mouky a krupičky,1915,15
"Seidlová, Anastasie B.",Levné pokrmy a rady v době drahoty a války,1915,36
"Součková, Marie",Válečná kuchařka,1915,77
"Součková, Marie",Válečná kuchařka,1915,88
"Součková-Vosátková, Marie",Vzorná kuchařka,1915,394
"Ammann, David",Mazdaznanská dietetika a kuchařka,1915,219
"Benešová, Milada",Salátová kuchyně,1915,107
"Holnová, Božena",Úsporná kuchyně,1915,48
"Holubová, Marie",Kuchařka České dívky,1915,76
"Jančová, Zdenka",Válečná kuchařka České Domácnosti,1915,64
"Kafka, Josef",Levné obědy a večeře,1915,88
"Kafka, Josef",Levné pokrmy zeleninové,1915,84
"Kafka, Josef",Úsporná výživa hospodářská a zdravotní reforma výživy jídelního lístku vaření a zažívání nejen se zřetelem na nutná obmezení v době války nýbrž i se zřetelem na hospodářské a zdravotní povznesení lidu,1915,75
"Kejřová, Anuše",Úsporná válečná kuchařka,1915,186
,50 kuchařských předpisů se zřením k moučným náhražkům,1915,22
,Kuchyňské zeleninové recepty,1915,16
"Jermářová, Bohumila",Kuchařka v době válečné,1915,174
"Macků, Jan",Houbová kuchyně,1915,32
"Preisová, Hana",Praktická kuchařka,1915,143
,Předpisy o zavařování nakládání a sušení ovoce a zeleniny o přípravě marmelád rosolů a ovocných sýrů o konservování masa a o výrobě lihuprostých ovoc nápojů,1915,24
,Příspěvky k poznání hodnoty obilek ozimých pšenic pěstovaných v král Českém a pečivosti mouk z nich vyrobených,1915,11
"Vondráčková, Růža",Úsporná úprava bramborových pokrmů,1915,36
"Jančová, Zdenka",Válečná kuchařka České Domácnosti,1915,64
"Bubeníček, Josef",Úprava ryb v kuchyni,1916,159
"Seidlová, Anastasie B.",Malá domácnost,1916,71
"Táborský-Rosický, Hugo",Králikářská kuchyně,1916,48
"Ammaun, Friedr.",Mazdaznanská dietetika a kuchařka,1916,164
"Duda, Václav",Sušení zeleniny,1916,29
"Holnová, Božena",Kukuřičné pokrmy v úpravě české i cizí kuchyně,1916,40
"Holnová, Božena",Holandská bramborová mouka Superior a pokrmy k nimž lze jí použíti,1916,20
"Kadlčák, Josef Mnohoslav",Lidové běhy úsporného vaření a bedna varnice či krbovnice,1916,40
"Ocetek, Josef",Večeře veliká,1916,72
,Praktický návod k pečení chleba sušení ovoce a zeleniny pro domácnost i malý průmysl,1916,32
"Rozmarová, Olga Růžena",Vzorná česká kuchyně a domácnost,1916,236
"Sezemská, Marie",Levná lidová kuchařka prostá masa (vegetariánská),1916,144
"Šetlík, Břetislav",Vaření mýdla,1916,1
,Divoké ovoce polní lesní i zahradní a jeho zužitkování v domácnosti,1916,103
"Fořt, Jindřich",Rychlosušárna Progressit fy Janka a sp v Radotíně na sušení ovoce zelenin a jiných zemědělských plodin,1916,2
"Duda, Václav",Sušení zeleniny,1916,29
"Zíbrt, Čeněk",Česká kuchyně za dob nedostatku před sto lety,1917,95
"Benešová, Milada",Nakládání zavařování a používání všeho ovoce i zeleniny,1917,317
"Chmelař, František",Pěstování soje a její použití pro lidovou i vegetariánskou výživu a dietetiku,1917,32
"Černý, Emil",Konservování masa v domácnosti nakládáním do soli láku kyselin a vápna zavařováním uzením suchým i mokrým,1917,48
"Posnerová, Iška",Moučníky po domácku,1917,80
"Slavínová, Milada",Zavařování ovoce bez cukru nakládání do octa a jeho sušení,1917,35
"Štěpánová, Vlasta M.",Praktický návod k zavařování a konservování ovoce i jiných plodin,1918,171
"Kejřová, Anuše",Návod k přípravě pečiva s použitím výrobků Kveta,1918,157
"Benešová, Milada",Nakládání zavařování a používání všeho ovoce i zeleniny,1918,352
"Kadlec, Josef M.",Topení a vaření elektřinou,1918,51
"Dvořák, Jaroslav",Bramborová kuchyně obsah 490 předpisů na úpravu všemož jídel polévek omáček pečiv dortů cukrovinek a pod z bramborů pro velké a malé domácnosti jídelny kuchyně restaurační a hotelové,1918,240
"Posnerová, Iška",Polévky a omáčky,1918,61
"Rettigová, Magdalena Dobromila",Praktická kuchařka,1918,128
,Poučná knížka o zavařování ovoce zeleniny a masa pomocí sklenic a přístrojů značky Weck,1918,52
"Dvořák, Jaroslav",Bramborová kuchyně,1918,240
"Kadlec, Josef M.",Topení a vaření elektřinou,1918,38
"Frič, Alberto Vojtěch",Pařížská kuchyně míru,1919,4
"Bareš, Josef B.",Konservování pokrmů v pokrmových zásobnicích,1919,22
"Bareš, Josef B.",Konservování pokrmů v pokrmových zásobnicích,1919,22
"Kratochvílová, Věnceslava",Úsporná kuchyně,1919,46
"Milota, Albert",Podmíněné odsouzení a propuštění,1919,116
,Praktická kuchyně III,1919,1
"Rytychová, Majolena",Největší nejnovější a nejpraktičtější česká domácí kuchařka a vzorná hospodyňka,1919,398
"Seidlová, Anastasie B.",Kuchařka Jitřenky,1920,394
"Špilarová, Matilda",Sbírka vyzkoušených předpisů k vaření,1920,124
"Benešová, Milada",Nakládání zavařování a používání všeho ovoce i zeleniny,1920,368
"Lhoták, Kamil Josef",Receptura,1920,178
"Oetker, August",Dr Oetkera předpisy pro kuchyni a pro domácnost,1920,80
,Schichtova kuchařka,1920,52
,Schichtova kuchařka,1920,51
,Schichtova kuchařka,1920,51
,Schichtova kuchařka,1920,52
,Schichtova kuchařka,1920,53
,Kuchařská kniha Rex,1920,168
"Kejřová, Anuše",Různé úsporné kuchařské předpisy pro praktické používání stolních margarínových specialit Sana a Axa k úpravě chutných jemných a při tom levných různých pokrmů,1920,30
,Nová kuchařka,1920,32
"Seidlová, Anastasie B.",Kuchařka Jitřenky,1921,220
,Kuchařská kniha,1921,511
"Donský, A.",Vegetarianská kuchyně,1921,244
"Holubová, M.",Kuchařka České dívky,1921,80
"Kejřová, Anuše",Úsporná kuchařka,1921,208
"Kolátorová, Lydia",Bramborová kuchyně,1921,48
"Orlová, Marie",Praktická česká kuchařka a hospodyňka,1921,240
"Rettigová, Magdalena Dobromila",Praktická kuchařka,1921,1
"Rettigová, Magdalena Dobromila",Praktická kuchařka,1921,374
,Velká illustrovaná kuchařka,1921,732
,Kuchařské recepty v nichž se používá delikatesního margarinu Vitello,1921,32
,Praktická kuchařka pro českou domácnost,1922,459
"Ha'nish, Otoman Zar-Adusht",Mazdaznanská dietetika a kuchařka,1922,232
"Hapalová, Katuše",Kuchařka československé hospodyně,1922,231
"Kejřová, Anuše",Minutové večeře,1922,46
"Barthová, Ludmila",První česká vegetářská kuchařka,1922,192
"Jírová, Květoslava",Česká kuchyně,1922,148
"Minařík, František Kliment",Večeře Páně,1922,384
,O polévkách,1922,69
"Rettigová, Magdalena Dobromila",Magdaleny Dobromily Rettigové Domácí kuchařka,1922,471
"Rozmarová, Olga Růžena",Česká kuchyně,1922,357
"Posnerová, Iška",Cukrářská příručka pro domácnost,1922,100
"Seidlová, Anastasie B.",Kuchařka Jitřenky,1923,674
"Ha'nish, Otoman Zar-Adusht",Mazdaznanská dietetika a kuchařka,1923,238
"Kejřová, Anuše",Dělnická kuchařka,1923,147
"Hák, Jaroslav",Ovoce a jeho zpracování v domácnostech,1923,76
"Jermářová, Marie",Česká kuchařka,1923,286
,Praktické pokyny a recepty pro cukráře,1923,341
"Voborská, Helena",Pravá česká kuchařka,1923,127
,Dra Oetkera předpisy pro hospodyni,1923,68
,Dr Oetker - Rezepte für die Hausfrauen,1923,63
"Seidlová, Anastasie B.",Kuchařka Lady,1924,191
"Seidlová, Anastasie B.",Úprava pokrmů pro nemocné kornatěním cév a různé rady zdravotní,1924,76
"Kejřová, Anuše",Úsporná kuchařka,1924,295
,Nakládání zavařování a používání všeho ovoce i zeleniny,1924,424
"Heranová, Sláva",Poklad české hospodyně,1924,150
"Triwaldová, Gabriela",Česká národní kuchařka,1924,193
"Voborská, Helena",Pravá česká kuchařka,1924,141
"Dřevíkovský, František",O předkrmech,1924,90
"Pospíšilová, Františka",Konservování ovoce a zeleniny,1924,40
"Vlasáková, Julie",Hodinové obědy,1924,99
"Podubická, Jarmila",Bezmasý jídelní lístek,1924,31
"Kejřová, Anuše",Minutové večeře,1924,46
"Rettigová, Magdalena Dobromila",Praktická kuchařka,1924,249
"Dřevíkovský, František",Český kuchař,1924,177
"Seidlová, Anastasie B.",Kuchařka Jitřenky,1925,380
"Seidlová, Anastasie B.",Úsporná kuchařka,1925,138
"Štechová, Marie",Kuchařka,1925,482
"Štěpánek, Franta",Superheterodyn Radieta,1925,14
"Tichá, Božena",Nakládání a zavařování ovoce,1925,38
"Rettigová, Magdalena Dobromila",MD Rettigové Velká kuchařka,1925,1057
"Fechtnerová, Joza",Sbírka osvědčených domácích kuchařských receptů,1925,114
"Kejřová, Anuše",Zdravotní polovegetariánská kuchařka,1925,173
"Štechová, Marie",Kuchařka Marie Štechové,1925,482
"Bareš, Josef B.",Konservování pokrmů v pokrmových zásobnicích,1925,22
"Bareš, Josef B.",Konservování pokrmů v pokrmových zásobnicích,1925,28
"Hafner, M.",Vaření v přírodě,1925,70
"Jesenská, Milena",Mileniny recepty,1925,107
"Posnerová, Iška",Moučníky po domácku,1925,96
"Cmunt, Edvard",Dietní předpisy s návodem k domácím léčbám pitným prameny luhačovickými,1925,1
"Planíčková, Vojtěška",Magdalena Dobromila Rettigová,1925,15
,Kniha kuchařských předpisů,1925,773
"Kejřová, Anuše",Kniha vzorné domácnosti,1925,144
,Šotkova mezinárodní kuchařka,1926,236
"Hoferová, Božena",Nauka o vaření s rozpočty a kuchařskými předpisy,1926,331
"Manda, František",Zpracování ovoce a zeleniny v domácnosti,1926,66
"Kettner, Jan",Moučníkářka,1926,277
"Janků-Sandtnerová, Marie",Příručka pro vaření a nauku o potravinách pro občanské školy dívčí,1926,115
"Hapalová, Katuše",Kuchařka československé hospodyně,1926,236
"Orlová, Marie",Praktická kuchařka pro jednoduchou i zámožnou domácnost,1926,128
"Sirový, Václav",Příručka lékárnických specialit,1926,124
"Soukup, Václav",Praktická příručka při nakládání a zužitkování zeleniny,1926,290
"Souček, Stanislav",Kniha receptů od Jana staršího Kopřivy z let 1640-1641,1926,25
"Honzík, Martin",Sbírka receptů veterinární mediciny,1926,271
,Zlatá kniha Grand Hotelu Šroubek v Praze,1926,208
"Benešová, Milada",Nakládání zavařování a používání všeho ovoce i zeleniny,1926,432
"Kejřová, Anuše",Úsporná kuchařka,1926,316
"Špaček, Stanislav",Americká úsporná kuchyně a zásady ekonomického řízení domácnosti,1927,30
"Štěpničková, Jarmila",Návody k zavařování ovoce zelenin masa a ryb v patentních zavařovacích sklenicích Inwald,1927,137
"Vrkočová, Božena",Dietní karlovarská kuchařka,1927,60
"Janků-Sandtnerová, Marie",Francouzská kuchyně,1927,90
"Kettner, Jan",Hygienická a dietní kuchyně,1927,116
,Kuchařka pro panenky,1927,39
"Zíbrt, Čeněk",Staročeské umění kuchařské,1927,660
"Kofránková, Anna",Kuchařské předpisy pro žákyně kuchařských škol i pro domácnost,1927,232
"Brillat-Savarin, Jean Anthelme",Fysiologie chuti,1927,261
"Kejřová, Anuše",Cukrovinky na vánoční stromek hostiny k jmeninám a jiným příležitostem,1927,62
"Voborská, Helena",Pravá česká kuchařka,1927,235
"Komárková, Marie Magdal.",Domácí úsporná kuchyně,1927,188
"Neff, Elisabeth",Rychlé vaření bez kuchyně,1928,70
"Seidlová, Anastasie B.",Kuchařka Lady,1928,191
,Odkolkovy recepty,1928,16
"Jírová, Květoslava",Rodinná kuchařka,1928,172
"Janků-Sandtnerová, Marie",Kniha rozpočtů a kuchařských předpisů všem hospodyním k bezpečné přípravě dobrých chutných i levných pokrmů,1928,412
"Jarník, Karel J.",Uzenář,1928,142
"Váchal, Josef",Čarodějnická kuchyně,1928,1
"Kejřová, Anuše",Úsporná kuchařka,1928,331
,Suďte až okusíte,1928,217
"Höschlová-Přímá, Vilma",První česká přírodovědecká kuchařka dietetická,1928,542
,25 let Československého svazu kuchařů v Praze,1928,225
,Zavařování ovoce zeleniny masa,1929,16
"Šmattová, Anna",Nová reformní kuchařka,1929,229
"Tropschuh, H.",Kuchařská knížka jednoduché občanské kuchyně,1929,144
"Vavřinová, Josefa",Praktická a úsporná kuchařka,1929,45
"Seidlová, Anastasie B.",Malá domácnost československé hospodyňky,1929,327
"Benešová, Milada",Nakládání zavařování a používání všeho ovoce i zeleniny,1929,407
"Brillat-Savarin, Jean Anthelme",Fysiologie chuti,1929,260
"Kadlec, Václav",Polévkové koření v Kuchařském umění a výživě lidu,1929,4
,Pečivo,1929,17
"Hapalová, Katuše",Kuchařka českoslov hospodyně,1930,254
"Pospíšilová, A.",Lidová kuchařka,1930,165
"Pospíšilová, A.",Zavařování ovoce a zeleniny,1930,88
,Předpisy pokrmů pro kursy výživy a vaření pořádané Čsl Červeným Křížem,1930,63
"Úlehlová-Tilschová, Marie",Moderní kuchařka,1930,138
"Voborská, Helena",Pravá česká kuchařka,1930,253
"Vrkočová, Božena",Dietní karlovarská kuchařka,1930,160
"Dolská, Vlasta",Nová kuchařka,1930,292
,Poděbradka jako voda stolní léčivá a dietní,1930,1
"Ševcová, Staša",Pražská kuchařka,1930,320
"Černá, Růžena",Kuchařská abeceda,1930,440
"Boučková, Marja",Večeře pro celý rok,1930,137
,Ryby a jejich úprava,1930,42
,Zátkova kuchařka,1930,136
,170 předpisů pokrmů pro kursy správné výživy,1930,64
,Více zeleniny a brambor do kuchyně,1930,44
"Suchánek, Jaroslav",Jak vařiti v přírodě,1930,93
"Kofránková, Anna",Kuchařské předpisy s použitím přípravků Kaja,1930,16
"Dolská, Vlasta",Nová kuchařka,1930,292
,Dra Oetkera prášek do zavařenin k zavařování ovoce a zeleniny,1930,32
"Píša, Alois",Moderní poznatky z oboru výroby masových konserv se zvláštním zřetelem k podmínkám stanoveným pro dodávku vojenských konserv u nás =,1931,228
"Wenig, Frank",Pohádky z naší kuchyně,1931,40
"Sirový, Václav",Příručka lékárnických specialit,1931,431
"Hostáň, Jan",V potoce svět uzřela u kuchařky umřela,1931,27
,Seznam léčivých specialit povolených ministerstvem veřejného zdravotnictví a tělesné výchovy ku všeobecnému prodeji,1931,98
"Vrabec, Vilém",Studená kuchyně,1931,120
,Novodobá kuchyně,1931,2
"Danielka, František",Vzorné řeznictví a uzenářství,1931,132
,Moderní kuchařka a vzorná hospodyně,1931,96
"Seidlová, Anastasie B.",Úsporná kuchařka,1932,389
"Vondráček, Vladimír",Otázka lékárnických specialit u nás,1932,27
"Benešová, Milada",Nakládání zavařování a používání všeho ovoce i zeleniny--,1932,304
,Dagmar nejvýhodnější přístroje s příslušenstvím k zavařování a konservování,1932,29
"Janků-Sandtnerová, Marie",Kniha rozpočtů a kuchařských předpisů všem hospodyním k bezpečné přípravě dobrých chutných i levných pokrmů,1932,463
,Nakládání ovoce a plodů,1932,17
"Reimann, Josef",Odborné cukrářské recepty a spisy od Josefa Reimanna,1932,279
"Stará, M.",Divadelní salát,1932,2
"Šmahelová, R.",Domácí pečivo jemné moučníky cukrovinky a dorty,1932,102
,Umění vařiti - tajemství dobré kuchyně,1932,15
"Štolovský, Ctibor",Jídelní lístek,1932,1
"Hostáň, Jan",V potoce svět uzřela u kuchařky umřela,1933,27
,Seznam léčivých specialit československé výroby,1933,144
,Stovka předpisů na polévky omáčky příkrmy z mléka másla smetany sýrů,1933,30
"Suchánek, Jaroslav",Kuchařské předpisy k levnému účelnému a zdraví prospěšnému upravení pokrmů,1933,260
"Janků-Sandtnerová, Marie",Kniha rozpočtů a kuchařských předpisů všem hospodyním k bezpečné přípravě dobrých chutných i levných pokrmů,1933,449
"Carton, Paul",Dietetika a jednoduchá kuchyně,1933,352
"Boučková, Marja",Vejce a zelenina na náš stůl,1933,48
"Boučková, Marja",Zimní a vánoční kuchyně,1933,48
,200 předpisů pokrmů pro kursy správné výživy pořádané Čs Červeným křížem,1933,72
"Janků-Sandtnerová, Marie",Moučníky a zavařeniny,1933,57
"Jermářová, Bohumila",Malá vzorná kuchařka,1933,173
"Kejřová, Anuše",Česká vegetariánská kuchařka Anuše Kejřové,1933,155
"Kovářová, O.",Dietní kuchyně bez kvasnic octa koření a uměl tuků pro nemocné žaludkem žlučníkem krevním tlakem a pod,1933,77
"Mládek, Arnošt",Dieta u chorob cirkulačního aparátu,1933,10
"Janků-Sandtnerová, Marie",Kniha rozpočtů a kuchařských předpisů všem hospodyním k bezpečné přípravě dobrých chutných i levných pokrmů,1933,449
"Smeykalová, Milada",Zavařování a nakládání ovoce,1933,39
"Jirková, Bettyna",Ryby a jejich úprava v kuchyni,1933,48
,Zavařeniny jamy a rosoly,1933,16
"Fričová, A.",Mariaž západu s východem,1933,29
"Steinblink, Leon Theodor Jan",Ovocné a bylinné likéry,1933,33
"Steinblink, Leon Theodor Jan",Ovocná vína stolní desertní likérová šumivá a jejich výroba v maloživnosti i v domácnosti,1933,64
"Teplá, Marie",Moučníky a sladkosti,1934,365
"Janků-Sandtnerová, Marie",Zeleniny a saláty,1934,85
"Kejřová, Anuše",Úsporná kuchařka,1934,349
"Hlouška, Josef",V době ztíženého vývozu hus - propagujme jejich uzení,1934,14
"Janků-Sandtnerová, Marie",Kniha rozpočtů a kuchařských předpisů všem hospodyním k bezpečné přípravě dobrých chutných i levných pokrmů,1934,449
"Janků-Sandtnerová, Marie",Kniha rozpočtů a kuchařských předpisů všem hospodyním k bezpečné přípravě dobrých chutných i levných pokrmů,1934,449
,Otázky učňovské pro odborné učitele zkušební komisaře a učně živnosti hostinské,1934,88
,Elektrická kuchyně,1934,75
"Kejř, Vilém Emil",Česká kuchařka,1934,128
,Elektrická kuchyně,1934,75
Ali-Bab,Labužnická kuchyně =,1935,811
"Baudyš, Eduard",Plíseň lociková čili salátová,1935,1
"Brož, Josef",Seznam léčivých specialit ministerstvem zdravotnictví ku všeobecnému prodeji povolených,1935,115
"Jabulka, J. V.",Lyrika z uzenářské kuchyně,1935,23
"Jírová, Květoslava",Rodinná kuchařka,1935,206
"Kejřová, Anuše",Česká vegetariánská kuchařka Anuše Kejřové,1935,154
"Kejřová, Anuše",České moučníky Anuše Kejřové,1935,213
"Kejřová, Anuše",Praktické a úsporné zavařování ovoce zeleniny příprava ovocných šťáv rosolů likérů vína atd,1935,95
"Koukl, Josef",Jak postupovat při nakládání píce bílkovinou bohaté,1935,5
,Farská kuchařka,1935,1
"Kunčík, Bedřich",Ilustrované cukrářské recepty,1935,144
,Osvědčené předpisy na levné a dobré moučníky,1935,8
,Příprava pokrmů,1935,31
,Příprava pokrmů,1935,30
,Příprava pokrmů,1935,32
"Sameš, Čeněk",Z historie vaření piva v Třebíči,1935,63
"Špilarová, Matilda",Domácí kuchařka,1935,115
"Viskup, Pavel",Lékař kuchařem,1935,116
"Vrabec, Vilém",Moučníky,1935,150
"Vrabec, Vilém",Studená kuchyně,1935,148
,Co jest to lehká dietní strava při nemocech,1935,16
,Dietetická kuchyně,1935,32
"Macháčková, Libuše",Kuchařské praktikum,1935,201
,Prospekt odb kursů Moučníků a Studené kuchyně,1935,1
,Seznam léčivých specialit povolených ministerstvem veřejného zdravotnictví a tělesné výchovy ke všeobecnému prodeji,1935,132
"Koblic, Josef",Chléb a pečivo pro diabetiky,1935,33
"Koblic, Josef",Žitná káva a žitné konservy,1935,21
"Dřevíkovský, František",Kuchařský rádce pro kuchyně soukromé restaurační a školy hospodyňské,1935,468
"Podzimková-Rieglová, Marie",Jídelní lístky dnešní doby,1935,16
"Langer, Ladislav",Znamenitý salát od podzimu do jara z čekanky,1935,30
"Úlehlová-Tilschová, Marie",Jak a čím se živit,1935,2
,Dobové předpisy na pečení na přípravu krémů a zmrzliny na zavařování ovoce a na rychlou přípravu marmelád a ovocných rosolů,1936,16
"Beneš, Mojmír A.",Návod jak připraviti mládež k hodnému přijetí svátosti Večeře Páně,1936,16
"Černá, Růžena",Kuchařské předpisy k přípravě nejrůznějších chutných výživných a i levných jídel pečiva zelenin salátů zavařenin a nápojů,1936,215
"Janišová, Božena",Vyzkoušené recepty medového pečiva,1936,23
"Jung, Jindřich",Jak se naučím vařit chutné zdravé a levné pokrmy,1936,89
"Koukl, Josef",Jak postupovati při nakládání píce bílkovinou bohaté,1936,11
,Haasova kuchařka,1936,32
,Elektrická kuchyně,1936,82
,Prospekt odb kursů Studené kuchyně a Moučníků,1936,1
"Vrabec, Vilém",Teplá kuchyně,1936,194
,Kuchař labužník,1936,2
,Kuchařská a hospodyňská kniha správné výživy a hospodaření v dnešní době,1936,46
"Boučková, Marie",Moučníky a pochoutky z ovoce,1936,47
"Schneider, Josef",Věda v kuchyni,1937,166
"Janků-Sandtnerová, Marie",Kniha rozpočtů a kuchařských předpisů všem hospodyním k bezpečné přípravě dobrých chutných a levných pokrmů,1937,609
"Janků-Sandtnerová, Marie",Kniha rozpočtů a kuchařských předpisů všem hospodyním,1937,609
"Jelínková, Marie",Učebnice vaření pro vyšší třídy škol obecných a pro školy měšťanské,1937,184
,Kuchyně,1937,12
,Nová dietní kuchyně pro diabetiky D-Sojasan Dieta v městě a v Karlových Varech,1937,15
"Nyč, František",Sbírka receptů desertních bonbonů a popis práce při máčení na síťkách,1937,15
,Peka prášek do pečiva na 50 dkg mouky vyrábí Merkur továrna na čokoládu cukrovinky a pečivo as v Č Budějovicích,1937,17
"Polášek Topol, Štěpán",Recepty na duševní pokrmy pro mládež,1937,20
"Pomiane, Édouard de",Veselé umění kuchařské,1937,306
"Pomiane, Édouard de",Veselé umění kuchařské,1937,306
"Pomiane, Édouard de",Veselé umění kuchařské,1937,306
"Preisová-Vávrová, Marie",Vaříme na jaře,1937,158
"Preisová-Vávrová, Marie",Vaříme v létě,1937,304
"Preisová-Vávrová, Marie",Vaříme v zimě,1937,604
,Recepty pro cukráře,1937,15
"Rusev, Atanas",Bulharské kuchyňské speciality,1937,23
"Soukup, Václav",Bezmasá a rybí kuchyně,1937,291
"Svobodová, Božena",[Návodné vyučování vaření I],1937,140
"Vacková, Jiřina",Pokyny pro kuchyňskou úpravu dietních pokrmů,1937,27
"Vrabec, Vilém",Moučníky a nápoje,1937,168
,Československá lékárnická sazba léčivých specialit pro strany soukromé i úlev požívající,1937,799
"Sedláčková, Ot.",Medo-ovocné zavařeniny,1937,48
,Doplněk k seznamu léčivých specialit povolených ministerstvem veřejného zdravotnictví a tělesné výchovy ke všeobecnému prodeji,1937,2
"Kejř, Vilém Emil",Praktické a zdravé večeře Anuše Kejřové,1937,203
,Elektrická kuchyně,1937,84
"Charvátová, V.",Jak vaříme zavařujeme hospodaříme a pěstujeme zdraví a půvab v létě,1938,28
"Kejřová, Anuše",Úsporná kuchařka s rozpočty,1938,371
"Mašínová, Božena",Saláty a příslušné marinády,1938,16
"Preisová-Vávrová, Marie",Vaříme nemocným a dětem,1938,103
,Vyzkoušené recepty na omáčky,1938,1
"Rozmarová, Olga Růžena",Česká kuchyně,1938,321
,1 dodatek k sazbě léčivých specialit 1937,1938,182
,2 dodatek k sazbě léčivých specialit 1937,1938,95
,Seznam léčivých specialit povolených ministerstvem veřejného zdravotnictví a tělesné výchovy ku všeobecnému prodeji,1938,184
"Svoboda, František",Příspěvek k otázce vlivu polévkové úpravy jadrných krmiv na dojnost složení mléka a živou váhu krav,1938,16
"Smeykalová, Milada",Zavařování a nakládání ovoce,1938,40
"Drahorádová-Lvová, Sína",Saláty,1938,64
"Viskup, Pavel",Lékař vaří dětem,1938,32
"Života, Jaroslav",250 vyzkoušených kuchařských předpisů,1938,64
"Vrabec, Vilém",Nové recepty kuchařského umění,1938,95
,Elektrická kuchyně,1938,85
"Bláhová, Marie",Příručka vaření pro mladé hospodyňky,1939,206
"Bouda, Ferdinand",Večeře proti vleklé zácpě a pro klidný spánek,1939,6
"Haškovcová, Marie",Dobrá česká kuchyně,1939,479
,I seznam českých lékárnických specialit vyráběných firmami Bergauer Jiří,1939,296
"Snížková-Vochozková, Marie",Úsporná rybí kuchyně pro domácnost a restaurace,1939,149
"Suchá, Gabriela",Vaření jedna radost,1939,847
"Úlehlová-Tilschová, Marie",Ryby a jich úprava,1939,31
,Vaříme,1939,97
"Vrabec, Vilém",Teplá kuchyně,1939,203
"Podlešáková, Blanka",Vaříme elektricky,1939,66
"Drahorádová-Lvová, Sína",Brambory jako samostatný pokrm předkrm příkrm kaše moučníky dorty cukroví a nejrozmanitější pochoutky (315 předpisů) a zelenina všeho druhu v nejrozmanitější úpravě dle osvědčených předpisů naší i cizí kuchyně pro jednoduchý i slavnostní stůl (na 700 předpisů),1939,320
"Smotlacha, František",Houby v kuchyni,1939,32
,Ilustrované kuchařské předpisy pro naše hospodyňky od Dr A Oetkera,1939,54
,Zavařujeme sušíme,1939,7
"Benešová, Milada",Salátová kuchyně,1939,166
"Podlešáková, Blanka",Vaříme elektricky,1939,66
"Němec, Václav",Vaříme v přírodě,1939,40
"Benešová, Milada",Nakládání zavařování a používání všeho ovoce i zeleniny--,1940,303
"Hlouška, Josef",O uzení husího masa,1940,8
"Hlavsa, Bohumil",Úsporné vyzkoušené recepty z nových a náhradních surovin pro cukráře a výrobce cukrovinek,1940,166
"Hons, Vilém",Listy z české kuchařky,1940,4
"Bareš, O.",Slabikář levného vaření,1940,93
"Hons, Vilém",Listy z české kuchařky,1940,1
"Hons, Vilém",Listy z české kuchařky,1940,2
"Hons, Vilém",Listy z české kuchařky,1940,2
"Hons, Vilém",Listy z české kuchařky,1940,2
"Hons, Vilém",Listy z české kuchařky,1940,2
"Hons, Vilém",Listy z české kuchařky,1940,4
"Hons, Vilém",Listy z české kuchařky,1940,2
"Hons, Vilém",Listy z české kuchařky,1940,2
"Hons, Vilém",Listy z české kuchařky,1940,2
"Hons, Vilém",Listy z české kuchařky,1940,4
"Hons, Vilém",Listy z české kuchařky,1940,2
"Hons, Vilém",Listy z české kuchařky,1940,2
"Horská, Anka",Sušení a zavařování ovoce a zeleniny,1940,52
"Janků-Sandtnerová, Marie",Francouzská kuchyně pro zpestření jídelního lístku českých hospodyněk,1940,126
"Jirsík, Josef",Léčivé rostliny a recepty na některé toaletní rostlinné přípravky nápoje a prostředky,1940,89
"Kuklová, Anna",1000 kuchařských pokynů a receptů jež na pokladě dlouholetého praktického působení pro úspornou kuchyni podává Anna Kuklová,1940,122
"Mládek, Arnošt",Dieta proti otokům,1940,19
"Němec, Václav",Vaříme v přírodě,1940,40
,Vaření,1940,40
"Viskup, Pavel",Národní jídla,1940,47
"Vrabec, Vilém",Studená kuchyně,1940,148
,Výstava hub a jejich zužitkování v naší kuchyni,1940,7
,Zavařujeme,1940,2
,Předpisy k přípravě různých pokrmů hodících se co hlavní jídlo dále zelenin ryb salátů dortů krémů a moučníků,1940,14
"Marek, Josef",Příprava vína v domácnosti,1940,64
"Mládek, Bedřich",Úsporné vaření elektřinou v české kuchyni,1941,32
"Bejčková, Marie",Dieta neslaná zejména při chorobách ledvinových a srdečních,1941,72
"Hlavsa, Bohumil",Úsporné vyzkoušené recepty pro cukráře a výrobce cukrovinek,1941,208
"Hons, Vilém",Listy z české kuchařky,1941,2
"Hons, Vilém",Listy z české kuchařky,1941,2
"Janků-Sandtnerová, Marie",Kniha rozpočtů a kuchařských předpisů,1941,609
"Janků-Sandtnerová, Marie",Kniha rozpočtů a kuchařských předpisů,1941,609
,Úsporná kuchařka Květa Vám radí,1941,61
,Perla moučníků je hodnotnou náhradou za vejce a mléko do každého těsta,1941,1
"Podlešáková, Blanka",Vaříme elektricky,1941,96
,Důležité pokyny k žádosti za úpravu cen pokrmů,1941,31
,Důležité pokyny pro hostinského k žádosti za úpravu cen pokrmů,1941,19
,Nejnovější předpisy na přípravu chutných a výživných pokrmů,1941,1
,Nová lékárnická sazba oficinelních i neoficinelních léčiv nádob a recepturních prací 1941,1941,42
"Divišová, Lea",Jak dnes vaříme,1941,15
"Hons, Vilém",Listy z české kuchařky,1941,1
"Jírová, Květoslava",Rodinná kuchařka,1941,206
"Kejřová, Anuše",Úsporná kuchařka s rozpočty,1941,408
"Konůpková-Dadáková, Marie",Kuchařka české hospodyně,1941,309
"Vaňha, Jindřich",Rybí kuchyně,1941,666
"Vrabec, Vilém",Moučníky a cukroví,1941,160
"Wierer, Vendelín",Dietní předpisy,1941,63
"Jirsík, Josef",Léčivé rostliny a recepty na některé toaletní rostlinné přípravky nápoje a prostředky,1941,89
"Preisová-Vávrová, Marie",Vaříme po celý rok,1942,604
"Divišová, Lea",Jak dnes vaříme,1942,32
"Dvořák, Jaroslav",Bramborová kuchyně,1942,130
"Mazánková, Alena",Odborná němčina pro kuchaře a kuchařky,1942,39
"Preisová-Vávrová, Marie",Jak dnes vaříme,1942,195
"Smeykalová, Milada",Zavařování a nakládání ovoce,1942,42
"Soukup, Václav",Zelinářská kuchyně,1942,250
"Šimek, Jiří",Vaříme z přídělu,1942,31
"Šimek, Jiří",Vaříme z přídělu,1942,31
"Syllaba, Jiří",Diabetická kuchařka dnešní doby,1942,100
"Vrabec, Vilém",Studená kuchyně,1942,153
"Vrabec, Vilém",Teplá kuchyně,1942,245
"Hons, Vilém",Listy z české kuchařky,1942,6
,Správné pečení chleba,1942,55
"Vrabec, Vilém",Teplá kuchyně,1943,245
"Horská, Anka",Sušení a zavařování ovoce a zeleniny,1943,56
"Hostáň, Jan",V potoce svět uzřela u kuchařky umřela,1943,28
"Kejřová, Anuše",Zlatá úsporná kuchařka s rozpočty =,1943,415
"Kofránková, Anna",Zavařování ovoce a zeleniny a výroba ovocných vín šťáv a marmelád =,1943,27
,Situační přehled lékárnických specialit Dr Sedláře lékárna U anděla strážce ve Zlíně,1943,10
,Příručka pro posluchače přeškolovacích a usměrňovacích kursů pořádaných pro kuchaře a kuchařky závodních kuchyní =,1943,47
"Schneiderová, Marie",Vařte s námi úsporně ale výživně a chutně,1943,165
"Soukup, Václav",Zelinářská kuchyně,1943,250
,Vaříme snadno a chutně,1944,47
"Heráčková, Irena",Kuchyně králikářů,1944,37
"Jirsík, Josef",Léčivé rostliny a recepty na některé toaletní rostlinné přípravky nápoje a prostředky,1944,89
"Kejřová, Anuše",Zlatá úsporná kuchařka s rozpočty,1944,415
"Konůpková-Dadáková, Marie",Časové pokyny pro úsporné vaření,1944,45
,Příručka pro posluchače přeškolovacích a usměrňovacích kursů pořádaných pro kuchaře a kuchařky závodních kuchyní,1944,55
"Marek, Josef",Příprava vína v domácnosti,1944,64
"Tanatar, S.",Ruská kuchyně,1945,38
"Čepková, Frída",Vaříme v pohádkách,1945,62
"Konůpková-Dadáková, Marie",Časové pokyny pro úsporné vaření,1945,45
"Kulhánek, Karel",Sbírka předpisů pro výživu kojenců a batolátek (zdravých i nemocných),1945,88
"Smeykalová, Milada",Zavařování a nakládání ovoce,1945,59
"Úlehlová-Tilschová, Marie",Česká strava lidová,1945,631
,Kuchařské předpisy s použitím prášku do pečiva Kveta,1945,28
"Marek, Josef",Příprava vína v domácnosti,1945,64
,Vaříme zdravě a rychle,1946,58
,Vaříme zdravě a rychle,1946,58
"Benešová, Milada",Nakládání zavařování a používání všeho ovoce i zeleniny--,1946,311
"Podlešáková, Blanka",Vaříme elektricky,1946,96
"Hynková, Míla",Americké recepty na zákusky,1946,32
,Zkrácený ceník specialit pro taxátory,1946,32
"Konůpková-Dadáková, Marie",Kuchařka československé hospodyně,1946,310
"Hostáň, Jan",V potoce svět uzřela u kuchařky umřela,1946,28
"Jirsík, Josef",Léčivé rostliny a recepty na některé toaletní rostlinné přípravky nápoje a prostředky,1946,87
"Ťukal, Václav Havlík",Objednávání železničních vozů a nakládání dříví,1946,32
"Konůpková-Dadáková, Marie",Kuchařka československé hospodyně,1946,310
,100 vyzkoušených receptů do poválečné kuchyně našim ženám,1946,45
"Vrabec, Vilém",Studená kuchyně,1946,153
"Šťastná, Blažena",Tajemství malochovatelské kuchyně,1946,151
"Bejčková, Marie",Dietní vaření pro pracující,1946,91
"Hlavsa, Bohumil",Československé cukrářství,1946,4
"Kejřová, Anuše",Zlatá kuchařka s rozpočty A Kejřové,1946,415
,Pečivo 1947,1947,7
"Jelínková, Marie",Učebnice vaření pro dívčí školy druhého stupně,1947,188
"Jelínková, Marie",Příloha k Učebnici vaření pro dívčí školy druhého stupně od Marie Jelínkové,1947,55
"Adamic, Louis",Večeře v Bílém domě,1947,84
"Trejbal, Jaromír",Nová kuchyně,1947,213
"Kulhánek, Karel",Sbírka předpisů pro výživu kojenců a batolátek (zdravých i nemocných),1947,102
"Rozmarová, Olga Růžena",Vzorná kuchařka,1947,351
"Bouček, Zdeněk",Žlučníková dieta,1947,15
"Kejřová, Anuše",Zlatá kuchařka s rozpočty,1947,543
"Vrabec, Vilém",Moučníky a cukroví,1947,226
"Páčová, V.",Obědy,1947,11
,Vaříme chutně i z mála,1947,39
,Úsporná kuchařka Kveta Vám radí,1947,74
"Rettigová, Magdalena Dobromila",Praktická kuchařka,1947,327
"Divišová, Lea",Vaříme z hub,1947,62
"Janků-Sandtnerová, Marie",Moučníky a zavařeniny,1947,70
,Beko novodobý přístroj k zavařování a konservování jeho popis a praktické využití v domácnosti,1947,16
,Indikační seznam léčivých specialit,1947,37
"Klein, Karel",Přednosti a vady české kuchyně,1947,3
,Pravidla o vybírání obecní dávky ze zmrzliny ve městě,1947,2
,Bramborová jídla,1947,4
,Výživa nejmenších dětí,1947,104
"Drahorádová-Lvová, Sína",Zeleninu na všechny způsoby,1947,247
"Kejřová, Anuše",Zlatá kuchařka s rozpočty,1947,543
"Kejřová, Anuše",Zlatá kuchařka s rozpočty,1947,543
"Košková, Hana",Stolečku prostři se,1947,508
"Jelínková, Marie",Učebnice vaření pro dívčí školy druhého stupně,1948,188
"Jelínková, Marie",Příloha k učebnici vaření pro dívčí školy druhého stupně od Marie Jelínkové,1948,55
"Kolářová, Věra",Jednoduchá domácí kuchyně,1948,59
,Slovník jídel a nápojů v jazyku českém ruském francouzském anglickém německém vinný lístek úprava novodobých nápojů,1948,77
"Soukup, Václav",Zelinářská kuchyně,1948,280
"Konůpková-Dadáková, Marie",Kuchařka československé hospodyně,1948,324
"Rozmarová, Olga Růžena",Vzorná kuchařka,1948,338
"Fialová, Juliana Anna",Dobře a rychle vaříme i po práci,1948,91
"Havelková, Marie",Zavařování masa v domácnosti,1948,12
"Bouček, Zdeněk",Žlučníková dieta,1948,15
"Bareš, Josef",Konservování pokrmů v pokrmových zásobnících Reform,1948,147
"Kynčlová, Marie",Nejzdravější kuchyně,1948,109
"Svoboda, Miloš",Moderní kuchyně,1948,16
"Podlešáková, Blanka",Vaříme elektricky,1948,98
"Tajovský, Václav",Venkovská kuchyně,1948,59
"Mathesius, Vilém Jiří",Mléčná kuchyně a hygiena kojenecké výživy,1948,5
,Dobré rady s červeným rohem,1948,7
"Páčová, V.",Obědy,1948,11
"Šroubek, Karel",Speciální pokrmy z masa hovězího,1948,4
"Kejřová, Anuše",Zlatá kuchařka s rozpočty,1948,543
"Páčová, V.",Levné pečivo,1949,11
"Jelínková, Marie",Učebnice vaření pro školy střední,1949,180
,Výživa a příprava pokrmů,1949,36
"Gjuričová, Jiřina",Dietní vaření,1949,203
"Janků-Sandtnerová, Marie",Lahůdková kuchyně,1949,180
"Jelínková, Marie",Příloha k učebnici vaření pro školy střední od Marie Jelínkové,1949,55
,Ceník lihových specialit 1949,1949,7
,Dobré rady s červeným rohem,1949,6
"Šimek, Břetislav Gustav",O vlivu tlaku na výtěžky pečení uhlí,1949,3
"Müler, Jiří",Diety u různých chorob,1949,7
,Zařízení pro velké kuchyně,1949,20
"Koblic, Josef",Brambory,1949,15
,Návrh směrnic dietního vaření pro ústavy a nemocnice,1950,184
,Výživa a vaření,1950,231
"Janků-Sandtnerová, Marie",Kniha rozpočtů a kuchařských předpisů,1950,609
"Vrabec, Vilém",Teplá kuchyně,1950,237
"Gjuričová, Jiřina",Dietní vaření,1950,205
,Vitana vaří za vás,1950,42
,Nové předpisy na zavařování marmelád rosolů jamů kompotů šťav atd,1950,31
,Automobilová doprava nakládání a vykládání,1951,51
"Břízová, Joza",Vaříme chutně a hospodárně,1951,23
"Podlešáková, Blanka",Vaříme elektricky,1951,108
"Fialová, Juliana Anna",Dobře a rychle vaříme i po práci,1951,96
"Hons, Vilém",Výživa a vaření,1951,231
,Pravda o plýtvání moukou chlebem a pečivem v plzeňském kraji,1951,16
,Norma jakosti,1951,6
,Co k večeři,1952,39
"Anninskij, B. A.",Nakládání a vykládání v hutních provozech,1952,166
,Směrnice pro vypracování statistických výkazů ve školství na rok 1952 pro školy mateřské národní střední zvláštní školy pro mládež vyžadující zvláštní péče dětské útulky dětské domovy ústavy pro duševně a smyslově vadnou mládež družiny mládeže a školní kuchyně školy v přírodě,1952,40
"Klimentová, Maryna",Vaříme zdravě chutně a hospodárně,1952,492
"Isajev, Pinchus Lazarevič",Dieta při vředovém onemocnění žaludku a dvanácterníku,1952,26
"Klimentová, Maryna",Vaříme zdravě chutně a hospodárně,1953,492
"Břízová, Joza",Vaříme podle jídelníčku,1953,37
,Vaříme podle norem,1953,319
"Kiseleva, Vera Borisovna",Vaříme pro malé děti,1953,150
"Kratochvíl, František",Úvod do problematiky výchovy receptivní hudebnosti,1953,38
"Úlehlová-Tilschová, Marie",Vaříme účelně pro zdravé a nemocné,1953,462
"Lebduška, Jaroslav",Veterinární farmakologie receptura a toxikologie léčiv,1953,248
,Soja její hodnota a použití ve výživě,1954,26
"Kuhn, Eduard",Dieta při vředové chorobě,1954,33
"Isajev, Pinchus Lazarevič",Dieta při střevních chorobách,1954,29
"Břízová, Joza",Vaříme dětem od 1-12 let,1954,140
"Doberský, Přemysl",Dieta při žaludečním kataru,1954,16
"Kiseleva, Vera Borisovna",Vaříme pro malé děti,1954,151
"Doberský, Přemysl",Dietní jídelny,1954,190
"Kojecký, Zdeněk",Dieta při nemocech žlučníku,1954,23
"Fialová, Juliana Anna",Vaříme zdravě chutně a hospodárně,1954,598
"Doberský, Přemysl",Dieta při infekční žloutence,1954,15
"Kalašnikov, Viktor Petrovič",Rukověť receptury,1954,243
"Gusev, P. A.",Připravujeme pokrmy výborné jakosti,1954,32
"Hnátek, Jaroslav",Dietní léčba dětí,1954,99
"Jarešová, Jiřina",Dětské pokrmy ve společném stravování,1954,105
"Břízová, Joza",K rychlému vaření využíváme výrobků potravinářského průmyslu,1954,36
"Doberský, Přemysl",Dieta po operaci žaludku,1954,38
,Vaříme těstoviny,1954,16
,Kuchařství,1954,54
,Elektrické spotřebiče na vaření a topení pro domácnost a podobné účely,1954,80
"Doberský, Přemysl",Nový dietní systém pro nemocnice,1955,314
"Doberský, Přemysl",Dieta po operaci [v tir] resekci žaludku,1955,38
"Král, Ludvík",Polévkové přípravky,1955,163
"Doberský, Přemysl",Dieta při snížené kyselosti žaludeční šťávy,1955,30
"Fialová, Juliana Anna",Dobře a rychle vaříme i po práci,1955,102
"Kuhn, Eduard",Dieta při vředové chorobě,1955,33
"Doberský, Přemysl",Dieta při infekční žloutence,1955,15
"Úlehlová-Tilschová, Marie",Vaříme účelně pro zdravé i nemocné,1955,501
"Kojecký, Zdeněk",Dieta při nemocech žlučníku,1955,23
"Doberský, Přemysl",Dieta při zánětu ledvin,1955,35
"Páv, Jaroslav",Dieta při cukrovce,1955,51
"Fialová, Juliana Anna",Vaříme zdravě chutně a hospodárně,1955,598
"Úlehlová-Tilschová, Marie",Pestrou stravou ke zdraví neboli desatero rad o výživě,1955,33
,Minutky a předpisy z dobré kuchyně,1956,35
,Dieta při otylosti,1956,45
"Polnerová, Marie",Dieta při nemocech močových cest,1956,23
"Skořepová, Hana",Dieta při hypertensní nemoci,1956,34
"Skořepová, Hana",Dieta při nemocech žlučníku,1956,29
"Vavříková, Jiřina",Dieta při kornatění tepen,1956,28
"Horáčková, Jitka",Dieta při chronické zácpě,1956,23
"Lenfeld, Jiří",Obecná farmakologie a úvod do receptury,1956,98
"Břízová, Joza",Vaříme dětem od 1-12 let,1956,159
"Janíček, Gustav",Technologie přípravy pokrmů,1956,137
"Klimentová, Maryna",Co máme vědět o přípravě pokrmů,1956,360
"Úlehlová-Tilschová, Marie",Vaříme účelně pro zdravé i nemocné,1956,507
"Kubát, Kamil",Výživa batolat v jeslích,1956,161
"Kuhn, Eduard",Dieta při vředové chorobě,1956,31
"Zeman, Gejza",Dieta při srdečních chorobách,1956,39
"Hořejší, Jaroslav",Dieta při infekční žloutence,1956,23
"Rapoport, Abram Lazar'jevič",Technologie cukrovinkářské výroby,1956,400
"Kozlík, Vladimír",Obecná receptura a praktická cvičení pro mediky,1956,71
"Fialová, Juliana Anna",Vaříme po práci rychle a dobře,1956,112
"Vavroušek, Josef",Příprava jídel a nápojů ze sušených a zahuštěných mléčných a vaječných výrobků,1956,132
"Vrabec, Vilém",Studená kuchyně,1956,403
,Dieta při tuberkulose,1956,31
"Adamec, Čeněk",Osnovy kursu správné výživy a účelného vaření (pro lidové kursy domů osvěty a osvětových besed),1957,18
"Klimentová, Maryna",Co máme vědět o přípravě pokrmů,1957,380
"Vrabec, Vilém",Studená kuchyně,1957,319
"Lebduška, Jaroslav",Veterinární farmakologie receptura a toxikologie léčiv,1957,256
"Janíček, Gustav",Technologie přípravy pokrmů,1957,105
"Bitter, Jaroslav",Dietní předpisy pro nemocné při chorobách jater a po infekční žloutence,1957,7
"Kostelňák, Miroslav",Metoda správného organisování a provádění práce při nakládání a vykládání rudy bagrem,1957,16
"Hrubá, Marie",Naše kuchařka,1957,631
"Fialová, Juliana Anna",Vaříme po práci rychle a dobře,1957,118
"Havelková, Marie",Konservace potravin v domácnosti,1957,110
"Karásek, Josef",Kuchařská speciální technologie,1957,169
"Klimentová, Maryna",Vaříme zdravě chutně a hospodárně,1957,613
"Úlehlová-Tilschová, Marie",Rok v české kuchyni,1957,313
"Kuhn, Jiří",Vaříme pro nemocné chorobami žaludečními,1957,134
"Kněz, Václav",Sýry a příprava sýrových jídel,1957,130
"Páv, Jaroslav",Dieta při cukrovce,1957,51
"Zeman, Gejza",Dieta při srdečních chorobách,1957,39
"Lebduška, Jaroslav",Veterinární farmakologie receptura a toxikologie léčiv,1957,216
"Úlehlová-Tilschová, Marie",Vaříme účelně pro zdravé i nemocné,1957,446
"Poltavec, Stanislav",Slavnostní večeře,1957,2
"Sodoma, Viktor",Jam,1957,1
"Pekárek, Karel",Výstava umění kuchařských,1957,1
,Naučte se míchat nápoje,1957,1
,A co od nás k Vánocům,1957,1
,Jamy a marmelády,1957,1
,Receptář pro přípravu pokrmů grilováním v plynových sporácích Mora,1958,18
,Normy studené kuchyně,1958,357
"Kuhn, Jiří",Vaříme pro nemocné s chorobami žaludečními,1958,136
"Kojecký, Zdeněk",Dieta při nemocech žlučníku,1958,27
"Prokop, Jan",Cocktaily a jejich příprava,1958,100
"Břízová, Joza",Vaříme dětem,1958,166
"Gjuričová, Jiřina",Dietní vaření,1958,255
"Čarková, Marie",Dieta při otylosti,1958,47
"Doberský, Přemysl",Dieta po operaci žaludku,1958,46
"Vavříková, Jiřina",Dieta při kornatění tepen,1958,27
"Skořepová, Hana",Dieta při hypertensní nemoci,1958,36
"Kuhn, Eduard",Dieta při vředové chorobě,1958,31
"Lenfeld, Jiří",Obecná farmakologie a úvod do receptury,1958,138
"Hrubá, Marie",Naše kuchařka,1958,608
"Fialová, Juliana Anna",Moderní kuchařka pro ženu i muže,1958,305
,Vaříme zdravě chutně a hospodárně,1958,613
,Dieta při tuberkulose,1958,31
,Dieta při zánětu ledvin,1958,35
"Šmoková, Božena",Moučníky pro každou příležitost,1958,30
"Doberský, Přemysl",Dieta při snížené kyselosti žaludeční šťávy,1958,30
"Doberský, Přemysl",Dieta při žaludečním kataru,1958,23
"Páv, Jaroslav",Dieta při cukrovce,1958,47
"Zeman, Gejza",Dieta při srdečních chorobách,1958,37
"Hlávka, Jiří",Z rybí kuchyně,1958,31
,Radíme našim hospodyňkám,1958,24
"Hořejší, Jaroslav",Dieta při infekční žloutence,1958,23
,Katalog pekařských výrobků,1958,5
"Čulík, Ferdinand",100% ovocná buchta,1958,1
"Šedivý, Ivo",Každého osvěží naše zmrzlina,1958,1
"Šedivý, Ivan",Chutná večeře,1958,1
"Novotný, Jan Blahoslav",Na svátky dort z polárky,1958,1
"Šedivý, Ivan",Lahůdky patří k Vánocům,1958,1
,Salát musí být,1958,1
"Šedivý, Ivan",Mně horko nebude,1958,1
,Mějte stále doma trvanlivé pečivo,1958,1
,Vánoční kuchařská výstava 1958,1958,1
,Dieta při zánětu ledvin,1959,37
,Dieta při jaterních chorobách,1959,43
"Teplý, Miloš",Mléčné speciality,1959,179
"Podlešáková, Blanka",Elektrická kuchyně,1959,259
"Kojecký, Zdeněk",Dieta při nemocech žlučníku,1959,29
"Kuhn, Eduard",Dieta při vředové chorobě,1959,31
,Směrnice pro nakládání nábytku ve vozových zásilkách,1959,16
"Břízová, Joza",Vaříme za maminku,1959,32
"Hrubá, Marie",Naše kuchařka,1959,630
"Fialová, Juliana Anna",Vaříme po práci rychle a dobře,1959,118
"Lebduška, Jaroslav",Veterinární farmakologie receptura a toxikologie léčiv,1959,256
"Úlehlová-Tilschová, Marie",Rok v české kuchyni,1959,338
"Lebduška, Jaroslav",Veterinární farmakologie receptura a toxikologie léčiv,1959,216
"Krondl, Antonín",Dieta při chronické zácpě,1959,23
"Krondl, Antonín",Dieta při tuberkulose,1959,31
,Předpisy sýrových a tvarohových jídel,1959,31
"Urbanová, Marie",Více sýrů na náš stůl,1959,30
"Doberský, Přemysl",Dieta při nemocech močových cest,1959,1
"Nestával, Antonín",Zvěřina do naší kuchyně,1959,32
"Kyjovská, Božena",Příručky o dietním stravování,1959,15
"Bohúňová, Helena",Vaříme elektricky,1959,149
"Břízová, Joza",Vaříme zdravě chutně a hospodárně,1960,614
"Straková, Anna",Zeleninové saláty,1960,32
"Polnerová, Marie",Základy dietní technologie,1960,181
"Sajner, Josef",Úvod do obecné farmakologie a návod ku psaní receptů,1960,104
"Lenfeld, Jiří",Obecná farmakologie a úvod do receptury,1960,138
"Vrabec, Vilém",Studená kuchyně,1960,327
"Sottner, Lubomír",Vaříme v přírodě,1960,303
"Kašparová, Eva",Vaříme na výletě a v chatě,1960,32
"Skořepová, Hana",Dieta při hypertensní nemoci (vysokém krevním tlaku),1960,39
"Vavříková, Jiřina",Dieta při kornatění tepen,1960,25
"Stropnický, Jiří",Technologie pro III ročník odborných učilišť a učňovských škol,1960,205
"Šonka, Jiří",Dieta při otylosti,1960,60
"Vnouček, Josef",Technologie,1960,119
"Břízová, Joza",Vaříme za maminku,1960,99
"Novák, Erich",Normy teplých jídel,1960,395
"Šmoková, Božena",Moučníky pro každou příležitost,1960,30
"Teplý, Miloš",Mléčné speciality,1960,205
"Doberský, Přemysl",Dieta po operaci žaludku,1960,47
"Doberský, Přemysl",Dieta při žaludečním kataru a zvýšené kyselosti žaludeční šťávy,1960,30
,Učební plán a osnovy odborných předmětů pro odborná učiliště učňovské školy učňovská střediska a pracoviště učňů v podnicích,1960,1
,Houby v naší kuchyni,1960,47
,Plynová absorpčná chladnička typ 399-B,1960,1
,Zeleninová mísa,1960,157
,Receptář Pragomixu,1960,34
,Recepty bulharských zeleninových jídel a salátů,1960,15
,Sójová kuchařka,1961,53
"Adamec, Čeněk",Kurs správné výživy a účelného vaření,1961,50
"Sedláčková, Hana",Zdravé snídaně a přesnídávky,1961,31
"Hořejší, Jaroslav",Dieta při infekční žloutence,1961,23
"Krondl, Antonín",Dieta při chorobách střevních,1961,43
"Krondl, Antonín",Dieta při chronické zácpě,1961,22
"Hnátek, Jaroslav",Dietní léčba dětí,1961,101
"Petrova, Girgana Ivanova",Výběr z bulharské kuchyně,1961,30
"Kojecký, Zdeněk",Dieta při nemocech žlučníku,1961,29
,Dietní jídla a jejich normy,1961,707
"Opatovický, Florian",Muži vaří,1961,32
"Květina, Jaroslav",Základy farmacie a úvod do receptury,1961,126
"Reiman, Bertold Harry",Ani kapka alkoholu,1961,146
"Vrabec, Vilém",Teplá kuchyně,1961,339
"Pechek, Richard",Technologie pro 1 ročník odborných učilišť a učňovských škol,1961,189
,Finanční normy spotřeby potravin na výrobky obsažené v 1 dodatku norem studené kuchyně z r 1961,1961,7
,Normy studené kuchyně,1961,224
"Plavcová, Růžena",Praktický výcvik pro 2 ročník středních škol společného stravování,1961,196
"Sedláčková, Hana",Technologie pokrmů a nápojů pro 2 ročník středních škol pro společné stravování,1961,146
,Vaříme zdravě chutně a hospodárně,1961,624
,Předpisy pro kursy vaření,1962,33
,Pěstujme a jezme zeleninu - potravu pochoutku lék,1962,267
"Křivohlavý, Vlastislav",Mechanizace nakládání a skládání cukrovky,1962,24
,Sýry v naší kuchyni,1962,39
"Hořejší, Jaroslav",Dieta při infekční žloutence,1962,23
"Fialová, Juliana Anna",Vaříme po práci rychle a dobře,1962,118
"Doberský, Přemysl",Zásady dietního stravování,1962,81
"Kojecký, Zdeněk",Dieta při nemocech žlučníku,1962,31
"Pulec, Miloš Josef",Houby v kuchyni,1962,32
"Hnátek, Jaroslav",Dietní léčba dětí,1962,101
"Teplý, Miloš",Mléčné speciality,1962,246
"Pechek, Richard",Technologie pro 2 ročník odborných učilišť a učňovských škol,1962,268
"Novák, Erich",Finanční normy spotřeby potravin pro normy dietních jídel a průměrné maloobchodní ceny surovin,1962,106
"Šonka, Jiří",Dieta při otylosti,1962,64
"Sedláčková, Hana",Technologie výroby pro 3 ročník středních škol pro společné stravování,1962,55
"Zahelová, Leopolda",Organická chemie pro 2 ročník zdravotních laborantů a dietních sester,1962,184
"Sedláčková, Hana",Technologie pokrmů a nápojů pro 2 ročník středních škol společného stravování,1962,149
"Köcher, Zdeněk",Praktická cvičení z farmakologie a obecná receptura,1962,88
"Bodláková, Jitka",Dneska vařím já,1962,243
,Jednotné technologické postupy,1962,360
,Učební plán a osnovy odborných předmětů pro odborná učiliště učňovské školy učňovská střediska a pracoviště učňů v podnicích,1962,39
,Učební plán a osnovy odborných předmětů pro odborná učiliště učňovské školy učňovská střediska a pracoviště učňů v podnicích,1962,54
,Salnatrex,1962,1
,Sójová kuchařka,1963,65
"Lonská, Hana",Dieta při hypertenzní nemoci (vysokém krevním tlaku),1963,38
"Páv, Jaroslav",Dieta při cukrovce,1963,48
"Sajner, Josef",Úvod do obecné farmakologie a návod ku psaní receptu,1963,113
"Sobek, Vojtěch",Učebnice receptury pro mediky,1963,123
"Zedníková, Irma",Z předpisů venkovské kuchyně,1963,43
"Břízová, Joza",Vaříme dětem,1963,172
"Břízová, Joza",Vaříme z polotovarů a konzerv,1963,31
"Wanglerová, Anna",Biochemie pro střední školy společného stravování a střední zdravotnické školy obor dietních sester,1963,173
"Jelínek, Václav",Bez receptu,1963,125
"Vavříková, Jiřina",Dieta při kornatění tepen,1963,29
"Hořejší, Jaroslav",Dieta při infekční žloutence,1963,31
"Krondl, Antonín",Dieta při tuberkulóze,1963,38
,Dieta při zánětu ledvin,1963,37
,Dieta při jaterních chorobách,1963,55
,Co školákovi k večeři,1963,1
,Receptář,1963,31
,Technické a ekonomické informace,1963,1
,Vaří šéfkuchař,1963,16
,Pečení chleba,1963,6
"Protiva, Miloš",Receptury krmivových směsí a bílkovinných koncentrátů,1964,58
"Horová, Eva",Rodinné večeře,1964,31
"Pavlík, Miloslav",Rady a recepty pro dílny,1964,181
"Opatovický, František",Muži vaří,1964,32
"Lobanov, Dmitrij Ivanovič",Obecná technologie přípravy pokrmů,1964,162
"Krchová, Božena",Vaříme bez zbytečné práce,1964,31
,Nakládání do železničních vozů,1964,122
,Praktikum z receptury,1964,195
,Za vyšší úroveň technologie přípravy pokrmů,1964,177
"Břízová, Joza",Vaříme za maminku,1964,32
,Velká kniha receptů Pragomixu,1964,106
,Vaříme zdravě chutně a hospodárně,1964,261
"Nestával, Antonín",Soubor zmrzlinových pohárů a krémů,1964,31
"Sedláčková, Hana",Zdravé snídaně a přesnídávky,1965,31
"Straková, Anna",Zeleninové saláty,1965,32
"Speváková, Mária",Maďarská kuchyně,1965,31
"Crha, Ivan",Pozdravy cizích kuchyní,1965,30
"Kulhánek, Karel",Správné nakládání zboží do železničních nákladních vozů,1965,314
"Fialová, Juliana Anna",Moderní kuchařka pro ženu i muže,1965,280
"Slabochová, Zdeňka",Redukční dieta,1965,61
"Klimentová, Maryna",Zeleninová mísa,1965,160
"Fialová, Juliana Anna",Rychlé pokrmy,1965,229
"Kašpar, Jiří",Zprůmyslnění výroby pokrmů,1965,84
"Hrubá, Marie",Kuchařka naší vesnice,1965,739
"Köcher, Zdeněk",Praktická cvičení z farmakologie a obecná receptura,1965,55
"Břízová, Joza",Vaříme vtipně,1965,240
"Vrabec, Vilém",Teplá kuchyně,1965,574
"Kašparová, Eva",Vaříme na výletě a v chatě,1965,31
"Balaštík, Jaroslav",Konzervování potravin v domácnostech,1965,303
"Bodláková, Jitka",Dneska vařím já,1966,286
"Sís, Vladimír",Počítání nudliček v jarní polévce,1966,116
"Pohunková, Hana",Ryba v kuchyni,1966,202
,Praktikum z receptury,1966,195
"Hrdlička, Jiří",Technologie pokrmů pro 1 ročník středních škol společného stravování,1966,147
"Gjuričová, Jiřina",Technologie vaření a dietního vaření,1966,340
"Kojecký, Zdeněk",Dieta při nemocech žlučníku,1966,32
"Zeman, Gejza",Dieta při srdečních chorobách,1966,38
"Sedláčková, Hana",Technologie pokrmů pro 2 ročník středních škol společného stravování a pro střední hotelové školy,1966,160
"Šimůnek, Jan",Veterinární receptura a receptář,1966,111
,Vaříme a topíme propan-butanem,1966,194
,Velká kniha receptů Pragomixu,1966,106
,Vaříme zdravě chutně a hospodárně,1966,261
,ABCD pro Vánoce 1966,1966,23
"Sedláčková, Hana",Lehké večeře,1967,32
"Sís, Vladimír",Počítání nudliček v jarní polévce,1967,116
"Klíma, Michael Dobromil",Čínská kuchyně,1967,166
,Rok s vitamíny 1968,1967,108
"Nestával, Antonín",Speciality české moravské a slovenské kuchyně,1967,54
"Hrubá, Marie",Kuchařka naší vesnice,1967,739
"Hrdlička, Jiří",Technologie pokrmů pro I ročník středních škol společného stravování,1967,147
"Břízová, Joza",Vaříme vtipně,1967,240
"Hořejší, Jaroslav",Dieta při infekční žloutence,1967,39
"Syrový, František",Jídla ruské bulharské a maďarské kuchyně,1967,60
"Šimůnek, Jan",Veterinární receptura a receptář,1967,111
"Polnerová, Marie",Technologie pokrmů pro 3 ročník středních škol společného stravování,1967,182
"Fialová, Juliana Anna",Mezinárodní kuchařka,1967,247
"Břízová, Joza",Vaříme dětem,1967,201
"Kuhn, Eduard",Dieta při vředové chorobě,1967,40
,Velká kniha receptů Pragomixu,1967,109
,Učební dokumenty pro učební obory,1967,1
,Učební dokumenty pro učební obory,1967,1
,15 svazových republik 15 národních kuchyní a jejich speciality,1967,94
,Pestrý jídelníček,1967,1
"Fialová, Juliana Anna",Remoska a její užití,1967,72
"Koreček, Ladislav",Československá kuchyně,1968,267
"Klíma, Michael Dobromil",Italská kuchyně,1968,197
"Horová, Eva",Rodinné večeře,1968,31
"Šafářová, Eva",200 druhů pomazánek,1968,32
"Škvor, Zdeněk",Balkánská kuchyně,1968,32
"Gurecký, Antonín",Cukrářské speciality,1968,158
"Břízová, Joza",Vaření,1968,124
"Klimentová, Maryna",Vaření,1968,125
"Hajková, Mária",Pokrmy připravené na grilu a v tlakovém hrnci,1968,32
"Vrabec, Vilém",Moderní studená kuchyně,1968,251
"Houžvička, Alois",Receptury jídel pro závodní stravování,1968,621
"Doberský, Přemysl",Dietní systém pro nemocnice,1968,732
"Ryšánková, Helena",Kuchařky,1968,43
"Páv, Jaroslav",Dieta při cukrovce,1968,48
,Myslivecká kuchařka,1968,307
"Vrabec, Vilém",Velká kuchařka,1968,638
"Sedláčková, Hana",Technologie pokrmů pro 2 ročník středních škol společného stravování a pro střední hotelové školy,1968,183
"Břízová, Joza",Vaříme vtipně,1968,240
"Šonka, Jiří",Dieta při otylosti,1968,77
"Syrový, František",Co uvařit labužníkům,1968,66
"Kobylák, Antonín",Teplé předkrmy a moučníky,1968,107
"Philip, Elmar",Vaříme pečeme ze sýrů,1968,85
"Hanzlíček, Miroslav",Jihočeská kuchařka,1968,128
"Eybl, Vladislav",Obecná receptura a lékové formy,1968,55
"Štambera, Jaroslav",Pěstování hlávkového salátu v průběhu celého roku,1968,21
"Fialová, Juliana Anna",Ovocné dezerty,1968,16
"Sedláčková, Hana",Chutné večeře,1968,16
,Dietní kuchařka pro zaměstnanou ženu,1968,367
,Dietní léčba diabetu,1968,290
"Hodač, Ervín",ABCD moderní hospodyně,1968,111
"Mándy, Iván",Ďáblova kuchyně,1969,204
"Nestával, Antonín",Speciality české moravské a slovenské kuchyně,1969,54
"Fialová, Juliana Anna",Česká kuchařka,1969,319
"Roubíček, Jindřich",Indická kuchyně,1969,184
"Smotlacha, Miroslav",Houby,1969,47
"Šejbalová, Jiřina",Vaříme na chatě,1969,111
"Plocek, Miloš",Recepty včera dnes a zítra,1969,95
"Hrubá, Marie",Kuchařka naší vesnice,1969,731
"Příhoda, Pavel",300 polévek,1969,31
"Veselý, Zdeněk",Těstoviny a maso pro všední den i svátek,1969,78
"Smotlacha, Miroslav",Houby v přírodě a v kuchyni,1969,261
"Fialová, Juliana Anna",Rychlé pokrmy,1969,321
"Gurecký, Antonín",Cukrářské speciality,1969,158
"Šimůnek, Jan",Základy veterinární receptury,1969,78
"Opatovický, Florian",Okénko do cizí kuchyně,1969,30
"Sedláčková, Hana",Anglická kuchyně,1969,31
"Kojecký, Zdeněk",Dieta při nemocech žlučníku,1969,34
"Davidová, Olga",Pečeme na vánoce,1969,63
"Vrabec, Vilém",Velká kuchařka,1969,638
"Klimentová, Maryna",Vaření,1969,123
"Polnerová, Marie",Technologie pokrmů pro 3 ročník středních škol společného stravování,1969,182
"Šafářová, Eva",200 druhů pomazánek,1969,32
"Stropnický, Jiří",Technologie pro 2 ročník odborných učilišť a učňovských škol učební obor kuchař kuchařka,1969,204
"Pulec, Miloš Josef",Houby v kuchyni,1969,32
"Houžvička, Alois",Drůbeží speciality,1969,124
"Slabochová, Zdeňka",Dieta redukční,1969,55
"Roubíček, Jindřich",Skandinávská kuchyně,1969,143
"Sedláčková, Hana",Vaříme ve volném čase,1969,47
"Janeček, Zbyněk",Jakasčeho - skautská táborová kuchařka,1969,49
,Grilovaná jídla,1969,27
,Receptury mléčných nápojů a jídel,1969,177
,Elektrické spotřebiče k vaření a topení pro domácnost a podobné účely,1969,86
"Ježek, Bohuslav",Recepty pro houbaře labužníky,1969,47
"Doberský, Přemysl",Abychom netloustli,1970,313
"Matuška, P.",O nápojích od A do Z,1970,181
"Bartušek, Josef",Jihočeská kuchyně,1970,31
"Štorková, Hana",Vaříme na teflonové pánvi a v alobalu,1970,32
"Doberský, Přemysl",Dieta při nemocech močových cest,1970,44
"Doberský, Přemysl",Dieta při snížené kyselosti žaludeční šťávy,1970,47
"Hodač, Ervín",Staročeská kuchyně,1970,235
"Davidová, Olga",Vánoční pečivo,1970,31
"Hajková, Mária",Nová kuchařka,1970,373
"Hodač, Ervín",70 grilovaných jídel,1970,94
"Vrabec, Vilém",Velká kuchařka,1970,638
"Elstner, František Alexander",Zálesácká kuchyně,1970,213
"Břízová, Joza",Nová domácí kuchařka,1970,262
"Havel, František",Buchty koláče moučníky,1970,3
"Klimentová, Maryna",Lahůdky studené kuchyně,1970,63
"Vrabec, Vilém",Český kapr v teplé a studené kuchyni,1970,45
"Štěpánková, Soňa",70 domácích polévek,1970,85
"Páv, Jaroslav",Dieta při cukrovce,1970,48
"Pohunková, Hana",70 rybích jídel,1970,91
"Davidová, Olga",Domácí moučníky,1970,63
"Havel, František",Buchty koláče moučníky,1970,36
"Koreček, Ladislav",Československá kuchyně,1970,267
"Havelková, Marie",Zavařujeme,1970,31
"Žemličková, Gabriela",Lidová kuchyně,1970,9
"Hrubá, Marie",Kuchařka naší vesnice,1970,731
"Houžvička, Alois",Receptury teplých jídel,1970,461
"Nestával, Antonín",Speciality české moravské a slovenské kuchyně,1970,54
"Sedláčková, Hana",Technologie pokrmů pro 2 ročník středních škol společného stravování a pro střední hotelové školy,1970,199
"Kašparová, Eva",Letní večeře,1970,31
"Kafka, František",Večeře s vrahem,1970,157
"Herfort, Karel",Dieta pankreatická,1970,29
,Recepty rybího filé FRIONOR,1970,22
"Böhmová, Jaroslava",Moučníky a dezerty,1970,31
"Šimůnek, Jan",Základy veterinární receptury,1970,78
,Učební dokumenty pro učební obory,1970,1
"Hošková, Miloslava",Recepty černé kuchyně,1970,6
,Receptury s technologickými postupy,1971,676
"Straková, Anna",Co si uvaříme na velikonoce,1971,31
"Houžvička, Alois",Drůbeží speciality,1971,125
"Dašek, František",Gastronomický cestopis a recepty světové kuchyně pro kuchaře labužníky i turisty a jiné světoběžníky,1971,393
"Gurecký, Antonín",Cukrářské speciality,1971,158
"Stropnický, Jiří",Technologie pro 2 ročník odborných učilišť a učňovských škol učební obor kuchař kuchařka,1971,203
"Vnouček, Josef",Technologie pro 1 ročník odborných učilišť a učňovských škol učební obor kuchař kuchařka,1971,178
"Houžvička, Alois",Receptury mléčných nápojů a jídel,1971,177
"Pavlík, Miloslav",Recepty a rady pro dílny,1971,189
"Houžvička, Alois",Receptury studených jídel,1971,533
"Žák, Bronislav",Medicína bez receptu,1971,227
,Kuchařka ze sešitů domácího hospodaření,1971,219
"Davidová, Olga",Vánoční pečivo,1971,30
"Morávková, Miluše",Zimní večeře,1971,31
"Eybl, Vladislav",Obecná receptura a lékové formy,1971,74
"Zeman, Oldřich",Moučníky a cukroví,1971,133
"Smotlacha, Miroslav",Houby v přírodě a v kuchyni,1971,261
"Lenfeld, Jiří",Praktikum z receptury,1971,210
"Zapletal, Petar",Z muzikantské kuchyně aneb Jak si vaří kumštýři,1971,168
"Žemličková, Gabriela",Vaříme s Vitanou,1971,9
"Vnouček, Josef",Technologie přípravy pokrmů pro 3 ročník odborných učilišť a učňovských škol,1971,175
"Nestával, Antonín",Speciality české moravské a slovenské kuchyně,1971,54
"Linhart, Milan",Ruská kuchyně,1972,131
"Příhoda, Antonín",Houbařův rok,1972,393
"Bauer, Bohuslav",Receptury doplňků biofaktorů premixů a minerálních krmných doplňků vyráběných ve VHJ-SPOFA v roce 1972-1973,1972,86
"Štorová, Bohuslava",Vaříme pro dva,1972,30
"Vlachová, Libuše",Zelenina v kuchyni celého světa,1972,396
,Receptury teplých jídel,1972,461
"Sedláčková, Hana",Co z mléka a z mléčných výrobků,1972,32
"Klimentová, Maryna",Nová domácí kuchařka,1972,302
"Sedláčková, Hana",Domácí jídelníčky,1972,186
"Houžvička, Alois",Receptury jídel pro závodní stravování,1972,621
"Břízová, Joza",U stolu s paní MD Rettigovou,1972,243
"Skoupil, Jan",Technologie trvanlivého pečiva,1972,328
"Břízová, Joza",Nová domácí kuchařka,1972,279
"Břízová, Joza",Nová domácí kuchařka,1972,273
,Vydatné pokrmy,1972,32
"Martinicová, Jana",Francouzská kuchyně,1972,319
"Kojecký, Zdeněk",Dieta při nemocech žlučníku,1972,34
"Suchardová, Eva",Chlazené a zmrazené pokrmy ve stravovacích zařízeních,1972,28
"Moravec, Radim",Vaříme v přírodě,1972,247
"Böhmová, Jaroslava",Drůbež a zvěřina,1972,31
,Učební dokumenty pro učební obory,1972,57
"Žák, Bronislav",Medicína bez receptu,1972,233
"Kubálková, Hana",Strava vesnického lidu na středním Polabí,1972,45
"Žáček, Zdeněk",Vůně koření,1973,224
"Kašparová, Eva",Vaříme v autokempingu,1973,31
,Moderní mléčná kuchařka,1973,471
"Horký, Jaroslav",Dieta při chorobách jaterních,1973,48
"Šráčková, Danuše",Mléčná kuchyně,1973,26
"Lamačová, Věra",Pražská rodinná kuchařka,1973,236
"Stropnický, Jiří",Technologie pro 3 ročník odborných učilišť a učňovských škol,1973,275
"Havelková, Marie",Chutné pokrmy z brambor,1973,32
"Pelech, Ondrej",Domácí zabíjačka,1973,185
"Davidová, Olga",Vánoční pečivo,1973,31
"Tikal, Kamil",Úvod do receptury,1973,234
"Simonides, Jan",Recepty na útulný byt,1974,143
"Martinicová, Jana",Francouzská kuchyně,1974,319
"Vlachová, Libuše",Zelenina v kuchyni celého světa,1974,398
"Fialová, Juliana Anna",Kuchyně chovatele a zahrádkáře,1974,189
"Haľková, Jaroslava",Rozpracovaná osnova a metodické pokyny pro odborný výcvik učňů v oboru kuchař-kuchařka,1974,65
"Potácel, Jan",Otázky výroby ve veřejném stravování-současné tendence výživy,1974,47
"Doberský, Přemysl",Dieta po operaci žaludku,1974,55
"Doberský, Přemysl",Dieta při žaludečním kataru a zvýšené kyselosti žaludeční šťávy,1974,32
"Mařatka, Zdeněk",Dieta při zácpě a plynatosti,1974,30
"Páv, Jaroslav",Dieta při cukrovce a jejích komplikacích,1974,103
"Slabochová, Zdeňka",Dieta redukční,1974,59
"Válek, Jiří",Dieta proti ateroskleróze,1974,52
"Sarje, Irma",Grilujeme a udíme,1974,31
"Sedláčková, Hana",Rodinné večeře,1974,184
"Vlachová, Libuše",Receptury teplých a míšených nápojů,1974,206
"Syrový, František",Receptury teplých pokrmů,1974,657
,Receptury mléčných nápojů a pokrmů,1974,178
,Vaříme zdravě chutně a hospodárně,1974,260
,Dietní poživatiny,1974,204
,Podmínky mezinárodní přehlídky odbornosti oborů kuchař - cukrář - číšník,1974,55
"Ferjentsik, Koloman",Moderní kuchyně,1974,53
"Kuhn, Eduard",Dieta při vředové chorobě,1975,43
"Rodovský z Hustiřan, Bavor",Kuchařství to jest Knížka o rozličných krmích kterak se užitečně s chutí strojiti mají jakožto zvěřina ptáci ryby a jiné mnohé krmě,1975,193
"Šafářová, Eva",Vaříme celý rok,1975,30
"Karvánková, Jana",Čokoláda cukrovinky trvanlivé pečivo,1975,100
"Luskačová, Eva",Rychlé večeře,1975,31
"Hadašová, Eva",Úvod do obecné a speciální receptury pro praktická cvičení z farmakologie,1975,124
"Fialová, Juliana Anna",Česká kuchařka,1975,337
"Macháč, Milan",Stolničení pro odborná učiliště a učňovské školy učební obor kuchař kuchařka,1975,159
"Simonides, Jan",Kuchyňské koření jako koníček,1975,31
"Hořejší, Jaroslav",Dieta po infekční žloutence,1975,39
"Skála, Ivo",Dieta při chronickém selhání ledvin,1975,133
"Břízová, Joza",Nová domácí kuchařka,1975,273
"Havelková, Marie",Ovoce a zelenina ve skle,1975,173
"Lánská, Dagmar",Koření pro každé vaření,1975,254
"Vaništová, Olga",Nové směry v technologii centralizované výroby pokrmů,1975,52
"Fialová, Juliana Anna",Mezinárodní kuchařka,1975,252
,Vaříme zdravě chutně a hospodárně,1975,260
,Vzorové receptury jídel pro závodní stravování,1975,638
"Fejfar, Zdeněk",Dieta při hypertenzi,1976,45
"Štěpánková, Soňa",100 a 1 domácích polévek,1976,72
"Kojecký, Zdeněk",Dieta při nemocech žlučníku,1976,34
"Smotlacha, Miroslav",Houby v přírodě a v kuchyni,1976,261
"Davidová, Olga",Vánoční pečivo,1976,31
"Vrabec, Vilém",Velká kuchařka,1976,638
"Skála, Ivo",Dieta při chorobách střevních,1976,79
"Stropnický, Jiří",Technologie přípravy pokrmů pro 2 ročník,1976,330
"Slabochová, Zdeňka",Dieta redukční,1976,59
"Stropnický, Jiří",Technologie pro 2 ročník odborných učilišť a učňovských škol učební obor kuchař kuchařka,1976,199
"Kašparová, Eva",Předkrmy a saláty,1976,31
"Krupička, Jiří",Receptury studených pokrmů,1976,561
"Pleskotová, Petra",20000 let vaření,1976,115
"Böhmová, Jaroslava",Polotovary a konzervy nám usnadňují práci,1976,31
"Gurecký, Antonín",Cukrářské speciality,1976,158
"Srkala, Antonín",Flambování a dochucování pokrmů,1976,77
"Rejtharová, Alena",Dietní a diabetické výrobky potravinářského průmyslu,1976,38
"Straková, Marta",Dieta pro obézní děti a mladistvé,1976,72
,Život kolem valašské pece,1976,24
,Receptury dietních pokrmů,1976,963
,Prozatimní učební dokumenty učebních oborů skupiny 63,1976,92
,Prozatimní učební dokumenty učebních oborů skupiny 63,1976,100
"Fialová, Juliana Anna",Kuchyně labužníka,1977,293
"Moravec, Radim",Dietní výrobky v obchodě,1977,219
"Šonka, Jiří",Dieta při otylosti,1977,102
"Simonides, Jan",Stavba grilu a jeho použití,1977,142
"Stropnický, Jiří",Technologie pro 3 ročník odborných učilišť a učňovských škol učební obor kuchař kuchařka,1977,275
,Praktikum z receptury,1977,210
,Problematika výroby a využití zmrazených pokrmů pro společné stravování,1977,55
"Macháč, Milan",Stolničení pro odborná učiliště a učňovské školy učební obor kuchař kuchařka,1977,159
"Hrubá, Marie",Kuchařka naší vesnice,1977,749
,Racionalizace výroby pokrmů ve školním stravování,1977,148
"Vnouček, Josef",Technologie přípravy pokrmů pro 3 ročník odborných učilišť a učňovských škol,1977,175
"Řešátko, Jaroslav",Pokrmy upravené na roštu,1977,123
"Vrabec, Vilém",Z kuchyně našich přátel,1977,31
,Receptury mléčných nápojů a pokrmů,1977,221
"Lánská, Dagmar",Kuře na sto způsobů,1977,32
,Krajové speciality české moravské a slovenské kuchyně,1977,127
"Břízová, Joza",Nezapomínáte na med,1977,32
"Zeman, Oldřich",Moučníky a cukroví,1977,171
,Dietní kuchařka pro zaměstnanou ženu,1978,404
"Kocián, Jiří",Dieta při odvápnění kostí (osteoporóze a osteomalacii),1978,118
"Fialová, Juliana Anna",Česká kuchařka,1978,374
"Frolíková, Jana",100 a 1 bramborových jídel,1978,69
"Herfort, Karel",Dieta pankreatická,1978,31
"Tomaník, Miroslav",Čínská kuchyně,1978,143
,Lidové figurální pečivo,1978,36
"Karvánková, Jana",Čokoláda cukrovinky trvanlivé pečivo,1978,98
"Šafářová, Eva",Z kuchyně zahrádkářky,1978,31
"Stropnický, Jiří",Technologie pro 2 ročník odborných učilišť a učňovských škol učební obor kuchař kuchařka,1978,165
"Vnouček, Josef",Technologie pro 1 ročník odborných učilišť a učňovských škol učební obor kuchař kuchařka,1978,178
"Kojecký, Zdeněk",Dieta při nemocech žlučníku,1978,37
"Bořík, Otakar",Rukověť otolaryngologické receptury,1978,202
"Horký, Jaroslav",Dieta při chorobách jaterních,1978,48
,Vaříme zdravě chutně a hospodárně,1978,270
"Lánská, Dagmar",Čínská kuchyně 1,1978,21
"Kolaříková, Marie",Základy výživy a vaření pro mladé domácnosti,1978,51
"Fargašová, Irena",Ošetřování dietní a pohybová léčba otylých dětí,1978,16
"Rameš, Ivan",Základy dietního vaření pro diabetiky v praxi,1978,44
"Páv, Jaroslav",Jak žít a co jíst při cukrovce,1979,375
"Horký, Jaroslav",Dieta při chorobách jaterních,1979,48
"Hořejší, Jaroslav",Dieta po infekční žloutence,1979,39
"Břízová, Joza",Vaříme dětem,1979,195
"Syrový, František",Receptury teplých pokrmů,1979,663
"Hrubá, Marie",Kuchařka naší vesnice,1979,749
"Straková, Anna",100 a 1 ovocných pochoutek,1979,65
"Štěpánek, Pavel",Dieta při nemocech močových cest,1979,40
"Kojecký, Zdeněk",Dieta při nemocech žlučníku,1979,34
"Lánská, Dagmar",Koření pro každé vaření,1979,254
"Kosek, Oldřich",100 a 1 specialit z masa,1979,127
"Prošek, Zdeněk",Připravujeme zvěřinu,1979,31
"Vnouček, Josef",Technologie přípravy pokrmů pro 3 ročník odborných učilišť a učňovských škol,1979,171
"Vlachová, Libuše",Receptury teplých a míšených nápojů,1979,231
"Pecha, Ivo",Laboratorní cvičení pro odborná učiliště a učňovské školy,1979,150
"Poláková, Hana",Obaly a obalové materiály pro hotová jídla a polotovary,1979,24
,Průmyslová výroba polotovarů i hotových pokrmů a jejich využití ve společném stravování,1979,94
"Pokorný, Antonín",Kuchyně pro společné stravování,1979,175
"Dufková-Svejkovská, Milena",Vaříme moderně,1979,31
"Šafářová, Eva",Vaříme z luštěnin a obilovin,1979,31
"Stropnický, Jiří",Technologie přípravy pokrmů,1979,257
"Márová, Zdeňka",Dobrou chuť do roku 1979,1979,112
"Pelikán, Lubomír",Bezlepková dieta v léčbě celiakie,1979,32
"Verner, Ladislav",Receptury pokrmů z polotovarů REMA,1979,127
,Prozatimní učební dokumenty učebních oborů,1979,120
,Zmrazování jídel v závodním stravování v dopravě,1979,53
"Hostašová, Božena",Domácí konzervování ovoce a zeleniny,1980,273
"Čížková, Drahomíra",Grilování,1980,206
"Fialová, Juliana Anna",Mezinárodní kuchařka,1980,284
"Fialová, Juliana Anna",Kuchyně labužníka,1980,303
"Řešátko, Jaroslav",Pokrmy upravené na roštu,1980,124
,Receptury dietních pokrmů,1980,963
,Receptury studených pokrmů,1980,569
"Šafářová, Eva",100 a 1 pomazánek,1980,69
"Paulus, Josef",Ztráty při technologické přípravě pokrmů,1980,78
"Bastlová, Marie",Pokrmy v alobalu,1980,31
"Vlčková, Alena",99 specialit sovětské kuchyně,1980,159
"Hadašová, Eva",Úvod do obecné a speciální receptury pro praktická cvičení z farmakologie,1980,95
"Fischerová, Daniela",Žerty z kuchyně,1980,11
"Vrabec, Vilém",Saláty po celý rok,1980,31
,Inovace plynových a elektroplynových spotřebičů pro přípravu jídel jako součát vybavení kuchyňského nábytku,1980,129
"Márová, Zdeňka",Dobrou chuť do roku 1980,1980,1
,Prozatimní učební dokumenty učebních oborů,1980,13
"Svobodová, Jiřina",Zařízení s nižší spotřebou energie pro tepelnou přípravu jídel,1980,32
"Buryška, Jan",Pokyny pro pacienty s hyperlipoproteinemiemi,1980,27
,Záznamník chataře a chalupáře,1980,1
,Směrnice o hygienických požadavcích na výrobu skladování přepravu a podávání zmrazených a zchlazených hotových pokrmů pro společné stravování,1980,13
"Gábor, Mikuláš",Rozpracovaná učební osnova odborného výcviku pro tříletý učební obor kuchař,1980,125
"Čanda, Pavel",Vánoční pohlednice s recepty,1980,15
"Čanda, Pavel",Vánoční pohlednice s recepty,1980,15
"Čanda, Pavel",15 vánočních pohlednic,1980,15
"Čanda, Pavel",Ovocné speciality,1980,15
"Čanda, Pavel",Vánoční pohlednice s recepty,1980,15
"Čanda, Pavel",Sváteční moučníky,1980,15
"Břízová, Joza",Nová domácí kuchařka,1981,510
"Zahálka, Jaroslav",Balkánská kuchyně,1981,258
,Dietní kuchařka pro zaměstnanou ženu,1981,404
"Doberský, Přemysl",Dieta při snížené kyselosti žaludeční šťávy,1981,48
"Martinicová, Jana",Francouzská kuchyně,1981,359
"Herfort, Karel",Dieta pankreatická,1981,31
"Nodl, Ladislav",Studená kuchyně pro labužníky,1981,136
"Eybl, Vladislav",Obecná receptura a lékové formy,1981,78
"Teplý, Miloš",Moderní mléčná kuchařka,1981,359
,Vzorové receptury jídel pro závodní stravování,1981,638
"Švandrlík, Miloslav",99 národních specialit sovětské kuchyně,1981,132
"Skoupil, Jan",Zpracování mouky,1981,286
"Páv, Jaroslav",Dieta při cukrovce a jejích komplikacích,1981,108
"Vaněček, Jiří",Receptura pro mediky,1981,162
"Vlková, Marie",Moučníky,1981,31
"Vlachová, Libuše",Vaříme na víkendu,1981,322
,Rozvoj obalů a techniky balení pro hotové pokrmy a polotovary,1981,263
,Vaříme promyšleně,1981,102
"Pinková, Alice",Mraznička nám pomáhá,1981,31
"Baier, Jiří",Houby v kuchyních světa,1981,133
"Filipová, Lea",Večeře,1981,31
"Holas, Josef",Technologie přípravy pokrmů,1981,242
,Sborník materiálů ze 17 celostátní konference dietních pracovníků která se konala ve dnech 1-3 dubna 1981 v Brně,1981,139
"Sojková, Libuše",Metodické pokyny pro specifickou přípravu dívek,1981,31
"Řešátko, Jaroslav",Technologie - kuchař specialista,1981,304
"Pelikán, Lubomír",Bezlepková dieta v léčbě celiakie,1981,64
"Čumpelíková, Ludmila",Recepty lakto-vegetární mléčno-zeleninové stravy,1981,17
"Stránský, Jaroslav",Vánoční cukroví,1981,63
"Sůva, Josef",Lékové formy s recepturou pro stomatology,1982,173
"Herfort, Karel",Dieta pankreatická,1982,31
"Břízová, Joza",Pochutnejme si na polévce,1982,31
"Šráčková, Danuše",Mléčná kuchyně,1982,32
"Miltner, Vladimír",Indická kuchyně,1982,229
"Kosek, Oldřich",100 a 1 specialit z masa,1982,107
,99 sladkostí sovětské kuchyně,1982,118
"Doberský, Přemysl",Dieta při žaludečním kataru a zvýšené kyselosti žaludeční šťávy,1982,37
"Mařatka, Zdeněk",Dieta při zácpě a plynatosti,1982,30
"Kojecký, Zdeněk",Dieta při nemocech žlučníku,1982,39
,Kuchařka pro začátečníky,1982,367
"Vrabec, Vilém",Jihočeská houbařská kuchařka,1982,253
"Zahálka, Jaroslav",100 a 1 zeleninových jídel,1982,95
"Bréal, Pierre Aristide",Velká mela aneb francouzská kuchyně,1982,81
"Dufek, Oldřich",Vaříme chutně a pestře,1982,32
"Pinková, Alice",Cibule zelí a brambory pokaždé jinak,1982,31
"Sedláčková, Hana",Víkendové jídelníčky,1982,32
"Mikeš, V.",100 a 1 rybích jídel,1982,110
"Vlachová, Libuše",Receptury teplých a míšených nápojů,1982,227
"Vlachová, Libuše",Gratinované pokrmy,1982,32
"Valenta, Jaroslav",Kuchyňské potřeby,1982,70
,Dieta,1982,1020
"Peukertová, Drahomíra",Předpisy pro mou dceru,1983,32
"Pinková, Alice",Jak si udržet zdraví a mládí,1983,31
"Břízová, Joza",Vaříme dětem,1983,195
"Stropnický, Jiří",Technologie přípravy pokrmů pro 2 ročník středních hotelových škol studijní obor provoz hotelů a společného stravování,1983,257
"Balaštík, Jaroslav",Průmyslová výroba pokrmů,1983,343
"Fialová, Juliana Anna",Česká kuchyně tradiční i dnešní sváteční i všední,1983,232
"Chucesovová, Jiřina",Kuchyně kavkazských národů,1983,32
,Praktikum z receptury,1983,213
"Brhlík, Eduard",Technologie přípravy pokrmů pro 1 2 3 ročník středních odborných učilišť - studijní obor číšník servírka,1983,253
"Rakušanová, Jarmila",Ošetřování a kuchyňská úprava zvěřiny,1983,238
"Dufek, Oldřich",Pokrmy všední i sváteční,1983,252
,Dieta,1983,786
,Vaříme zdravě chutně a hospodárně,1983,366
"Fialová, Juliana Anna",Česká kuchařka,1983,447
"Linhart, Milan",Ruská kuchyně,1983,118
"Volkman, Alois",Bez receptů,1983,93
"Nouzová, Alena",Variace na kuchyně Orientu,1983,214
"Carles, Émilie",Polévka z divokých trav,1983,235
"Tomaník, Miroslav",Čínská kuchyně,1983,159
"Maruška, Pavel",Vaříme ze zeleniny,1983,227
"Doberský, Přemysl",Dieta po operaci žaludku,1983,58
,Sborník materiálů z 18 celostátní konference dietních pracovníků,1983,149
,Staročeský receptář v moderní kuchyni,1983,46
"Syrový, František",Receptury teplých pokrmů,1983,699
"Jánošovová, Martina",Slavnostní příležitosti,1983,226
"Lánská, Dagmar",Co vše z mletého masa,1983,32
,Zásady provozu a údržby velkokuchyňského zařízení,1983,156
,Sójová kuchařka,1983,61
"Kopáčková, Kristina",Jihočeská kuchyně 1,1983,42
,Pekařské výrobky,1983,125
"Hejda, Stanislav",Kuchařka pro začátečníky,1984,367
"Vrabec, Vilém",Saláty po celý rok,1984,32
"Matejka, Mikuláš",Technologie přípravy pokrmů pro 2 ročník SOU učební obor kuchař-číšník zaměření číšník,1984,132
"Syrový, František",Receptury mléčných nápojů a pokrmů,1984,223
,Výživa a stravování dětí předškolního věku,1984,832
"Brhlík, Eduard",Technologie přípravy pokrmů pro 2 ročník středních odborných učilišť učební obor kuchař-číšník zaměření kuchař a kuchař-číšník,1984,244
"Jagelek, Roman",Stolničení pro 1 ročník středních odborných učilišť učební obor kuchař-číšník kuchařka-servírka,1984,127
"Nestával, Antonín",Králík a drůbež,1984,32
"Pinková, Alice",Mraznička nám pomáhá,1984,32
"Sedláčková, Hana",Krajové pokrmy z Krkonoš a podhůří,1984,32
"Fialová, Juliana Anna",Rychlé pokrmy,1984,172
"Brhlík, Eduard",Technologie přípravy pokrmů pro 3 ročník středních odborných učilišť učební obor kuchař - číšník,1984,317
"Skála, Ivo",Dieta při chorobách střevních,1984,77
"Jakubāns, Andris",Večeře s klaunem,1984,195
"Fialová, Juliana Anna",Mezinárodní kuchařka,1984,284
"Lenfeld, Jiří",Receptorová teorie v klinické farmakologii,1984,40
"Hrubá, Marie",Kuchařka naší vesnice,1984,766
"Davidová, Olga",Vánoční pečivo,1984,32
"Kopáčková, Kristina",Japonská kuchyně,1984,32
"Peukertová, Drahomíra",100 a 1 zvěřinových jídel,1984,84
"Vlachová, Libuše",Ovocné moučníky a dezerty,1984,331
,Metodické doporučení k provádění vyhlášky č 677 Sb o ochraně jakosti povrchových a podzemních vod (část týkající se vodohospodářského zabezpečení nakládání se závadnými látkami),1984,80
"Srkala, Antonín",100 a 1 pokrmů z tlakového hrnce,1984,83
"Soukupová, Zora",Lidové pečivo z jižních Čech,1984,83
"Pohunková, Hana",Chladničky a mrazničky v domácnosti,1984,138
"Pösingerová, Marie",Italská kuchyně,1984,194
,Chutně s fantazií,1984,21
"Pinková, Alice",100 a 1 chutných salátů,1984,127
,Receptury s technologickými postupy,1984,831
,Receptury dietních pokrmů,1984,963
"Šafářová, Eva",Vejce ve studené i teplé kuchyni,1984,32
"Čanda, Pavel",Moučníky,1984,15
"Baudyš, Věnek",Guláš pokaždé jinak,1985,32
"Kott, Vladimír",Ovocné a zeleninové nápoje,1985,205
"Nestával, Antonín",100 a 1 krajových jídel,1985,89
"Vlachová, Libuše",Vaříme s moderní technikou,1985,32
,Staročeský receptář v moderní kuchyni,1985,48
"Nestával, Antonín",Bezmasé pokrmy,1985,32
"Prokopová, Libuše",Vařím vaříš vaříme,1985,104
"Břízová, Joza",Nová domácí kuchařka,1985,510
"Rameš, Ivan",Základní dietní návody pro nemocné cukrovkou,1985,47
"Břízová, Joza",Pochutnejme si na polévce,1985,32
"Kučera, Zdeněk",O výchově bez receptů,1985,96
"Tikal, Kamil",Úvod do receptury,1985,234
"Řešátko, Jaroslav",Kuchařská technologie,1985,313
"Verner, Ladislav",Receptury pokrmů z polotovarů REMA,1985,117
"Páv, Jaroslav",Jak žít a co jíst při cukrovce,1985,269
"Hořejší, Jaroslav",Dieta po infekční žloutence,1985,47
"Pinková, Alice",Neobyčejně z obyčejné zeleniny,1985,32
"Urban, Josef",Topinky pro každý den,1985,32
"Filipová, Lea",Ovoce,1985,31
"Šerý, Vladimír",Orientální kuchyně,1985,259
"Vrbatová, Vendy",100 a 1 chalupářských pochoutek,1985,109
,Prozatimní učební dokumenty učebních oborů,1985,120
"Hadašová, Eva",Úvod do obecné a speciální receptury pro praktická cvičení z farmakologie,1986,95
"Patlejchová, Eva",Dieta při odvápnění kostí (osteoporóze a osteomalacii),1986,126
"Šafářová, Eva",Pokrmy s vůní česneku,1986,32
"Rettigová, Magdalena Dobromila",Domácí kuchařka,1986,558
"Sedláčková, Hana",Učíme se vařit,1986,32
"Rettigová, Magdalena Dobromila",Domácí kuchařka,1986,558
"Vodičková, Jaroslava",Družstevní speciality české moravské a slovenské kuchyně,1986,246
"Felt, Vladimír",Interakce hormonů s receptory,1986,157
"Skála, Ivo",Dieta při zánětu a chronickém selhání ledvin,1986,154
"Urban, Josef",Sýrové a tvarohové pokrmy,1986,32
"Pinková, Alice",Mraznička nám pomáhá,1986,32
"Hajková, Mária",Moučníky,1986,303
"Sedláčková, Hana",Drůbež a drůbeží pochoutky,1986,217
"Bořík, Otakar",Rukověť otolaryngologické receptury =,1986,205
"Voldánová, Marie",Kuchařka na celý rok,1986,350
"Dufek, Oldřich",Svět u stolu,1986,32
"Vlčková, Alena",3 x 99 specialit sovětské kuchyně,1986,399
"Páv, Jaroslav",Dieta při cukrovce a jejích komplikacích,1986,108
"Fejfar, Zdeněk",Dieta při hypertenzi,1986,42
"Syrový, František",Receptury mléčných nápojů a pokrmů,1986,246
"Vlachová, Libuše",Receptury teplých a míšených nápojů,1986,227
"Dienstbier, Jan",O koření,1986,183
"Nejedlý, Bedřich",Kladenská nutričně definovaná tekutá výživa,1986,63
,Pestrý jídelníček po celý rok,1986,16
"Vrabec, Vilém",Jihočeská houbařská kuchařka,1986,344
,Rozhodl jsem se zařadit drůbež častěji do svého jídelníčku,1986,16
"Syrový, František",Receptury teplých pokrmů,1986,685
"Šimek, Jaroslav",Brambory a bramborové pokrmy,1986,196
"Kuxová, Anna",33x gurmánská kouzla z masa nutrií,1986,25
,Dietní závodní stravování,1986,113
"Hnátek, Jaroslav",Výživa a stravování dětí předškolního věku,1986,214
"Kosek, Oldřich",100 a 1 specialit z masa,1986,119
"Vlachová, Libuše",Vaříme pro slavnostní příležitosti,1986,30
"Válek, Jiří",Dieta proti ateroskleróze,1986,58
,Receptury s technologickými postupy,1986,832
"Pinka, Karel",Se sklenkou v ruce,1986,150
"Davidová, Olga",Vánoční pečivo,1986,32
,Sójová kuchařka,1986,61
"Lisek, Josef",Vaříme rychle a zdravě,1986,64
"Vlachová, Libuše",Pestré večeře,1986,32
,Několik slov jak vaří muži,1986,14
"Macháček, Miroslav",100 a 1 domácích večeří,1987,120
"Fialová, Juliana Anna",Česká kuchyně tradiční i dnešní sváteční i všední,1987,232
"Matejka, Mikuláš",Technologie přípravy pokrmů,1987,136
"Brhlík, Eduard",Technologie přípravy pokrmů,1987,253
"Filipová, Lea",Sváteční pečivo,1987,32
"Babička, Luboš",Lahůdky z rybí kuchyně,1987,32
"Vlachová, Libuše",Vaříme ve všední den,1987,32
"Verner, Ladislav",Receptury pokrmů z polotovarů REMA,1987,117
"Vlachová, Libuše",Ovocné moučníky a dezerty,1987,331
"Vlachová, Libuše",Praktická kuchařka,1987,399
"Lenfeld, Jiří",Receptorová teorie v klinické farmakologii,1987,40
,Dietní potraviny,1987,52
"Horký, Jaroslav",Dieta při chorobách jaterních,1987,56
"Davidová, Olga",Připravujeme těstoviny,1987,32
,Synaptic Transmitters and Receptors,1987,438
"Hajková, Mária",Moučníky,1987,303
"Kojecký, Zdeněk",Dieta při nemocech žlučníku,1987,35
"Šulcová, Alexandra",Speciální stomatologická receptura,1987,33
"Brožová, Dagmar",Medové pečivo a nápoje,1987,78
"Davidová, Olga",Vánoční pečivo,1987,32
"Vlachová, Libuše",Vaříme pro slavnostní příležitosti,1987,30
"Kukla, Jaroslav",Francie očima labužníků,1987,27
"Vlčková, Alena",Koření,1987,477
"Štěpánek, Pavel",Dieta při nemocech močových cest,1987,37
"Voldánová, Marie",100 a 1 pokrmů pro dva,1987,125
"Pösingerová, Marie",Italská kuchyně,1987,194
"Syrový, František",Receptury studených pokrmů,1987,317
"Miltner, Vladimír",Indická kuchyně,1987,229
Thang Jüngling,Čínská domácí kuchyně,1987,33
"Ševčík, Jan",Dietologie v závodním stravování,1987,78
"Ševčík, Jan",Dietologie v závodním stravování,1987,73
"Kaucká, Jaroslava",Stolečku prostři se aneb Výživa v prevenci rizikových faktorů aterosklerózy,1987,111
,Československá kuchyně,1987,38
,Několik slov o pokrmech z celeru,1987,14
"Kott, Vladimír",Ovocné a zeleninové nápoje,1988,205
"Šonka, Jiří",Dieta při otylosti,1988,145
"Horníková, Maria",Kuchyň plná nápadů,1988,32
"Šafářová, Eva",Jablka ořechy med,1988,32
"Pohunek, Milan",Ryby v kuchyni,1988,266
"Kuhn, Eduard",Dieta při vředové chorobě,1988,42
"Sedláčková, Hana",Zavařujeme ovoce nakládáme zeleninu,1988,32
"Fialová, Juliana Anna",Mezinárodní kuchařka,1988,284
"Hlava, Bohumil",Zelenina,1988,31
"Karpatský, Dušan",Jugoslávská kuchyně,1988,258
"Netušil, Jaroslav",Technologie přípravy pokrmů,1988,287
"Srovnal, Pavel",Spotřebiče pro tepelnou úpravu pokrmů,1988,107
"Řešátko, Jaroslav",Speciality světových kuchyní,1988,298
"Šabykina, Ljubov' Viktorovna",Zelenina v kuchyni,1988,155
"Davidová, Olga",Vánoční pečivo,1988,32
"Pinková, Alice",Mraznička nám pomáhá,1988,32
"Šulcová, Alexandra",Speciální stomatologická receptura pro praktická cvičení z farmakologie,1988,33
"Hrubá, Marie",Kuchařka naší vesnice,1988,602
"Štotová, Ludmila",Jehněčí kůzlečí skopové,1988,32
"Skornjakov, Sergej Michajlovič",Zelená kuchyně,1988,399
,Ovoce zelenina med,1988,14
,Sortiment dietních potravin a výrobků vhodných pro racionální výživu,1988,45
,Receptury doplňkové masné výroby,1988,231
,Učební obor 64-90-2 Kuchař-číšník Kuchař-servírka,1988,105
"Smotlacha, Miroslav",Zmrazené potraviny v průmyslu a domácnosti,1988,263
"Peukertová, Drahomíra",Francouzská kuchařka,1988,245
"Potácel, Jan",Plané rostliny ve výživě,1988,101
"Šťastná, Jarmila",Lidové pečivo v Čechách a na Moravě,1988,233
"Jüngling, Thang",Čínská domácí kuchyně,1988,34
"Jüngling, Thang",Čínská domácí kuchyně,1988,33
"Hrabětová, Jana",Lidové Vánoce v Polabí,1988,19
"Hadašová, Eva",Úvod do obecné a speciální receptury pro praktická cvičení z farmakologie,1989,105
"Baudyš, Věnek",Hovězí maso,1989,32
"Vlachová, Libuše",Pokrmy a rýže,1989,31
"Matejka, Mikuláš",Technologie přípravy pokrmů,1989,132
"Müllerová, Zuzana",10 receptů pro malé kutily,1989,32
"Jodl, Jiří",Dieta bezlepková při celiakii u dětí,1989,103
"Netušil, Jaroslav",Technologie přípravy pokrmů,1989,271
"Zvolský, František",Podmínky pro výrobu a prodej zmrzlin a receptury včetně technologických postupů výroby,1989,91
"Bulková, Věra",Technologie přípravy pokrmů,1989,220
"Dufek, Oldřich",Sýry v kuchyni,1989,206
"Pinková, Alice",Receptář ve znamení zvěrokruhu aneb Sezónní kuchařka pro pokročilé,1989,335
"Rameš, Ivan",Kuchařka pro diabetiky,1989,253
"Dufek, Oldřich",Zelenina a ovoce v kuchyni,1989,157
"Dušátko, Josef",100 a 1 lahůdek z domácích zabijaček,1989,123
"Filipová, Lea",Sváteční pečivo,1989,32
,Kuchařské recepty vypsané z krásné literatury,1989,255
,Právní úprava nakládání s odpady ve vybraných zemích a mezinárodních seskupeních,1989,82
"Dušátko, Josef",Řeznická kuchařka,1989,127
"Kopáčková, Kristina",Japonská kuchyně,1989,32
"Bianki, Vitalij Valentinovič",Myslivecký rok,1989,205
"Mašek, Petr",Levné pokrmy z ryb zeleniny brambor hub luštěnin krup těstovin sýrů,1989,102
"Pohunková, Hana",Chladničky a mrazničky v domácnosti,1989,137
"Ráczová, Vlasta",Nahlédnutí do maďarské kuchyně,1989,31
"Smotlacha, Miroslav",Houbařská kuchařka,1989,237
"Nouzová, Alena",Variace na kuchyně Orientu,1989,214
"Uher, Zdeněk",Mexická kuchyně,1989,32
"Kosek, Oldřich",100 a 1 masitých pokrmů z celého světa,1989,146
"Hermanová, Ilona",Maďarská kuchyně,1989,180
"Fialová, Juliana Anna",Česká kuchařka,1989,405
"Hermanová, Ilona",Sváteční moučníky a pečivo z celého světa,1989,213
"Bastlová, Marie",Fondue pizzy slané pohoštění,1989,32
"Kopáčková, Kristina",Tykve v naší i zahraniční kuchyni,1989,32
,Pěstitelská technologie výroby osiva hlávkového salátu (Lactuca sativa L var capitata L),1989,34
"Urban, Josef",Uzeniny a konzervy v kuchyni,1989,31
"Vlachová, Libuše",Saláty,1989,136
"Baudyš, Věnek",Guláš pokaždé jinak,1989,32
"Kosolapova, Galina Jakovlevna",Sušené ovoce,1989,175
"Filipová, Lea",Vaříme s moderní technikou,1989,94
"Šerý, Vladimír",Orientální kuchyně,1989,259
"Miltner, Vladimír",Indická kuchyně,1989,190
"Paulus, Josef",Ztráty při kuchyňské přípravě pokrmů,1989,158
,Učební dokumenty pro střední odborná učiliště,1989,91
"Lavalová, Vlasta",Francouzská domácí kuchyně,1989,34
"Vlachová, Libuše",Praktická kuchařka,1989,399
"Brhlík, Eduard",Technologie přípravy pokrmů,1990,303
"Brhlík, Eduard",Technologie přípravy pokrmů,1990,244
"Matejka, Mikuláš",Technologie přípravy pokrmů,1990,137
"Vlachová, Libuše",Vaříme na víkendu,1990,322
"Hrubá, Marie",Kuchařka naší vesnice,1990,602
"Řešátko, Jaroslav",Kuchařská technologie,1990,283
"Lánská, Dagmar",Plané rostliny v kuchyni,1990,159
"Herfort, Karel",Dieta pankreatická,1990,31
"Lánská, Dagmar",Koření pro každé vaření,1990,303
"Fialová, Juliana Anna",Rychlé pokrmy,1990,172
"Hrbková, Zdeňka",Rozpracovaná učební osnova odborného výcviku pro studijní obor kuchař kuchařka - 1 ročník,1990,83
"Hrbková, Zdeňka",Rozpracovaná učební osnova odborného výcviku pro studijní obor kuchař kuchařka - 3 ročník,1990,101
"Jagelek, Roman",Stolničení pro první ročník středních odborných učilišť učební obor kuchař-číšník kuchařka-servírka,1990,145
"Vlachová, Libuše",Rybí pokrmy,1990,31
"Baudyš, Věnek",Vepřové maso,1990,32
"Dufek, Oldřich",Domácí kuchařka,1990,183
"Filipová, Lea",Vaříme pro diabetiky,1990,31
"Sedláčková, Hana",Z polotovarů a konzerv ve všední den i v neděli,1990,31
,Vaříme s Jitkou,1990,95
,Vaříme zdravě chutně a hospodárně,1990,366
"Vašák, Pavel",Poezie kuchyně aneb Recepty s příběhy,1990,95
"Rameš, Ivan",Základní dietní návody pro nemocné cukrovkou,1990,47
,Ryba pro každého,1990,63
"Sršňová, Eliška",Recepty pro každý den,1990,60
"Dufek, Oldřich",Připravujeme pohoštění,1990,223
"Filipová, Lea",Pokrmy z mletého masa,1990,94
"Havlíčková, Hana",Pečeme pro dny všední i sváteční,1990,31
"Šeda, Karel",Recepty s vůní bylinek,1990,238
"Hynie, Sixtus",Membrane Receptors and Transmembrane Signalling,1990,118
"Červená, Drahomíra",Vegetariánská kuchařka pro dospělé,1990,225
"Janků-Sandtnerová, Marie",Cukrovinky a pamlsky na vánoční stromeček i na vánoční stoleček,1990,73
"Pinková, Alice",Mraznička nám pomáhá,1990,32
"Štichová, Jiřina",Speciality družstevní kuchyně,1990,204
,Ovesné vločky na 68 způsobů,1990,23
,Minikuchařka zdravých jídel,1990,31
"Momčilová, Pavla",Netradiční vegetariánská kuchařka,1990,47
"Krausová, Jana",Vegetariánská kuchařka,1990,39
"Vít, David",Přerušená večeře,1990,10
"Endlicherová, Zdeňka",Receptury pro střední odborná učiliště,1990,226
"Tomaník, Miroslav",Čínská kuchyně,1990,113
"Jonáš, Josef",Makrobiotická kuchyně doktora Jonáše 1,1990,38
"Peukertová, Drahomíra",Moučníky dříve dnes a na zítra,1990,178
"Štotová, Ludmila",Mikrovlnná trouba,1990,31
"Škvařilová, Eliška",Receptář zdravé výživy,1990,56
"Brožová, Dagmar",Medové pečivo a nápoje,1990,40
"Lánská, Dagmar",Víno hrozny rozinky,1990,31
,Fritování ve fritovacích hrncích,1990,43
"Momčilová, Pavla",Stručná celozrnná kuchařka,1990,38
"Štotová, Ludmila",Netradiční zelenina,1990,30
"Šafářová, Eva",Vánoční receptář,1990,32
"Janků-Sandtnerová, Marie",Kniha rozpočtů a kuchařských předpisů,1990,508
"Tesař, Radek",Zdravě levně bez masa aneb Stanou se z nás vegetariáni,1990,32
"Stoklasová, Jiřina",Přijďte k nám na večeři,1990,189
"Kejřová, Anuše",Úsporná kuchařka,1990,330
"Průchová, Jarmila",Život místo živoření,1990,263
"Endlicherová, Zdeňka",Kuchařka pro všední a sváteční dny,1990,131
"Šubrt, Roman",Tibetská a indická skorovegetariánská kuchařka,1990,32
"Kubíčková, Miluše",Proč se vyhýbat bílému cukru,1990,36
,Technický popis domácích chladniček a mrazniček,1990,74
"Půhoný, Karel",Konzervace a ukládání potravin v domácnosti,1990,319
"Balková, Anita",Pod brazilskou pokličkou,1990,34
"Doupovcová, Margit",Stravou proti plísním,1990,22
"Krpcová, Libuše",Abeceda pomazánek,1990,63
"Koudelka, Karel",Asijská kuchařka,1990,55
"Červená, Drahomíra",Vegetariánská kuchařka pro děti,1990,45
"Loužková, Vlasta",Recepty z hájovny,1990,33
,Moravské speciality,1990,64
"Frolíková, Jana",40 + 5 vánočních receptů,1990,16
"Skornjakov, Sergej Michajlovič",Zelená kuchyně,1991,399
"Brožová, Dagmar",Medové pečivo a nápoje,1991,40
"Dušátko, Josef",Řeznická kuchařka,1991,127
"Vlachová, Libuše",Pokrmy s příchutí papriky,1991,32
"Zapletal, Ivo",Severoamerická kuchyně,1991,32
"Jirsová, Eva",Dieta při onemocnění dnou,1991,51
"Červenka, Ivan",Recepty na které spisovatelé zapomněli aneb Romány na talíři,1991,30
"Fořt, Petr",Pizzy,1991,35
"Karas, Pavel",Svět v kuchyni,1991,128
"Mořický, František",Horácká kuchařka,1991,59
"Vrabec, Vilém",Moderní studená kuchyně,1991,251
"Elstner, František Alexander",Zálesácká kuchyně,1991,192
"Endlicherová, Zdeňka",Receptury pro střední odborná učiliště,1991,201
"Farkas, Stefan",100 a 1 pokrmů pro labužníky,1991,127
"Gregor, Hynek",Tábornická kuchařka,1991,62
"Herčíková, Heda",Kuchařka Hedy - Terezie,1991,228
"Jonáš, Josef",Makrobiotická kuchyně doktora Jonáše,1991,38
"Procházková, Věra",Recepty pro všední den,1991,31
"Soukupová, Iva",První domácí rozpočtová kuchařka,1991,32
"Režný, Pavel",Počítačová kuchařka,1991,37
"Mařatka, Zdeněk",Dieta při zácpě a plynatosti,1991,36
"Břízová, Joza",Nová domácí kuchařka,1991,510
"Buna, Slávek",Speciality české kuchyně,1991,47
"Faktor, Viktor",2 x 365 vegetariánských omáček studených polévek pomazánek majonéz zálivek a krémů,1991,182
"Hrubá, Marie",Kuchařka naší vesnice,1991,602
"Karas, Pavel",Zahraniční kuchyně ve veřejném stravování,1991,383
"Pekárek, Jaroslav",Vaříme pro starší generaci,1991,28
"Peukertová, Drahomíra",Švýcarská kuchyně,1991,109
,Vaříme bez masa aneb Mazdaznanská kuchařka,1991,109
"Vlachová, Libuše",Polévky,1991,95
"Příhoda, Josef",Cereální chemie a technologie III,1991,58
"Bulková, Věra",Technologie přípravy pokrmů II,1991,170
"Buna, Slávek",Speciality moravské kuchyně,1991,28
"Koudelka, Karel",Kuchařka levných jídel,1991,57
"Novák, Antonín",Minikuchařka moderních receptur aneb Jak zdravě a chutně jíst,1991,28
"Procházková, Věra",Recepty našich babiček,1991,31
"Tetzeliová, Michaela",Vaříme dětem,1991,30
"Zemánková, Milada",Sója v naší kuchyni,1991,126
"Tyler, Anne",Večeře v restauraci Domov,1991,315
"Dufek, Oldřich",Vaječné recepty,1991,31
"Jerhot, Jan",Sója a sójové výrobky,1991,24
,Receptury teplých pokrmů,1991,575
,Recepty zmrzlin a nápojů,1991,31
"Šafářová, Eva",Pokrmy s vůní česneku,1991,31
"Švengr, Jaroslav",Mléčné recepty,1991,31
,Zdraví nejsou žádné čáry aneb Vaříme netradičně chutně levně a zdravě,1991,34
"Buna, Slávek",Speciality slovenské kuchyně,1991,43
"Červenka, Ivan",65 + 9 receptů na dovolenou,1991,20
"Filipová, Lea",Vaříme s moderní technikou,1991,94
"Kalendová, Kateřina",Vaříme na chatě a na chalupě,1991,64
,Láska prochází žaludkem aneb kuchařka pro milence,1991,89
"Mikoláš, Václav",Turecká kuchyně,1991,107
"Momčilová, Pavla",Stručná celozrnná kuchařka,1991,39
"Müllerová-Paloučková, Marcela",Recepty ve znamení zdravé výživy,1991,32
,Ovocné recepty,1991,31
,Perly evropské kuchyně,1991,127
"Pilarová, Eva",Vaří Eva Pilarová,1991,32
"Ráczová, Vlasta",ABC začínající kuchařky,1991,247
"Sedláčková, Hana",Drůbež a drůbeží pochoutky,1991,217
"Steinhauser, Ladislav",Vaříme a udíme doma,1991,191
"Šejbalová, Jiřina",Opět Vaříme na chatě,1991,126
"Ševčíková, Božena",Pečeme chléb doma a na chalupě,1991,47
"Vlčková, Alena",Zavařování,1991,80
"Půhoný, Karel",Jablka a hrušky,1991,24
"Kratochvíl, Petr",Cukrářské recepty,1991,30
"Nováková, Soňa",Vaříme za šesták,1991,95
"Polaufová, Alžběta",Úsporná kuchyně,1991,32
,Pro volnou chvíli,1991,61
"Šimáčková, Duňa Marie",Praktická sójová kuchařka,1991,105
"Haleš, Josef",Vegetariánský receptář je základem našeho zdraví,1991,91
"Růžičková, Marie",Nápady z kuchyně a ze zahrady,1991,32
,Kuchařka našich předků,1991,47
,Posvícenská kuchyně,1991,48
,Vánoční krajová kuchyně,1991,48
"Janků-Sandtnerová, Marie",Moučníky a zavařeniny,1991,70
,Když je hluboko do kapsy aneb Kuchařka dnešních dnů,1991,69
,Neobvyklé recepty sladkostí,1991,29
"Nodl, Ladislav",70 + 9 receptů studené kuchyně,1991,16
,Recepty pečiva,1991,29
"Tetzeliová, Michaela",ABC vaření pro muže,1991,30
"Vrabec, Vilém",Velká kuchařka,1991,638
,Velká kuchařka pro mikrovlnnou troubu,1991,447
"Endlicherová, Zdeňka",Žebrácká kuchařka,1991,110
"Netušil, Jaroslav",Technologie přípravy pokrmů,1991,287
"Sečanský, Imrich",Vaříme diabetikům,1991,224
,Vaříme dětem,1991,47
"Šulcová, Alexandra",Speciální stomatologická receptura pro praktická cvičení z farmakologie,1991,33
,Apetit,1991,95
"Horan, Peter",Vaříme dětem chutně a zdravě,1991,42
"Horan, Peter",Vaříme dětem chutně a zdravě,1991,46
"Hrbková, Zdeňka",Rozpracovaná učební osnova odborného výcviku pro studijní obor kuchař kuchařka 2 ročník,1991,79
"Sís, Vladimír",Počítání nudliček v jarní polévce,1991,127
"Adensámová, Jana",Pečeme na vánoce,1991,63
"Endlicherová, Zdeňka",Kuchařka pro každý den,1991,199
"Marhold, Jiří",Krkonošská kuchařka,1991,429
"Pinková, Alice",12 měsíců v moderní kuchyni,1991,125
"Polena, Pavel",Recepty nejen pro rybáře,1991,202
,Vaříme s Habadějem,1991,79
"Strmiska, Josef",Výroba tvarohu a tvarohových specialit,1991,271
"Krausová, Jana",Kurs vaření a přípravy plnohodnotných jídel,1991,14
"Kráčmar, Jiří",Rybářská kuchařka,1991,301
"Pribiš, Peter",Syrová strava - saláty,1991,32
"Rychlík, Alois Jiří",Strava jako lék,1991,267
"Škvařilová, Eliška",Vánoční cukroví tentokrát zdravěji,1991,73
"Ždichynec, Bohumil",Léčitelská kuchařka,1991,245
,Bylinné recepty,1991,101
"Dufek, Oldřich",Domácí kuchařka,1991,183
"Gsöllhofer, Alexej",Kuchařka starého mládence,1991,52
"Šimek, Jaroslav",Brambory a bramborové pokrmy,1991,194
"Tomsová, Marie",Recepty pro chuť i krásu aneb vařme v rytmu,1991,173
"Trejbal, Jaromír",Z hotelu Ritz do kuchyně Vlasty Buriana aneb Vaří mistr kuchař Jaromír Trejbal,1991,223
"Brehmen, Alexander",Česká kuchařka bezmasá aneb vaříme levně a zdravě,1991,318
"Kněz, Václav",Sýry a příprava sýrových pokrmů,1991,331
"Sehnerová, Irena",Bábovka pokaždé jiná,1991,29
"Fink, Zdeněk",Kuchařka pro nezaměstnané,1991,40
,Apetit,1991,95
"Kudrna, Miloslav",Zas nevím co vařit,1991,32
"Loomis, Frédéric",Přírodní bylinkové recepty,1991,24
"Vostatková, Jaroslava",Zdraví pro život,1991,119
"Vyhnánek, Ladislav",Recepty pro každou kapsu,1991,47
"Chang, Stephen T.",Tajemství štíhlosti,1991,170
"Principal, Victoria",Moje dieta,1991,283
"Frolíková, Jana",100 a 1 bramborových jídel,1991,87
"Nikodémová, Jindra",222 receptů pro mikrovlnnou troubu,1991,95
"Šírová, Jana",Moderní osvěžující nápoje,1991,100
"Brousková, Zuzana",Pomazánky,1991,31
"Frolíková, Jana",40 + 5 vánočních receptů,1991,12
"Filipová, Lea",Dárky z kuchyně,1991,31
"Grossová, Lenka",Bramborová kuchařka,1991,31
,Gastronomická revue,1991,14
"Čejka, Karel",Večeře za babku čili Nejlevnější jídla pro nejhorší časy,1991,163
"Veselý, Petr",Výroba míšených nápojů,1991,139
"Štotová, Ludmila",Slabikář vaření,1991,62
,Čočka,1991,16
"Janků-Sandtnerová, Marie",Ovocné šťávy zavařované ovoce domácí vína likéry,1991,44
"Janků-Sandtnerová, Marie",Zeleniny a saláty,1991,85
,Receptář pro optimisty,1991,31
"Hartinger, Klement",Czech menu reader and food guide =,1991,55
"Režný, Pavel",Počítačová kuchařka,1991,36
"Janků-Sandtnerová, Marie",Francouzská kuchyně pro zpestření jídelního lístku českých hospodyněk,1991,126
,Dětské recepty,1991,30
"Dufek, Oldřich",Co vařit,1991,29
"Steinhauser, Ladislav",Zapomenuté receptury masných výrobků,1991,122
"Janků-Sandtnerová, Marie",Lahůdková kuchyně,1991,180
,Bramborová kuchyně,1991,69
,Osmidenní bramborová dieta,1991,10
"Bohdalová, Jiřina",Hádej kam půjdem na oběd,1991,255
"Peterová, Zuzana",Křišťálová vařečka,1991,63
,Fazole pohanka,1991,52
"Saxlová, Magda",Šoulet a jiné básně aneb Židovská kuchařka,1991,95
"Žvak, Lubomír",Kořeny dlouhověkosti,1991,138
"Ďurík, Jozef",Maso,1991,126
"Vašák, Jaroslav",Kuře tradičně i netradičně,1991,141
"Hraboš Hrabalik, Petr",Bujaré výlety perverzní pomazánky,1991,84
"Nesvadba, Jindřich",Kuchařka pro pracovníka VZN,1991,100
"Podlaha, Přemek",Receptář pro každý den,1991,5
"Brown, Sarah",Vegetariánská kuchyně,1991,144
"Jurman, Oldřich",Všechno o koření,1991,31
"Mihola, Rudolf",Skoro všechno o vánocích,1991,29
,Piškotová kuchařka,1991,52
"Vojnar, Ladislav",Životosprávou ke zdraví aneb Terapie přirozených pokrmů,1991,80
"Sedláková, Veronika",Léčíme se sami,1991,67
"Dekány, Ladislav",Pokrmy z mikrovlnné trouby,1992,31
"Lánská, Dagmar",Plané rostliny v kuchyni,1992,159
"Vlachová, Libuše",Vaříme úsporně,1992,93
"Cerhová, Dagmar",Polévky snadno a rychle,1992,35
"Hrbková, Zdeňka",Rozpracovaná učební osnova odborného výcviku pro studijní obor kuchař kuchařka 4 ročník,1992,95
,Receptury míšených a teplých nápojů,1992,215
"Nodl, Ladislav",Pokrmy ze zelí,1992,31
,Z kuchyně velikonoční,1992,48
,Ze zahrádkářovy kuchyně,1992,48
"Čapková, Ivana",Saláty,1992,35
"Dvořáček, Zdeněk",Povídání o řeznickém cechu a recepty ze soukromých receptářů,1992,68
"Koudelka, Karel",Racionální kuchařka,1992,32
"Šeda, Karel",Pečeme zavařujeme,1992,152
"Zemánková, Milada",Vaříme se sójou,1992,171
,Recepty pro zdraví a krásu,1992,15
"Štumpa, Vladimír",Pěstujeme sbíráme vaříme léčíme,1992,122
"Kumperová, Iva",Chodská kuchařka,1992,31
"Palát, Jiří",Tajemství šéfkuchaře aneb V kuchyni snadno a rychle,1992,32
,Dietní recepty pro děti,1992,30
"Dufek, Oldřich",Těstoviny a rýže,1992,29
,Myslivecké recepty,1992,30
,Posvícenské recepty,1992,30
,Recepty na dovolenou do Evropy,1992,31
,Rybářské recepty,1992,30
"Sedláčková, Hana",Zelenina v kuchyni od A do Z,1992,94
"Šulc, František",Kuchyně jižní Evropy,1992,149
"Hadašová, Eva",Základy receptury pro praktická cvičení z farmakologie,1992,96
"Blažíčková, Naděžda",Teplé zeleninové večeře,1992,32
,Extra recepty moučníků,1992,30
"Maly, Michaela",Kuchyně USA a jak si pochutnat,1992,190
"Pinka, Karel",Stolujeme v přírodě,1992,187
"Řešátko, Jaroslav",Speciality světových kuchyní,1992,310
"Vlachová, Libuše",Pokrmy pro horké dny,1992,31
"Vlachová, Libuše",Pokrmy pro štíhlou linii,1992,94
"Pinková, Alice",Ovoce v teplé i studené kuchyni,1992,32
"Urbanová, Jana",Tajemství čínské kuchyně,1992,113
"Bláha, Ludvík",Vánoční pečivo - snadno a rychle,1992,35
,Dietní recepty redukční,1992,31
"Hnátek, Jaroslav",Výživa a stravování žáků základních a středních škol,1992,320
,Kuchařka,1992,141
"Lánská, Dagmar",Pokrmy z planých rostlin,1992,32
,Lidové recepty,1992,31
"Rajpoot, Govind S.",Indická kuchyně a zdraví,1992,70
,Recepty bez chemie,1992,29
,Recepty racionální výživy,1992,30
,Recepty studené kuchyně,1992,30
,Saláty po celý rok,1992,31
"Sedláčková, Hana",Sójové maso,1992,16
"Režný, Pavel",Počítačová kuchařka,1992,36
"Frolíková, Jana",Sváteční stůl,1992,159
,Pivní polévky,1992,46
"Peukertová, Drahomíra",Francouzská kuchařka,1992,178
"Studená, Marie",100 a 1 sýrových jídel,1992,59
,Vaříme v papiňáku,1992,48
,Z kuchyně naší panímámy,1992,47
"Vašák, Jaroslav",Pokrmy v regionálních kuchyních,1992,88
"Janků-Sandtnerová, Marie",Lesní plody a jejich úprava v domácnosti,1992,39
"Vlachová, Libuše",Kuře a slepice mnoha chutí,1992,31
,Z kuchyně zájezdní hospody,1992,48
,Z babiččiny kuchyně,1992,48
"Stejskalová, Jaroslava",Receptury pro cukrářskou výrobu,1992,62
"Stejskalová, Jaroslava",Receptury pro cukrářskou výrobu,1992,94
"Reigl, Martina",Dětská jídla,1992,35
"Veškrnová, Eva",Divadlo výživa a já,1992,339
"Endlicherová, Zdeňka",200 druhů nápojů,1992,109
"Nodl, Ladislav",70 + 9 receptů studené kuchyně,1992,18
"Jurníková, Daniela",Kuchařka,1992,226
"Jurníková, Daniela",Kuchařka,1992,427
"Jurníková, Daniela",Kuchařka,1992,246
"Jurníková, Daniela",Kuchařka,1992,238
"Vlachová, Marcela",Fritování - snadno a rychle,1992,35
"Kalendová, Kateřina",Nic lepšího neznám Drůbež a vejce,1992,64
"Brousek, František",Ryby v naší kuchyni,1992,36
,Večeře za dvacku oběd za stovku,1992,15
"Meier, Jaroslav",Recepty pana Rossiniho,1992,93
"Štotová, Ludmila",Šetřilka,1992,45
"Průchová, Věra",Z české kuchyně,1992,34
"Grunwald, Isolde",Kuchařka Hedwigy Courths-Mahlerové,1992,138
"Kalabusová, Dagmar",Praktická kuchařka,1992,37
,Vánoce starých cukrářů I,1992,48
,Vánoce starých cukrářů II,1992,48
"Králová, Miluška",Pomazánky na každý den,1992,88
"Filipová, Lea",Co v kuchařce nenajdete,1992,92
"Adam, Cornelia",Ryby - snadno a rychle,1992,35
"Mikulová, Věra",Kuchařka,1992,124
"Šafářová, Eva",Kuchařka,1992,137
"Marádová, Eva",Výživa a příprava pokrmů,1992,127
"Průchová, Jarmila",Byznys se zdravím,1992,191
"Dufek, Oldřich",Moučníky dezerty a pokrmy z těstovin a rýže,1992,151
,Vánoce,1992,19
"Sedláčková, Hana",Výživa a příprava pokrmů I,1992,94
"Bastlová, Marie",Vaříme dětem,1992,32
"Maisner, Martin",Vegetariánská kuchyně,1992,32
"Paukertová, Drahomíra",76 + 9 receptů na slané pečivo a koláče,1992,18
,Recepty mistra uzenáře,1992,29
"Pribiš, Peter",Sladká jídla,1992,32
"Blažíčková, Naděžda",100 a 1 polévek,1992,96
"Runštuk, Jaroslav",100 a 1 českých lidových jídel,1992,80
"Svobodová, Věra",Sójové maso,1992,40
"Pinka, Karel",Úspěšný hostitel,1992,127
"Chucesovová, Jiřina",Z australské kuchyně,1992,32
"Kavanová, Hana",Levně a dietně pro třetí věk,1992,47
"Pomiane, Édouard de",Veselé umění kuchařské,1992,270
,Babička vaří s vnučkou,1992,30
"Weigel, Jaroslav",Malá psí kuchařka,1992,79
"Kodym, Ota",Kumštýř v kuchyni,1992,55
"Vaněk, Jaroslav",S pánví po světě,1992,116
,Medové recepty,1992,30
"Handschmann, Johanna",Müsli,1992,35
"Žďánská, Iva",Vaření,1992,54
,Malá Diana,1992,1
"Štotová, Ludmila",Moje dcera v kuchyni,1992,30
"Samková, Hana",Palačinky,1992,35
"Kozderková, Lenka",Těstoviny,1992,35
"Seidlová, Jitka",Cuketa v naší kuchyni,1992,33
"Brousková, Zuzana",Chlebíčky,1992,23
"Bohdalová, Jiřina",Hádej kam půjdem na flám,1992,220
"Filipová, Lea",Rodinné oslavy,1992,24
"Zemanová, Eva",Jíme abychom žili nežijem proto abychom jedli,1992,211
"Leifertová, Irena",Nenáročné recepty pro půvab a krásu žen,1992,72
"Gitterová, Sylvie",Zeleninová jídla,1992,35
"Liepold, Evelyn",S mikrovlnnou troubou snadno a rychle,1992,35
"Handschmann, Johanna",Müsli,1992,35
"Michal, Karel",Vaříme s Habadějem 1992,1992,159
"Runštuk, Jaroslav",Pivní hlad aneb Speciality z piva a k pivu,1992,128
"Smolíková, Eliška",Recepty pro život mé dcery,1992,40
,Diana recepty,1992,1
,Vaříme ve fritovacím hrnci,1992,76
"Elefteriadu, Martha",Řecká kuchyně,1992,150
"Bruker, Max O.",Diabetes a jeho léčení s recepty Ilse Gutjahr,1992,92
,Chystáme se zavařovat,1992,23
"Muschong, Gertraude",Dárek pro tebe,1992,68
"Adam, Cornelia",Minutky - snadno a rychle,1993,35
,Receptury teplých pokrmů,1993,575
,Dětem do školy mužům do práce,1993,15
"Heroldová, Eva",Nákypy a pudinky,1993,94
"Fořt, Petr",Pizzy,1993,31
"Mandžuková, Jarmila",Pokrmy z luštěnin a obilovin,1993,44
"Frolíková, Jana",Večeře ze zahrádky,1993,16
"Peukertová, Drahomíra",Rakouská kuchařka,1993,171
"Stejskalová, Simona",Kuře,1993,35
"Šafářová, Eva",100 a 1 pokrmů z vajec,1993,118
"Willan, Anne",Klasické kuře,1993,127
"Pivoňka, Alena",Pomazánky snadno a rychle,1993,35
,Kuchařka,1993,131
"Mandžuková, Jarmila",Kuchařka,1993,146
"Doležal, Vladimír",Kuchařka,1993,138
"Roubínek, Zdeněk",Labužnická kuchařka,1993,164
"Vrabec, Vilém",Velká kuchařka,1993,638
"Brousek, František",Vaříme luštěniny a obilniny,1993,19
"Martinovská, Marie",Sušení ovoce a zeleniny v elektrických sušičkách,1993,32
"Lánská, Dagmar",Co takhle dát si květák,1993,32
"Kozderková, Lenka",Moučníky,1993,35
"Sälzer, Sabine",S tlakovým hrncem,1993,35
"Hauft, Jindřich",Vinařská kuchařka,1993,276
,Recepty mistra kuchaře,1993,28
,Nevšední recepty,1993,30
"Sedláčková, Hana",Výživa a příprava pokrmů II,1993,101
"Hladíková, Renata",Cukety lilky patisony a jiné,1993,35
"Blažíčková, Naděžda",Letní večeře,1993,18
,Receptury studených pokrmů,1993,655
"Stejskalová, Jaroslava",Receptury pro cukrářskou výrobu,1993,110
"Vlachová, Libuše",Recepty z vlastní zahrádky,1993,94
"Mandžuková, Jarmila",Vaříme po celý rok z planých rostlin,1993,30
"Vlachová, Libuše",Víkendové pohoštění,1993,30
,Nápoje z domácí kuchyně,1993,15
"Brezina, Zdeněk",Konzervujeme bez chemie,1993,64
,Recepty mistra kuchaře,1993,29
"Lánská, Dagmar",Plané rostliny v kuchyni,1993,159
"Pletková, Zuzana",Sójové menu,1993,109
"Řešátko, Jaroslav",Kuchařská technologie,1993,283
"Handschmann, Johanna",Zelenina - plnohodnotná kuchyně,1993,33
"Sedláčková, Hana",Tvaroh,1993,31
"Müllerová, Monika",Pečeme moderně v malých i větších pekárnách,1993,201
"Zabert, Arnold",Nová velká škola,1993,285
"Sedláčková, Hana",Výživa a příprava pokrmů III,1993,100
"Kalendová, Kateřina",Zdravě jíst podle našich předků,1993,63
,Receptury jídel pro závodní stravování,1993,435
"Pinková, Alice",100 a 1 chutných salátů,1993,112
"Mandžuková, Jarmila",100 a 1 jídel připravených za půl hodiny,1993,79
"Gitterová, Sylvie",Malé pohoštění,1993,33
"Michal, Karel",Vaříme s Habadějem 1993,1993,171
"Frolíková, Jana",Vánoční a novoroční jídla,1993,35
"Imhoff, Sabine von",Knedlíky a noky,1993,35
"Grieser, Ludwig",Ryby,1993,64
"Gitterová, Sylvie",Exotické ovoce,1993,35
"Brezina, Zdeněk",Roste kolem nás,1993,62
"Sehnerová, Irena",Bábovka má láska,1993,35
"Woeth, Denise",Káva espreso a jiné,1993,33
,Čtenáři vaří čtenářům,1993,32
"Doležalová, Jiřina",Vánoce plné nápadů,1993,62
"Mandžuková, Jarmila",Exotické ovoce na našem stole,1993,18
"Werthmann, Konrad",Kuchařka pro alergiky,1993,75
"Vlachová, Libuše",Pochoutky z kompotů,1993,32
"Willan, Anne",Čokoládové dezerty,1993,127
"Hadašová, Eva",Základy receptury pro praktická cvičení z farmakologie,1993,96
"Pechová, Jaroslava",Hrníčková kuchařka,1993,154
"Dufek, Oldřich",Salátové mísy,1993,31
"Hruška, Martin",Dobroty mé prababičky,1993,31
"Lánská, Dagmar",Lahůdková zelenina,1993,31
"Matějo, Antonín",100 a 1 vánočních dobrot,1993,91
"Janů, Renáta",Arabská kuchařka,1993,191
,Kuchařka pro zdravé srdce,1993,341
"Pinková, Alice",Vaříme s rozhlasovým mikrofonem,1993,32
"Willan, Anne",Těstoviny,1993,128
"Seidlová, Anastasie B.",Kuchařka Jitřenky pro chudé a střední vrstvy,1993,288
"Brousek, František",České moučníky,1993,27
"Teubner, Odette",Pro diabetiky,1993,120
"Vaňha, Jindřich",Rybí kuchyně,1993,673
"Žďánská, Iva",Vaření,1993,54
"Zahálka, Jaroslav",100 a 1 zeleninových jídel,1993,78
"Brzák, Jan",Česká kuchařka,1993,249
"Kosek, Oldřich",100 a 1 jídel z mletého masa,1993,151
"Martinková, Táňa",Vánoce,1993,18
"Stejskalová, Jaroslava",Receptury pro cukrářskou výrobu,1993,90
"Lánská, Dagmar",Nahlédnutí do makrobiotické kuchyně,1993,17
"Dufek, Oldřich",Dnes vaří muž,1993,32
"Dušátko, Josef",Klobásy a paštiky,1993,32
"Kosík, Antonín",Těstoviny po italsku,1993,31
,Recepty mistra kuchaře,1993,30
,Med jako lék,1993,29
,Recepty mistra kuchaře,1993,29
,Recepty mistra cukráře,1993,29
,Recepty mistra lahůdkáře,1993,30
,Recepty mistra pekaře,1993,29
,Recepty mistra barmana,1993,31
"Gitterová, Sylvie",Toasty - snadno a rychle,1993,35
"Bláha, Ludvík",Vánoční pečivo - snadno a rychle,1993,35
"Liepold, Evelyn",S mikrovlnnou troubou,1993,35
"Vlachová, Marcela",Fritování - snadno a rychle,1993,35
"Wolter, Annette",Koláče a dorty,1993,144
,Slavné mlsné huby (a jejich recepty),1993,158
"Nodl, Ladislav",100 a 1 zvěřinových jídel,1993,101
"Matejka, Mikuláš",Technologie přípravy pokrmů I,1993,126
"Márová, Zdeňka",100 a 1 jídel pro samotáře,1993,71
"Momčilová, Pavla",Studená kuchyně zdravě,1993,62
"Habustová, Milena",Sladká šrotka aneb vánoční hodování,1993,23
,Velká česká kuchařka,1993,783
"Hora-Hořejš, Petr",Péťa Vařič aneb Snadné etudy pro hrnec s pokličkou a obě ruce levé,1993,231
"Hrabětová, Jana",Cukroví z vánočního stolu našich babiček a prababiček,1993,12
"Bradford, Peter",Makrobiotická kuchařka mořských řas,1993,82
"Vašíček-Ďáblík, Zdeněk",Zálesácká kuchyně,1993,30
,Těstoviny,1993,94
,Jídla z jednoho hrnce,1993,96
,Koktejly,1993,96
,Vaření pro radost,1993,304
"Holíková, Marie",Sladkosti pro každou příležitost,1993,69
,Saláty,1993,96
"Franková, Julia",Domácí zavařování,1993,64
,Pečení pro radost,1993,272
"Landová, Julie",Kuchařka do jednoho hrnce,1993,32
"Doležal, Otmar",Životospráva a kuchařka,1993,205
"Nováček, Josef",Slovácká kuchyně,1993,216
,Dobrou chuť,1993,5
"Chmelová, Božena",Vzpomínky z Kanady a recepty na zdraví,1993,138
,Zelenina v diabetické dietě,1993,59
"Burianová, Radka",Kuchařka,1993,124
"Mikulová, Věra",Pečeme na vánoční svátky,1993,116
"Velemínský, Miloš",Anticholesterolová kuchařka,1993,118
,zpravodaj Makrobioklubu Dobruška,1993,10
,Pro vašeho miláčka,1993,29
"Lánská, Dagmar",Jak používat koření,1993,127
"Delanová, Isabelle",Zhubnout a pochutnat si,1993,95
"Hájek, Bedřich",234krát jablko v kuchyni,1993,80
"Dribin, Lois",Dobrá chuť,1993,239
"Duchková, Hana",505 receptů,1993,201
,Vaření pro radost,1993,304
"Westland, Pamela",Kuchařka pro štíhlou linii,1993,80
,Podzim v zahradě,1994,21
"Seitz, Paul",Bylinky na zahrádce a v kuchyni,1994,71
"Průchová, Jarmila",Křižovatka zdraví,1994,151
"Mengerová, Olga",Jídla pro štíhlou linii,1994,35
"Walker, N. W.",Zdraví & salát,1994,223
"Mandžuková, Jarmila",100 a 1 pochoutek - slané pečivo pomazánky,1994,101
"Šestáková, Alena",Jídla pro zdraví,1994,35
"Dekány, Ladislav",Pokrmy z mikrovlnné trouby,1994,31
"Sokol, Emil",Mikrovlnění aneb v kuchyni netradičně,1994,111
"Willan, Anne",Ryby,1994,127
"Gitterová, Sylvie",Pizza calzone focaccia crostata a jiné,1994,33
"Teitge, Ines",Fritování,1994,62
"Meyer zu Stieghorst, Elisabeth",Drůbež v kuchyni,1994,63
"Fuhrmann, Elke",Italská kuchyně,1994,63
"Sauerborn, Marlies",Pizza,1994,63
"Müller, Veronika",Grilování,1994,63
"Frolíková, Jana",Drůbež a zvěřina,1994,35
"Stříbrný, Jiří",Studená kuchyně,1994,33
"Gitterová, Sylvie",Zeleninová jídla v mikrovlnné troubě,1994,35
"Cole, Tim",Long drinky snadno a rychle,1994,33
"Stuber, Brigitta",Vánoční cukroví - snadno a rychle,1994,35
"Janouškovec, Jiří",Hrníčková kuchařka,1994,137
"Pohunek, Milan",100 a 1 rybích jídel,1994,103
"Eichner, Jiří",100 a 1 lahůdek z králičího masa,1994,68
"Mates, Vladimír",Kdo věděl odpověděl,1994,14
"Pospisil, Edita",Bez cholesterolu,1994,120
"Prokopová, Libuše",Vařím vaříš vaříme,1994,104
,Receptury teplých pokrmů,1994,575
"Peukertová, Drahomíra",Ochutnejte plody moře,1994,21
"Kalendová, Kateřina",Jíme také očima,1994,63
"Růžičková, Helena",Kuchařkou proti své vůli,1994,149
"Mandžuková, Jarmila",100 a 1 dortů pečených i nepečených,1994,114
"Brhlík, Eduard",Technologie přípravy pokrmů II,1994,350
"Čandová, Jaroslava",Citrusové plody v kuchyni,1994,30
"Filipová, Lea",Žlučníková dieta,1994,30
"Vlachová, Libuše",Jídelníček plný vitamínů,1994,30
"Zabert, Arnold",Nová velká škola,1994,291
"Karpatský, Dušan",Nostalgická kuchařka,1994,190
"Knotek, Kamil",Jak chytit velkou rybu,1994,64
,Krajánkovy recepty z Vysočiny,1994,27
,Krajánkovy recepty z Chodska,1994,27
,Krajánkovy recepty z Povltaví,1994,26
,Krajánkovy recepty z Krkonoš,1994,27
,Krajánkovy recepty z Jičínska,1994,28
,Krajánkovy recepty z Krušných hor,1994,27
,Krajánkovy recepty ze Šumavy,1994,28
,Krajánkovy recepty ze Slezska,1994,26
,Babička zavařuje,1994,28
,Dietní kuchařka,1994,404
,Vaříme se Švejkem,1994,135
"Welsby, Brian",Cholesterol vrah,1994,107
"Koudelka, Oldřich",Kulinaření s Hubertem,1994,205
"Macek, Jiří",Kuchařka pro podnikatele,1994,54
"Suchá, Jana",Kuchařka pro podnikatele,1994,54
"Kahle, Bohuslav",Kuchařka pro podnikatele,1994,54
"Vyskočilová, Věra",Pomazánky,1994,43
"Matejka, Mikuláš",Technologie přípravy pokrmů I,1994,126
"Sokol, Emil",Mikrovlnění aneb v kuchyni netradičně,1994,93
"Stejskalová, Jaroslava",Receptury pro cukrářskou výrobu,1994,87
,Rukojeť začínající hospodyňky,1994,63
,Velká česká kuchařka,1994,783
"Nosková, Alena",Kuchařka,1994,90
"Hejný, Slavomil",Kuchařka,1994,181
,Polévky a eintopfy z celého světa,1994,140
"Štěpánková, Jana",Tak tady jsou ty slíbené recepty na cukety paní Ehmová,1994,97
"Kosek, Oldřich",100 a 1 drůbežích jídel,1994,77
"Kynclová, Marie",Recepty ze dvora a zahrady,1994,19
"Vernerová, Eva",100 a 1 jídel z mikrovlnné trouby,1994,77
"Mandžuková, Jarmila",100 a 1 pokrmů ze sójového masa,1994,95
,Kuchyň plná fantazie,1994,494
,Kuchyňa plná fantázie,1994,494
"Samková, Hana",Palačinky snadno a rychle,1994,35
"Havel, František",Kuchařka pro podnikatele,1994,53
"Šíp, Emanuel",Kuchařka pro podnikatele,1994,51
"Macek, Jiří",Kuchařka pro podnikatele,1994,70
"Pacovský, Petr",Kuchařka pro podnikatele,1994,51
"Pacovský, Petr",Kuchařka pro podnikatele,1994,51
"Břízová, Joza",Vaříme dětem,1994,197
"Sedláčková, Hana",100 a 1 lahůdek studené kuchyně,1994,125
"Márová, Zdeňka",100 a 1 levných jídel,1994,67
"Solařová, Květuše",100 a 1 receptů - Malý vánoční košíček,1994,79
"Kenton, Leslie",Biogenní dieta,1994,221
"Martinková, Táňa",České vánoce,1994,18
"Kotalová, Radana",Bezlepková dieta,1994,15
,600 receptů do levné kuchyně,1994,48
,Pečeme cukroví,1994,31
,Vaříme v horkovzdušné troubě,1994,30
"Šafářová, Eva",Ze střídmého stolu,1994,30
,Recepty našich babiček z jižních Čech,1994,28
,Recepty našich babiček z Valašska,1994,28
,Recepty našich babiček z Hané,1994,28
,Recepty našich babiček ze Slovácka,1994,28
"Sauerborn, Marlies",Úsporná kuchyně,1994,64
"Boteler, Alison",Disney vás zve na oslavu,1994,163
"Mikulová, Věra",Pečeme na svatby a slavnostní příležitosti,1994,122
,Brambory,1994,96
,Omáčky,1994,96
,Vejce,1994,96
,Zelenina,1994,96
,Česnek,1994,96
,Pokrmy z masa,1994,190
,Brambory rýže těstoviny zelenina saláty,1994,192
,Chuťovky,1994,192
,Ryby zvěřina drůbež,1994,191
,Polévky eintopfy nákypy,1994,192
,Dezerty,1994,192
"Vlachová, Libuše",Italské pokrmy na českém stole,1994,142
"Svobodová, Věra",Sójové maso,1994,49
"Vlachová, Libuše",Španělské pokrmy na českém stole,1994,145
"Vlachová, Libuše",100 a 1 receptů - Vaříme pod párou,1994,106
"Halmová, Hana",Tajemství australské kuchyně,1994,106
"Vlachová, Libuše",Diabetická kuchařka,1994,30
"Moravcová, Alice",Vaříme z mrazené zeleniny,1994,29
,Česko-maďarský slovník hotových jídel dle Receptáře teplých pokrmů a Receptáře studených pokrmů,1994,67
,Těstoviny,1994,143
"Hájek, Miloš",Alergie a výživa,1994,231
Xiaohui Wang,Čínské zeleninové speciality,1994,35
"Piper, Beverley",Mikrovlnné vaření,1994,64
"Ahmed, Lalita",Čínská kuchyně,1994,64
"Pivoňka, Alena",Pomazánky,1994,35
"Fuhrmann, Elke",Saláty,1994,63
"Čapková, Ivana",Saláty,1994,35
"Hladíková, Renata",Cukety lilky patisony a jiné,1994,35
"Kozderková, Lenka",Omelety,1994,35
,Velká kuchařka pro mikrovlnnou troubu,1994,447
,Česko-anglický slovník hotových jídel,1994,67
"Momčilová, Pavla",Vaříme zdravě v jednom hrnci,1994,60
"Teubner, Christian",Pečeme s potěšením,1994,237
,Vaříme s babičkou Kačerovou,1994,135
"Momčilová, Pavla",Celozrnné vánoční a slavnostní pečivo,1994,60
,Česko-německý slovník hotových jídel,1994,67
"Payne, Patricia",Sladkosti bez cukru,1994,64
"Payne, Patricia",Dobrá a zdravá kuchyně,1994,64
"Ferguson, Judith",Pomazánky a saláty,1994,64
"Summ, Ursula",Zdravě jíst zdravě žít,1994,96
"Bellefontaine, Jacqueline",Zavařeniny a džemy,1994,64
"Van Straten, Michael",Super dieta,1994,159
"Momčilová, Pavla",Vaříme dětem chutně a zdravě,1994,42
"Mandžuková, Jarmila",Sladkosti bez cukru,1994,124
,Dorty a cukroví,1994,172
"Gumowska, Irena",Zdraví na talíři,1994,190
"Frolíková, Jana",Vaříme dietně při poruchách zažívacího ústrojí,1994,90
"Frolíková, Jana",Pečeme a vaříme na Vánoce,1994,94
"Diamond, Harvey",Fit pro život II,1994,221
,Rodinná kuchařka,1994,215
"Pechová, Jaroslava",Hrníčková kuchařka,1994,153
"Wheater, Caroline",Džusy pro zdraví,1994,231
"Havlů, Karina",Makrobiotická kuchařka,1994,142
"Pechová, Jaroslava",Hrníčková kuchařka,1994,156
"Faloutová, Jana",Vánoční cukroví,1994,47
,Saláty,1994,159
,Buďme štíhlí buďme fit,1994,144
"Pilarová, Eva",Eva Pilarová vaří pochoutky z drůbeže,1994,68
,Recepty pro všední den,1994,28
,Beverage revue international,1994,6
,Juraj Kukura jako Pouché ve hře Půlnoční večeře,1994,1
,Speciality hotelu Chemik 1995,1994,34
"Zemina, Milan",Koření pro každé vaření 1995,1994,31
"Maňásek, Luděk",53 recepty nejen pro vařící muže 1995,1994,32
"Piper, Beverley",Mikrovlnné vaření,1994,64
"Stroner, Regine",Pečeme na vánoce,1994,99
"Hůna, Vladimír",Kuchyně křížem krážem,1994,166
,Barevné saláty,1994,128
"Vlašínová, Helena",Rady do batohu,1994,30
"Brousek, František",Saláty,1994,124
"Jenček, Vladimír",Kuchařka pro podnikatele,1994,63
"Momčilová, Pavla",Vaříme pestře z české zeleniny,1994,60
"Momčilová, Pavla",Vaříme z tofu bez cholesterolu,1994,59
,Těstoviny na nový způsob,1994,144
"Doležal, Vladimír",Kuchařka,1994,122
"Eckert, Anneliese",Vaříme a pečeme bez vepřového masa,1994,99
"Brzák, Jan",Kuchařka rybářské kuchyně,1994,139
"Veškrnová, Eva",Divadlo výživa a já,1994,339
"Žurková, Marie",Recepty pro zdraví a sílu,1994,70
"Lánská, Dagmar",Koření pro každé vaření,1994,327
"Horan, Peter",Vaříme dětem chutně a zdravě,1994,46
"Kružliak, Peter",Potraviny a nápoje,1995,176
"Feldhaus, Inge",Bramborová jídla,1995,63
"Fuhrmann, Elke",Zelenina v kuchyni,1995,62
"Stejskalová, Jaroslava",Receptury pro cukrářskou výrobu,1995,92
"Baumgarten, Carola",Dětské maškarní kostýmy,1995,63
"Janouškovec, Jiří",Hrníčková kuchařka,1995,157
"Janouškovec, Jiří",Hrníčková kuchařka,1995,137
"Peukertová, Drahomíra",Velikonoce - brána do jara,1995,21
,Nápady z pultu,1995,54
"Řepásková, Nella",Sto receptů na saláty,1995,94
"Vašák, Jaroslav",Kuchařka nejen na neděli,1995,63
"Šebestová, Marcela",Vaříme se Čtyřlístkem,1995,48
"Řepásková, Nella",Sto receptů ze sójového masa,1995,93
"Dekány, Ladislav",Pokrmy z mikrovlnné trouby,1995,117
"Kořínková, Lenka",Dieta Já vím,1995,131
"Jeništová, Květa",Kuchařka,1995,132
"Frank, Norbert",Minutky řízky a steaky,1995,62
"Teubner, Christian",Speciality z celého světa,1995,318
"Rohardt, Monika",Grilujeme doma i v přírodě,1995,125
"Carlsson, Sonja",Malá násobilka dělené stravy,1995,62
"Kozderková, Lenka",Špagety makaróny lasagne,1995,35
"Pechová, Jaroslava",Hrníčková kuchařka,1995,156
,Kuchařka mladých svišťů,1995,45
,Koláče a drobné pečivo,1995,192
"Jesenská, Milena",Mileniny recepty,1995,107
"Průchová, Jarmila",Byznys se zdravím,1995,190
"Oetker, August",Saláty čerstvé a chutné,1995,109
"Momčilová, Pavla",Vaříme pestře z české zeleniny,1995,63
"Hanzlík, Josef",Létající talíře (a lžíce) aneb Zábavná kuchařka pro děti kosmického věku,1995,80
"Bílek, Jiří",Když babičku loupalo v kříži aneb 1000 receptů lidové medicíny na různé potíže neduhy a nemoci,1995,99
"Rohardt, Monika",Domácí speciality,1995,123
"Lange-Ernst, Maria-Elisabeth",Přirozená cesta ke kráse,1995,127
"Gerer, Reinhard",Malé triky velkých kuchařů,1995,139
,Drůbež,1995,127
"Summ, Ursula",Kombinovaná strava,1995,95
"Primusová, Hana",Jak zhubnout v pohodě,1995,133
"Koudelka, Karel",Sto receptů čínské kuchyně,1995,83
"Pechová, Jaroslava",Hrníčková kuchařka,1995,153
"Šmíd, Václav",Základy výuky odborného výcviku v učebním oboru kuchař-číšník kuchařka-servírka se zaměřením na obsluhu a na pohostinství,1995,175
"Koudelka, Karel",Sto receptů pro mikrovlnné trouby,1995,93
"Momčilová, Pavla",Zdravá kuchyně našich babiček,1995,55
"Vlachová, Libuše",Sto receptů na svátky a slavnostní příležitosti,1995,91
,Táborový kuchař,1995,68
"Kment, Milan",Peptické vředy,1995,31
,Pečeme a připravujeme moučníky,1995,363
"Mandžuková, Jarmila",Kuchařka,1995,108
"Roubínek, Zdeněk",Kuchařka,1995,90
"Havlů, Karina",Kuchařka,1995,121
,Kuchařka,1995,140
"Kieslich, Sabine",Šťavnaté saláty,1995,62
"Ferguson, Judith",Z mrazničky do mikrovlnné trouby,1995,63
,Vitamíny v kuchyni,1995,64
"Koch, Silke",Sladké pečivo,1995,62
"Heintze, Thomas M.",Dělená strava podle Dr Haye,1995,111
"Půhoný, Karel",Domácí konzervování,1995,123
"Hořejší, Jaroslav",Dieta a životospráva u onemocnění jater a žlučníku,1995,70
"Gottlieb, Adam",Vaříme s konopím,1995,115
"Průchová, Jarmila",Rizika léčivých bylin,1995,109
"Vlachová, Libuše",Pivní kuchařka,1995,32
"Sedláčková, Hana",Sójové maso II,1995,31
"Filipová, Lea",Mami pusť mě k vaření,1995,37
"Klíma, Michael Dobromil",Čínská kuchařka,1995,178
"Bremness, Lesley",Bylinář,1995,286
"Horák, Jiří",Hepatitida,1995,30
"Vašák, Jaroslav",Kuchařka nejen na neděli,1995,63
,Kuchařka medvídka Pú,1995,45
"Stejskalová, Jaroslava",Receptury pro cukrářskou výrobu,1995,78
"Pavelka, Karel",Dna (Artritis urica),1995,29
,Tabulky energetických hodnot potravin,1995,12
"Vlachová, Libuše",Grilujeme a rožníme,1995,96
"Mayer, Miroslav",Pomazánky,1995,95
"Horák, Jiří",Cirhóza,1995,31
"Mandžuková, Jarmila",Knedlíky,1995,33
"Sokol, Emil",Mikrovlnění aneb V kuchyni netradičně,1995,96
"Čermáková, Mária",Kukuřice rýže jáhly pohanka,1995,69
,Mámo táto já mám hlad,1995,65
,Nákypy,1995,127
,Sváteční pečivo,1995,127
"Primusová, Hana",Recepty na báječná jídla a báječný život,1995,152
"Pechová, Jaroslava",Hrníčková kuchařka,1995,156
"Tlach, Jan",Mořské ryby na našem trhu,1995,32
"Pechová, Jaroslava",Hrníčková kuchařka,1995,93
"Alexander, Sandra",Láska prochází žaludkem,1995,235
"Růžičková, Helena",Kuchařkou proti své vůli aneb Všechno je jinak,1995,208
"Žurman, Alexandr",Guláše a jejich příbuzní,1995,70
,Recepty pro zdraví,1995,28
,Cukrářské recepty,1995,28
,Saláty,1995,29
,Byliny a bylinky,1995,28
,Ovocné recepty,1995,29
"Schuhbeck, Alfons",Menu lásky aneb Kuchyně plná lásky,1995,167
"Dekány, Ladislav",ETA v kuchyni,1995,31
"Brousek, František",Kuchařka,1995,107
"Vlachová, Libuše",Sto receptů z králíka,1995,94
"Peukertová, Drahomíra",Sto receptů pro začátečníky,1995,97
"Krosnařová, Dagmar",30 menu,1995,68
"Koudelka, Karel",Sto receptů moravské kuchyně,1995,95
"Sekáč, Jozef",Sto receptů slovenské kuchyně,1995,97
"Vašák, Jaroslav",Kuchařka nejen na neděli,1995,63
,Dobrá kuchařka českých šlechticů a měšťanů od gotiky po baroko,1995,178
"Hermanová, Ilona",Sto receptů vánočních,1995,95
"Vlachová, Libuše",Sto receptů k vínu,1995,96
,Vaříme zdravě chutně a hospodárně,1995,217
"Kohout, Pavel",Cukrovka,1995,126
"Stříbrný, Jiří",Studená kuchyně,1995,33
"Šestáková, Alena",Jídla pro zdraví,1995,35
"Mengerová, Olga",Jídla pro štíhlou linii,1995,35
"Gitterová, Sylvie",Zeleninová jídla v mikrovlnné troubě,1995,35
"Šubrtová, Olga",Dieta bez diety aneb Brambory v kuchyni pro štíhlou linii,1995,105
"Budinský, Václav",Vaříme a jíme zdravě levně s humorem,1995,141
"Rosa, Ladislav",Anémie,1995,31
,Velká česká kuchařka,1995,783
"Vašák, Jaroslav",Kuchařka nejen na neděli,1995,63
"Filipová, Lea",Sváteční pečivo,1995,32
"Martinková, Věra",Sójové maso,1995,110
"Nejedlý, Bedřich",Zdravá výživa nejen pro diabetiky,1995,96
,Pečeme na Vánoce (II),1995,40
"Šubrtová, Olga",Kuchařka do kapsy aneb Co se doma upeče,1995,159
"Runštuk, Jaroslav",Receptury teplých pokrmů,1995,552
,Cukety luštěniny sója,1995,30
,Pečeme buchty a koláče,1995,29
,Domácí recepty,1995,28
,Moučníky a sladkosti,1995,29
,Recepty moderní kuchyně aneb Vnučka radí babičce,1995,29
"Větvičková, Jana",Recepty bez cholesterolu,1995,30
"Měšťan, Jan",Pane vrchní =,1995,46
"Vlachová, Libuše",Večeře pro všední den,1995,96
"Vlachová, Libuše",Domácí cukroví,1995,93
,Vánoční receptář,1995,13
"Švehelka, Luboš",Kouzelný tvarůžek aneb Kuchařka neobvyklé vůně,1995,117
,Papáme a chutná nám,1995,47
,Vaříme v horkovzdušné troubě,1995,32
"Pechová, Jaroslava",Hrníčková kuchařka,1995,144
"Haluška, Milan",Terapie přirozených pokrmů,1995,48
"Kolaříková, Jana",Praktikum k výuce předmětu Potraviny a výživa pro SOU pro školy hotelové rodinné i základní a pro veřejnost,1995,110
"Vaněk, Jiří",53 recepty nejen pro vařící muže 1996,1995,32
"Poláček, Jiří",Recepty z Dámského klubu Frekvence 1 1996,1995,29
,Bramboriáda aneb Jak jsme vařili z erteplí zemčat zemáků kartoflí jablošek zemských jablek,1995,48
"Kořínková, Lenka",Dieta Vím ještě víc,1995,164
,Z receptáře panské kuchařky,1995,93
"Nosková, Alena",Kuchařka,1995,99
"Irwin, Judith",Výroba domácích vín,1995,155
"Janouškovec, Jiří",Erotická kuchařka,1995,1
"Smotlacha, Miroslav",Sto receptů z hub,1995,96
"Sedláčková, Hana",Sto receptů na zavařování,1995,94
"Stein, Frank",Pochoutky z masa,1995,143
"Fořt, Petr",Pizzy,1995,35
"Cerhová, Dagmar",Polévky snadno a rychle,1995,35
"Kučaj, Martin",Nudlová polévka pro malou mlsalku,1995,42
"Dvořáková, Iva",Má nízkobílkovinná dieta aneb 1177 dní po 20 gramech,1995,56
"Kučera, Ladislav",Pěstování a využití topinambur pro diabetiky,1995,17
"Vít, Vladimír Martin",Sebrané recepty,1995,231
"Faist, Fritz",Sendviče a toasty,1995,62
"Sauerborn, Marlies",Čínská kuchyně,1995,63
"Virágh, Ursula",Hera,1995,78
"Ševčíková, Božena",Kuře kapr králík,1995,69
"Píplová, Marie",Kuchařka,1995,147
"Berry, Mary",Dezerty a cukroví,1995,264
"Žippai, Alexander",Kuchařka pro podnikatele,1995,70
"Lánská, Dagmar",Jak používat koření,1995,125
"Brázdová, Zuzana",Listy pro rodiče,1995,22
"Skopová, Kamila",Lidová tvorba,1995,71
"Nodl, Ladislav",Zvěřina na našem stole,1995,112
Ošó,Perly v kapse u vesty,1995,179
,Velká kuchařka pro mikrovlnnou troubu,1995,447
,Velká kuchařka pro mikrovlnnou troubu,1995,447
"Marhold, Jiří",Pivrncova sexy kuchařka aneb Proč Krkonošáci nevymřeli,1995,159
"Kubešová, Marie",Karamel,1995,60
"Haluška, Milan",Kuchařka nejen na neděli,1996,57
,Magdalena Dobromila Rettigová,1996,44
"Vlachová, Libuše",Vaříme na cestách,1996,30
"Brahová, Marie",Ozdobné perníčky,1996,28
"Siuda, Antonín",111x vejce,1996,32
"Koudelka, Karel",Sto receptů pro horkovzdušnou troubu,1996,96
"Vlachová, Libuše",Domácí moučníky a cukroví,1996,96
"Kořínková, Lenka",Dieta Všechno se vším souvisí,1996,143
"Vašák, Jaroslav",Kuchařka nejen na neděli,1996,55
"Bezděková, Vlasta",České ovoce v kuchyni,1996,62
"Vašák, Jaroslav",Co se vaří v našich krajích,1996,111
"Roubínek, Zdeněk",Kuchařka,1996,149
"Schulz, Berndt",Labužník Hitchcock,1996,87
"Nečas, Luboš",Vánoční návštěvy,1996,123
,Recepty pro jeden hrnec z celého světa,1996,352
,Rodinná kuchařka,1996,175
"Vlasáková, Olga",Od medu k perníku,1996,153
"Momčilová, Pavla",Vaříme pestře z české zeleniny,1996,62
,Kuchařka,1996,390
"Šoltysová, Taťjana",Zdravě chutně příjemně,1996,80
"Jones, Bridget",Diabetická kuchařka,1996,94
"Slimáková, Margit",Jonášův průvodce zdravou kuchyní,1996,295
"Vašák, Jaroslav",Kuchařka nejen na neděli,1996,59
"Vlachová, Libuše",Recepty pro mladé kuchařky,1996,29
"Vašák, Jaroslav",Hrníčková kuchařka,1996,136
"Kaltenbach, Marianne",Moučníky,1996,143
"Kaltenbach, Marianne",Velká mikrovlnná kuchařka,1996,139
"Liepold, Evelyn",Velká kuchařka pro kombinované mikrovlnné trouby,1996,139
"Burket, Pavel",Diety při onemocnění atopickým ekzémem,1996,31
,Obložené mísy,1996,109
"Miltner, Vladimír",Svět na talíři aneb Co chutná od Grónska po Filipíny,1996,246
"Teubner, Christian",Pečeme s potěšením,1996,237
"Widimský, Petr",Ischemická choroba srdeční,1996,30
,Vaječné recepty,1996,28
,Přírodní kuchyně,1996,159
,Saláty výživné a vydatné,1996,109
"Momčilová, Pavla",Sója,1996,60
"Mandžuková, Jarmila",Moderní kuchyně,1996,92
"Marečková, Olga",Léčebná výživa při gastroenterologických komplikacích a možnosti enterální výživy u nemocných s chronickým selháním ledvin,1996,171
"Mandžuková, Jarmila",Kuchařka,1996,107
"Roubínek, Zdeněk",Kuchařka,1996,139
"Stejskalová, Jaroslava",Receptury pro cukrářskou výrobu,1996,76
,Zavařování sladké a pikantní,1996,109
"Vlachová, Libuše",Domácí sladkosti,1996,95
"Strnadelová, Vladimíra",Radost z jídla,1996,167
"Márová, Zdeňka",Sto receptů na zdravá a levná jídla,1996,94
,Sranda kuchařka,1996,121
,V mikrovlnce snadno a rychle,1996,158
"Šourek, Jiří",Diplomatická kuchařka a společenský rádce,1996,186
"Půlpánová, Alena",Mléčné recepty,1996,29
"Kužela, Lubomír",Diety při onemocnění žlučníku,1996,31
"Kužela, Lubomír",Diety při onemocnění slinivky břišní,1996,31
"Roubínek, Zdeněk",Kuchařka,1996,133
"Mandžuková, Jarmila",Kuchařka,1996,109
"Stluková, Eva",Kuchařka,1996,101
,Mikrovlnná kuchařka,1996,80
"Brahová, Marie",Vizovické pečivo pro každou příležitost,1996,28
"Vlachová, Libuše",Minutky,1996,91
,Jak vařit v mikrovlnce,1996,72
"Dušátko, Josef",Zabijačka aneb Receptář vepřových hodů,1996,32
"Filipovská, Pavlína",Dostaveníčko u plotny,1996,100
"Vlachová, Libuše",Moučníky s ovocem,1996,32
"Sedláčková, Hana",Speciality z mikrovlnné trouby ve skle Simax,1996,32
"Králová, Miluška",Pomazánky na každý den,1996,86
,Vařené maso s těstovinami a zeleninou pro psy,1996,1
"Vrbická, Jana",Teplovzdušná a mikrovlnná trouba,1996,29
"Koudelka, Oldřich",S Hubertem na cestách,1996,129
"Dekány, Ladislav",Vaříme pečeme a grilujeme v mikrovlnné troubě,1996,31
"Herrmann, Heinz",Technika provozu,1996,84
"Herrmann, Heinz",Technika provozu,1996,84
"Lukáš, Milan",Diety při onemocnění zácpou,1996,31
"Štěpán, Jan",Diety při onemocnění osteoporózou,1996,31
"Wanner, Ursula",Z receptáře naší babičky,1996,155
"Hamr, Karel",Receptury pro cukrářskou výrobu,1996,84
"Kircher, Nora",Vaříme bez cholesterolu,1996,115
"Pilarová, Eva",Eva Pilarová vaří pochoutky z drůbeže,1996,109
"Hlatky, Christine",Pivní kuchařka,1996,81
"Willan, Anne",Jak vařit těstoviny,1996,72
,Kuchařka mladých svišťů,1996,45
"Momčilová, Pavla",Vaříme z tofu bez cholesterolu,1996,62
"Půlpánová, Alena",Zmrzliny nápoje dezerty,1996,30
"Komárková, Jana",Vaříme zdravě a chutně pro fenylketonuriky,1996,244
"Martinovská, Marie",Sušíme ovoce zeleninu byliny houby-,1996,29
"Šubrtová, Olga",Kuchařka,1996,99
"Koblihová, Stanislava",Kuchařka,1996,116
"Nosovský, Miloslav",Koření,1996,94
,Škola vaření pro začátečníky i pokročilé,1996,236
"Nosovský, Michal",Malá česká kuchařka,1996,95
"Růžičková, Helena",Kuchařka krůtí co má devatero chutí,1996,195
"Filipová, Lea",S Ramou od rána do večera,1996,30
"Mandžuková, Jarmila",Recepty z jednoho hrnce,1996,29
"Mokrý, J.",Setkání rodáků a občanů Sedlčánek a Císařské Kuchyně,1996,12
"Vlachová, Libuše",Sto receptů na snížení vysokého tlaku a cholesterolu,1996,97
"Mandžuková, Jarmila",Sto receptů na cukety dýně a patizony,1996,93
"Stout, Rex",Kuchařka Nera Wolfa,1996,200
"Dresslerová, Jana",Diety při onkologických onemocněních,1996,31
"Tlach, Jan",Sladkovodní ryby zdravě a pestře,1996,32
"Thiel, Claudia",Vaříme a pečeme při alergiích na potraviny,1996,143
,Velká česká kuchařka,1996,783
"Peukertová, Drahomíra",Sto receptů z brambor,1996,91
"Kynclová, Marie",Sto receptů na moučníky,1996,96
"Boulová, Jana",Sto receptů z ryb a plodů moře,1996,96
"Frolíková, Jana",Sto receptů na Vánoce,1996,95
"Delos, Gilbert",Svět koktejlů,1996,119
"Toufar, Pavel",Vánoce,1996,252
"Bernášek, Vladimír",Není hrnec jako hrnec aneb České rodinné vaření,1996,140
,Slepičí polévka pro duši,1996,295
"Mottl, Jindřich",Ilustrovaný slovník pro kuchaře a číšníky,1996,110
"Stejskalová, Jaroslava",Receptury pro cukrářskou výrobu,1996,94
"Stejskalová, Jaroslava",Receptury pro cukrářskou výrobu,1996,62
"Sedláčková, Hana",Snídaně přesnídávky a svačiny pro školáky,1996,30
"Dušková, Eugenie",Nechvalme den před večeří,1996,121
"Mandžuková, Jarmila",Sladké netloustnutí,1996,122
"Pechová, Jaroslava",Hrníčková kuchařka,1996,200
"Berry, Mary",Velká rodinná kuchařka,1996,511
,Z kuchyně našich prababiček,1996,1
"Horan, Peter",Vaříme dětem chutně a zdravě,1996,310
"Štěpnička, Miloš",Rybí receptář Miloše Štěpničky,1996,165
"Schulz, Berndt",Labužník Woody,1996,72
"Komárek, Lumír",Mámo táto já mám hlad,1996,63
,Vůně Vánoc,1996,40
"Zemina, Milan",Ze světové kuchyně 1997,1996,29
"Berková, Dagmar",53 recepty nejen pro vařící muže 1997,1996,29
"Poláček, Jiří",Recepty z Dámského klubu Frekvence 1 1997,1996,29
"Matejka, Mikuláš",Technologie přípravy pokrmů,1996,126
"Brhlík, Eduard",Technologie přípravy pokrmů,1996,350
,Kuchařské suroviny a přísady,1996,247
,Velká kniha pro milovníky česneku,1996,170
"Randáčková, Marie",Už vařím sama aneb Víc než kopa jednoduchých receptů pro žáky základních škol a nejenom pro ně,1996,48
"Sedláčková, Hana",Výživa a příprava pokrmů II,1996,101
,Mikrovlnka,1996,221
"Vodochodská, Libuše",Technologie v kostce,1996,141
"Mašek, Libor",Potraviny a nápoje v kostce,1996,211
"Hurley, Judith Benn",Bylinková kuchařka,1996,338
"Pechová, Jaroslava",Hrníčková kuchařka,1996,136
"Pechová, Jaroslava",Hrníčková kuchařka,1996,138
"Pechová, Jaroslava",Hrníčková kuchařka,1996,144
"Ahmed, Lalita",Čínská kuchyně,1996,64
"Piper, Beverley",Mikrovlnné vaření,1996,64
"Šoltysová, Taťjana",Receptář zdravé výživy školních dětí ve škole a v rodině,1996,71
"Kohout, Pavel",Onemocnění slinivky břišní,1996,110
"Holeček, Bohuslav",100 receptů pro mlsné jazýčky I,1996,30
,Recepty Country Life,1996,24
"Sedláčková, Hana",Kuchařka naší vesnice,1996,511
,Velikonoce na Hané,1996,23
,Advent a vánoce na Hané,1996,18
"Brázdová, Zuzana",Listy rodičům,1996,24
"Švejnoha, Josef",Zavařujeme pro diabetiky,1996,20
"Döllinger, Pavel",Skautská táborová kuchařka,1996,46
"Peloušek, Jan",Zařízení provozů společného stravování,1996,73
"Beckett, Barbara",Vaříme z vlastních zásob,1996,174
,Studená kuchyně pro každou příležitost,1996,191
"Nodl, Ladislav",Recepty s pivem,1996,91
,Velká kuchařka pro mikrovlnnou troubu,1996,447
"Hrabětová, Jana",Koření v kuchyni našich babiček,1996,39
"Hrabětová, Jana",Lidové Vánoce v Polabí,1996,19
"Vlachová, Libuše",Domácí studená kuchyně,1997,90
"Maixnerová, Eliška",Kuchařka pro vnučky,1997,87
"Bartoš, Vladimír",Diety při onemocnění cukrovkou,1997,31
,Pečivo,1997,1
"Pohunková, Hana",Chladíme a mrazíme v domácnosti,1997,126
"Marádová, Eva",Výživa a příprava pokrmů pro 6-9 ročník základní školy a odpovídající ročníky víceletého gymnázia,1997,127
"Kareš, Jiří",Recepty pro diabetiky,1997,89
"Kelblová, Miloslava",Koktejly,1997,190
"Vašák, Jaroslav",Kuchařka nejen na neděli,1997,56
"Lánská, Dagmar",Drůbež na každý den,1997,32
"Šmíd, Václav",Gastronomický slovník v kostce,1997,103
,Grilování na zahradě i na balkoně,1997,157
"Roubínek, Zdeněk",Kuchařka,1997,139
"Stluková, Eva",Kuchařka,1997,99
"Havlů, Karina",Kuchařka,1997,133
"Drahotínská, Olga",Zavařujeme bez chemie,1997,90
"Vlachová, Libuše",Drůbež králík ryby,1997,31
"Vomáčková, Olga",Velikonoce,1997,31
"Dušátko, Josef",Kouří se nám z udírny,1997,31
"Nodl, Ladislav",Grilování,1997,31
"Filipová, Lea",Zavařujeme zmrazujeme sušíme,1997,31
"Stejskalová, Jaroslava",Receptury pro cukrářskou výrobu,1997,105
"Kareš, Jiří",Saláty pro celý rok,1997,89
"Smejkalová, Jana",Sýrové pochoutky,1997,90
"Zázvorková, Stella",Recepty z Vlachovky,1997,97
,Fondue,1997,109
"Polena, Pavel",Recepty nejen pro rybáře,1997,202
"Poberová, Slávka",Minimum k plotně,1997,72
,Dobroty z remosky,1997,40
"Šebela, Jan",Pohled do kuchyně minulých časů,1997,11
"Janalík, František",Tajemství židovské kuchyně,1997,126
"Vašák, Jaroslav",Vaříme dětem,1997,58
"Kareš, Jiří",Cukroví nápoje poháry,1997,89
"Biško, Pavel",Kuchařka - králík na 250 způsobů,1997,128
"Kovář, Jan",Diety při zvýšené hladině cholesterolu (hypercholesterolémie),1997,31
"Dufek, Oldřich",Pečeme ve skle SIMAX,1997,32
"Beranová, Magdalena",Jídlo a pití za Rudolfa II,1997,207
"Rittstein, Michael",Lžíce horké polévky,1997,1
"Filipová, Lea",Zeleninové speciality,1997,30
"Bobková, Jana",Zelenina na stole,1997,111
,Škola pečení pro začátečníky i pokročilé,1997,223
,Vegetariánská kuchařka mňamka,1997,47
"Mandžuková, Jarmila",Kuchařka - moučníky,1997,143
"Doležal, Otmar",Mazdaznan,1997,429
"Hrubý, Stanislav",Diety při onemocnění salmonelózou,1997,31
"Riccio, Dolores",Zdravě i pro labužníky,1997,272
,Houby,1997,110
"Holub, Karel",Prostřené stoly v době císaře Rudolfa II a česká kuchařka alchymisty rytíře Bavora mladšího Rodovského z Hustiřan z roku 1591,1997,193
,Mikrovlnná a horkovzdušná kuchařka,1997,100
,Houby pokaždé jinak,1997,48
"Vlachová, Libuše",Grilujeme a rožníme,1997,96
"Sedláčková, Hana",Výživa a příprava pokrmů III,1997,100
"Nejedlý, Bedřich",Proč zdravě jíst aneb Jak déle žít,1997,281
"Kuras, Benjamin",Anglie je na houby,1997,174
"Hájek, Bedřich",Jablko v kuchyni,1997,111
"Štrobl, Antonín",Kuchařka - recepty pro každý den,1997,109
"Teplan, Vladimír",Diety při onemocnění ledvin,1997,31
"Borchard, Ulrich",Blokátory receptorů BETA,1997,143
"Vašák, Jaroslav",Bramborová jídla,1997,64
"Smotlacha, Miroslav",Houby v hrnci,1997,31
"Miltner, Vladimír",Čtverácká kuchařka aneb Recepty ze čtvera přísad,1997,31
"Vlachová, Libuše",Pomazánky,1997,31
,Nápady ze spíže,1997,48
"Hule, Miroslav",Ryby podle baštýřek z Třeboňska,1997,150
"Vojáček, Jan",Recepty z Dámského klubu Frekvence 1 '98,1997,31
"Winter-Neprakta, Jiří",Dějiny pod pokličkou (s recepty) 1998,1997,31
"Hrubý, Stanislav",Pravda o dietách - o redukčních zvláště,1997,103
"Teubner, Christian",Vaříme s potěšením,1997,230
"Marádová, Eva",Příprava pokrmů,1997,64
"Biggs, Matthew",Zelenina,1997,256
"Vlachová, Libuše",Domácí cukroví,1997,90
"Zemina, Milan",Ze světové kuchyně 1998,1997,29
"Choutka, Miloš",Vaříme dle osvědčených receptů 1998,1997,29
"Krekulová, Alena",A nazveš den odpočinku potěšením,1997,164
"Novák, Jaroslav R.",53 recepty nejen pro vařící muže 1998,1997,31
"Brousek, František",Sto receptů na zavařování,1997,92
"Vlachová, Libuše",Sto receptů na grilování a párty,1997,94
"Kynclová, Marie",Sto receptů na jídla z drůbeže,1997,95
"Peukertová, Drahomíra",Sto receptů na ovocné dezerty,1997,93
"Koudelka, Karel",Sto receptů pro mikrovlnné trouby,1997,93
"Vrbatová, Vendy",Sto receptů se zeleninou a ovocem,1997,96
"Frolíková, Jana",Sto receptů na Vánoce,1997,94
"Matějo, Antonín",Sto receptů na cukroví,1997,96
"Křešnička, Jaroslav",Kuchařka - knedlíky,1997,96
"Juráňová, Božena",Pečeme zdobíme,1997,155
"Vašák, Jaroslav",Osvědčené rady do kuchyně,1997,62
"Ferguson, Judith",Z mrazničky do mikrovlnné trouby,1997,63
,Pečivo pro slavnostní příležitost,1997,141
,Kuchařka české rodiny,1997,148
,Ryby zdravé a chutné,1997,127
"Martin, Pavel",Drůbež,1997,159
"Malinovská, Eva",365 rad do kuchyně,1997,189
"Dufek, Oldřich",Nová domácí kuchařka,1997,239
"Cramm, Dagmar von",Velká vegetariánská kuchařka,1997,240
,Dorty,1997,110
"Susa, Jan",Vařila Míša kašičku,1997,62
"Koch, Silke",Francouzská kuchyně,1997,63
"Zingerling, Cornelia",Mexická kuchyně,1997,63
"Zingerling, Cornelia",Indická kuchyně,1997,63
"Fuhrmann, Elke",Italské těstoviny,1997,63
"Faller, Renate",Kuchyně Dálného východu,1997,62
,Kuchařka - krůta na 150 způsobů,1997,84
"Štěpnička, Miloš",Mořská kuchařka,1997,123
"Cvrčková, Alena",Hrajeme s enery,1997,86
"Pinkava, Josef",chutně a zdravě po celý rok 1998,1997,29
"Ferguson, Judith",Bylinky a koření,1997,64
,Hospody a pivo v české společnosti,1997,259
"Gregor, Pavel",Diety při onemocnění aterosklerózou,1997,31
,Recepty naší rodiny,1997,172
"Bohdalová, Jiřina",Lidi to je ale bašta,1997,190
"Hemerka, Antonín",Houbový jídelníček z Choceňska,1997,83
"Vlachová, Libuše",Minutky,1997,90
"Mandžuková, Jarmila",Vánoční pečivo na poslední chvíli,1997,111
"Janouškovec, Jiří",Hrníčková kuchařka,1997,137
"Pechová, Jaroslava",Hrníčková kuchařka,1997,206
"Pechová, Jaroslava",Hrníčková kuchařka,1997,201
"Pechová, Jaroslava",Hrníčková kuchařka,1997,206
"Pechová, Jaroslava",Hrníčková kuchařka,1997,200
"Whitaker, Leslie",Investiční kuchařka beardstownských paní aneb Jak jsme dobyly burzu a jak to můžete udělat i vy,1997,239
"Mikulová, Věra",Pečeme na vánoční svátky,1997,115
"Liepold, Evelyn",Velká kuchařka pro kombinované mikrovlnné trouby,1997,139
"Sedláčková, Hana",Zázrak zvaný jogurt,1997,31
"Úlehlová-Tilschová, Marie",Chuťový místopis,1997,192
,Rajčata,1997,172
"Martin, Pavel",Těstoviny,1997,107
"Hruška, Martin",Dobroty mé prababičky,1997,31
,Šťastné a veselé,1997,31
"Jarrett-Macauley, Denise",Moučníky a dezerty,1997,64
,Sborník nápadů z Receptáře,1997,288
"Ahmed, Lalita",Zeleninové menu,1997,64
"Pinková, Alice",Recepty ve znamení zvěrokruhu,1997,30
"Brahová, Marie",Perníčky pro každý den,1997,28
"Mikšovic, Alexander",Umění koktejlu,1997,167
"Canfield, Jack",Slepičí polévka pro duši kuchařka,1997,254
"Půlpánová, Alena",Vaříme bez cholesterolu,1997,30
"Ševčíková, Božena",Vegetarián labužník,1997,63
"Summ, Ursula",Žijeme s dělenou stravou,1997,143
"Teplan, Vladimír",Choroby ledvin a močových cest,1997,174
"Gustafson, Helen",Candida,1997,216
"Šimonková, Magdalena",Svačiny nejen pro školáky,1997,101
"Abrahamová, Ivanka",Pečeme,1997,134
"Mayer, Miroslav",Pomazánky,1997,95
"Eckert, Anneliese",Vaříme v římském hrnci,1997,93
"Janalík, František",Domácí výroba vín a likérů,1997,103
,Bez receptu,1997,
"Kushi, Michio",Makrobiotická cesta,1997,259
,Mleté maso,1997,96
"Momčilová, Pavla",Pečeme z kynutého těsta,1997,61
"Momčilová, Pavla",Celozrnné vánoční a slavnostní pečivo,1997,63
"Schwartz, Oded",Konzervování,1997,191
,Koktejly,1997,96
,Pečení pro radost,1997,272
,Vaření po celý rok,1997,480
,Saláty,1997,96
,Brambory,1997,96
"Carrier, Robert",Milion menu,1997,230
"Mach, Ivan",Malá fitness kuchařka,1997,87
"Horecká, Jana",Čínské recepty v české kuchyni,1997,119
"Horecká, Jana",Dělená strava,1997,103
"Paulovičová, Eva",Konzervujeme ovoce a zeleninu,1997,102
"Paulovičová, Eva",Mrazíme ovoce a zeleninu,1997,103
"Haimann, Petr",Střípky z bretaňské kuchyně,1997,26
"Haimann, Petr",Střípky z bretaňské kuchyně,1997,26
,Kuchařka pro diabetiky,1997,47
,Kuchařka pro diabetiky,1997,56
"Martin, Pavel",Drůbež,1997,159
,Pečení po celý rok,1997,478
Bříza,Kuchařka našeho venkova,1997,542
"Štika, Jaroslav",Lidová strava na Valašsku,1997,212
"Konečný, Vladimír",O víně trochu jinak aneb Zapomenuté recepty ovocných vín,1997,99
"Kořínková, Lenka",Dieta + 199 vašich otázek a mých odpovědí,1997,319
"Jindrová, Eliška",Párty s firmou Pekast,1997,59
"Runštuk, Jaroslav",Receptury studených pokrmů,1997,733
"Hošková, Miloslava",Hanácká kuchyně,1997,40
"Pechová, Jaroslava",Hrníčková kuchařka,1997,138
"Pechová, Jaroslava",Hrníčková kuchařka,1997,144
"Gold, Rozanne",1 2 3 a vaříme,1997,207
"Eckert, Anneliese",Vaříme v římském hrnci,1997,93
"Sekanina, Jiří",Rybí kuchařka NOWACO,1997,95
,Velká kuchařka pro mikrovlnnou troubu,1997,447
,Něco na zub,1997,130
,Vaření pro radost,1997,304
"Jirkovská, Alexandra",Dieta pro diabetiky tradičně i netradičně,1997,85
"Mandžuková, Jarmila",Kuchařka,1998,196
"Lukáš, Milan",Diety při zánětlivém onemocnění střev,1998,31
"Hronek, Bohumil",Myslivecká kuchařka,1998,132
"Přikrylová, Jaroslava",Základy veterinární receptury,1998,104
"Rabe, Beate",Stolování na úrovni,1998,117
"Cramm, Dagmar von",Občerstvení,1998,117
"Roubínek, Zdeněk",Kuchařka - nové pomazánky,1998,92
,Kuchyně dneška,1998,96
,Polévka je grunt aneb Na každý den jedna,1998,48
"Šedivý, Václav",Spotřební normy pro masné výrobky,1998,319
"Rusková, Tchang Jün-ling",Čínská kuchyně,1998,32
"Bureš, Jiří",Bezmasé recepty,1998,31
"Summ, Ursula",Zdravě jíst zdravě žít,1998,96
"Doležalová, Jiřina",Kuchařka společenského chování,1998,128
"Vašák, Jaroslav",Kuchařka - kuře pro labužníky,1998,101
"Dolejší, Pavel",Dietní sešit,1998,63
,Koláče a dorty,1998,140
"Vašák, Jaroslav",Ovocné a zeleninové pokrmy,1998,57
"Vlk, Václav",Zahradní krby a grily,1998,140
"Urbanová, Zuzana",Diety při onemocnění hyperlipidémií,1998,31
"Starnovská, Tamara",Diety při onemocnění žlučníku II,1998,31
"Vašák, Jaroslav",Připravujeme guláše,1998,58
,Česnek,1998,109
,Maso na pánvi v hrnci a na pekáči,1998,138
"Willan, Anne",Jak připravit saláty,1998,72
"Kořínková, Lenka",Kuchařka,1998,368
,Diety při dětské obezitě,1998,32
,Diety při onemocnění hepatitidou II,1998,32
"Stange, Peter-Michael",Nová kuchyně,1998,127
"Moravec, Stanislav",Kuchařka,1998,113
,Kuchařka,1998,140
,Brambory,1998,111
"Ždichynec, Bohumil",Léčitelská kuchařka,1998,245
"Miltner, Vladimír",Sto receptů indické kuchyně,1998,97
"Ezechiášová, Věra",Návody na praktická cvičení z technologie výživy,1998,123
"Vlachová, Libuše",Praktická kuchařka,1998,399
"Králová, Ivana",Kuchařka - dary moře,1998,59
"Pechová, Jaroslava",Vaříme a pečeme v horkovzdušné troubě,1998,206
,Velká česká kuchařka,1998,783
"Straten, Michael van",Dělená strava,1998,159
"Bastlová, Marie",Vaříme pro děti 0-3 roky,1998,29
"Nodl, Ladislav",Saláty,1998,31
"Lánská, Dagmar",Cukety,1998,29
"Vlachová, Libuše",Vaříme a pečeme pro diabetiky,1998,31
"Řešátko, Jaroslav",Ryby a dary moře,1998,29
"Vítková, Marcela",Kultura stolování,1998,56
,Konzervujeme bez chemie,1998,40
"Stein, Frank",Grilování,1998,127
"Dvořák, Pavel",Domácí výroba alkoholických a nealkoholických nápojů,1998,119
"Koten, Milan",Speciality z mořských a sladkovodních ryb,1998,135
"Kotrba, Miroslav",Diabetická kuchařka,1998,133
,Speciality z masa a ryb,1998,70
"Kučera, Ladislav",Recepty na pokrmy z topinambur,1998,39
"Vašák, Jaroslav",Velikonoce,1998,58
"Starnovská, Tamara",Diety při zvýšené hladině cholesterolu II,1998,31
"France, Christine",Rady a tipy pro kuchařky,1998,160
"Runštuk, Jaroslav",Receptury teplých pokrmů,1998,541
"Hejzlarová, Taj-ťün",Originální čínská vegetariánská kuchařka,1998,85
"Mandžuková, Jarmila",Zeleninová kuchařka,1998,164
,Zvěřina,1998,127
"Lánská, Dagmar",Květák a brokolice,1998,30
,Slepičí polévka pro ženskou duši,1998,339
"Bulecová, Milena",Pizzy a špagety,1998,29
"Bellini, Wilma",Šmoulí dobrůtky,1998,56
"Marečková, Olga",Nemoci žlučníku a žlučových cest,1998,141
"Filip, Karel",Choroby jater,1998,127
"Kohout, Pavel",Crohnova choroba ulcerózní kolitida,1998,95
"Čermáková, Mária",Pečeme chléb a housky doma a na chalupě,1998,71
"Momčilová, Pavla",V jednom hrnci v jedné pánvi,1998,79
"Pfeiffer, Beate",Kuchařka pro mikrovlnnou troubu,1998,128
"Weise, Otfried",Pět Tibeťanů,1998,264
"Summ, Ursula",Hubneme s dělenou stravou,1998,104
"Vašák, Jaroslav",Jaro je tu,1998,57
"Vašák, Jaroslav",Dětské slavnosti,1998,57
"Vašák, Jaroslav",Rychlé pokrmy,1998,57
"Schuster, A. K.",Z ovoce a zeleniny,1998,61
"Schuster, A. K.",Inspirace z dovolených,1998,59
"Vašák, Jaroslav",Minutky z asijské a čínské kuchyně,1998,59
"Dienstbier, Jan",Lexikon koření,1998,134
"Brahová, Marie",Perníčky po celý rok,1998,28
"Jeništová, Květa",Kuchařka,1998,83
"Kwaśniewski, Jan",Optimální dieta,1998,238
"Šafářová, Eva",Vařím jen pro sebe,1998,119
"Bohdalová, Jiřina",Pro mlsné jazýčky,1998,191
,Pečení po celý rok,1998,478
"Chow, Kit Boey",Všechny čaje Číny,1998,284
"Mandžuková, Jarmila",3K - Krůta kuře králík,1998,105
"Vergne, Blanche",Obložené stoly z celého světa,1998,95
"Havlů, Karina",Makrobiotická kuchařka,1998,141
"Řepásková, Nella",Sto receptů na saláty,1998,94
"Kabourková, Zdena",Vaříme s Habadějem 1998,1998,149
"Ferguson, Judith",Velká mezinárodní kuchařka,1998,304
"Sedláčková, Hana",Sto receptů na zavařování,1998,94
"Janouškovec, Jiří",Hrníčková kuchařka,1998,137
"Lánská, Dagmar",Od artyčoku po zelí,1998,158
"Haničincová, Štěpánka",Manželské recepty a trocha povídání se Štěpánkou Haničincovou a Janem Přeučilem,1998,124
"Filip, Zdeněk",53 receptů nejen pro vařící muže 1999,1998,32
"Zemina, Milan",Ze světové kuchyně 1999,1998,30
"Rameš, Ivan",Vánoční cukroví pro diabetiky,1998,31
"Wolfová, Lenka",Rok receptů pro Vás,1998,15
"Poláček, Jiří",Česká kuchyně 1999,1998,32
"Moskalyková, Miloslava",Diety při onemocnění lupénkou,1998,32
"Poláček, Jiří",Rok plný sladkostí 1999,1998,32
"Poláček, Jiří",Recepty z Dámského klubu Frekvence 1 1999,1998,32
"Pinkava, Josef",Sladkosti 99,1998,16
"Pinkava, Josef",Rychle a zdravě '99,1998,29
"Sedlmayerová, Anna",Jak se vařívalo a žilo v jihočeské hájovně,1998,93
Hildegarda,Léčebná kuchařka svaté Hildegardy,1998,255
"Sedláčková, Hana",Palačinky lívance vafle,1998,30
"Martinková, Táňa",České vánoce,1998,30
"Bohrmann, Peter",Míchané nápoje,1998,560
,Nápady z těstovin,1998,48
,Co pijeme doma,1998,40
"Mikulová, Věra",Pečeme na svatby a slavnostní příležitosti,1998,122
"Mayer, Miroslav",Tanec kolem kuchyně,1998,105
"Martin, Pavel",Myslivecká kuchyně,1998,225
"Biller, Rudolf",Oblohy a zdobení,1998,159
"Schinharl, Cornelia",365 vaření s potěšením,1998,239
"Větvičková, Jana",Rychlá kuchařka,1998,144
"Hermanová, Ilona",Sto receptů vánočních,1998,95
"Maher, Barbara",Dorty,1998,71
"Jones, Bridget",Kuchařka pro mikrovlnnou troubu,1998,144
"Pechová, Jaroslava",Pečeme na Vánoce bez vážení,1998,200
"Mandžuková, Jarmila",Kuchařka,1998,107
"Průchová, Jarmila",Jak jste klamáni,1998,255
"Hebr, Josef",Kuchařka paní Stelly 1999,1998,32
"Moravec, Stanislav",O koření (nejen) pro dobré vaření,1998,88
"Abrahamová, Ivanka",Ryby pečené smažené vařené dušené rybí saláty a pomazánky,1998,87
"Fořt, Petr",Výživa (hlavně) pro kulturistiku a fitness,1998,151
"Klíma, Michael Dobromil",Nová italská kuchyně,1998,313
,O nejlepší českou vánočku roku 1998,1998,1
"Ramos-Elorduy, Julieta",Hmyz na talíři,1998,126
"Adare, Sierra",Vaříme v divočině,1998,198
"Veškrnová, Eva",Jeviště života,1998,317
,Nejlepší recepty světové kuchyně,1998,288
"Roubínek, Zdeněk",Labužnická kuchařka,1998,212
"Polívková, Stanislava",Kuchařka Valašského království aneb Polívka je grunt,1998,151
"Nečas, Luboš",Vánoční návštěvy,1998,147
"Tůmová, Daniela",Diety při dětských průjmech,1998,31
"Starnovská, Tamara",Diety při onemocnění peptickými vředy II,1998,31
,Slepičí polévka pro českou duši,1998,342
"Mikulová, Věra",Pečeme podle vyzkoušených receptů,1998,124
"Gaigg, Walter",Domácí likéry,1998,103
,Betlém - hvězda lásky,1998,1
,Likér Šťastného domova Slza komsomolky a další recepty nápojů z krásné literatury,1998,73
,Recepty naší rodiny,1998,180
"Vašák, Jaroslav",Kuře pro pány i kmány,1998,30
"Filipová, Lea",Žlučníková dieta,1998,30
"Solařová, Květuše",Sto receptů na domácí moučníky,1998,93
"Vlachová, Libuše",Sto receptů z králíka,1998,94
"Boulová, Jana",Sto receptů z ryb a plodů moře,1998,96
"Koudelka, Karel",Sto receptů pro mikrovlnné trouby,1998,93
"Wagner, Petr",Dieta při cukrovce,1998,67
"Wagner, Petr",Dieta při hyperlipidémii,1998,79
"Sedláčková, Hana",Technologie přípravy pokrmů I,1998,85
"Vaňha, Jindřich",Rybí kuchyně,1998,673
"Kaltenbach, Marianne",Velká mikrovlnná kuchařka,1998,139
"Liepold, Evelyn",Velká kuchařka pro kombinované mikrovlnné trouby,1998,139
"Teplan, Vladimír",Dieta při onemocnění ledvin a močových cest,1998,174
"Kocián, Jiří",Dieta při ateroskleróze,1998,77
"Kocián, Jiří",Dieta při odvápnění kostí - osteoporóze,1998,152
"Havlů, Karina",Vaříme v remosce,1998,134
,Recepty z muzejních sbírek,1998,159
"Hagen, Lou Fanánek",Fanánkova dieta Zdravý kořínek,1998,88
,Kulinářský kalendář 1999,1998,28
"Vašák, Jaroslav",Sváteční jídla a moučníky,1998,59
"Hora, Petr",Slavní a mlsní,1998,95
"Büttner, Renate",Čína,1998,127
"Dufek, Oldřich",Zeleninové saláty,1998,87
"Harris, Ben Charles",Jezte plevel,1998,165
,Vánoční cukroví,1998,55
"Patlejchová, Eva",Realimentační postupy pro nemocné,1998,21
"Vaillant, Daniel",Stará francouzská kuchyně,1998,185
"Dolejš, Luděk",Upečte si mafiny,1998,16
"Frolíková, Jana",Česká kuchařka pro moderní ženu,1998,120
"Justoň, Zdeněk",Mediterranée,1998,139
"Weigel, Jaroslav",Malá psí kuchařka,1998,71
"Dvořák, Pavel",Recepty staré a nové kuchyně,1998,1
,Uzení a grilování ryb,1998,77
,Koktejly,1998,1
"Kocián, Jan",1000 receptů k úpravě rybích jídel a malý atlas našich ryb,1998,323
"Krtouš, Vladimír",Speciality hovězího masa plemen Highland a Galloway,1998,46
"Koudelka, Karel",Sto receptů čínské kuchyně,1998,93
"Strnadelová, Vladimíra",Radost z jídla,1998,120
"Budinský, Václav",Nová kuchařka aneb 365 chutných zdravých a levných jídel,1998,119
"Černý, Jiří",Barový provoz v kostce,1998,163
"Vlachová, Libuše",Domácí moučníky a cukroví,1998,90
"Vlachová, Libuše",Grilujeme a rožníme,1998,80
"D'Adamo, Peter",Výživa a krevní skupiny,1998,271
"Ječný, Dobromil",Gastronomický a společenský průvodce světem,1998,237
,Kuchařka pro diabetiky,1998,47
"Kirilenková, Marie",Práce v domácnosti,1998,63
"Kirilenková, Marie",Práce v domácnosti,1998,63
"Marádová, Eva",Talíř zdravé výživy,1998,19
"Pechová, Jaroslava",Pečeme bez vážení,1998,201
"Kopáčková, Kristina",Toulky Japonskem a jeho kuchyní aneb Jak dosáhnout dlouhověkosti,1998,89
"Pechová, Jaroslava",Nejrychlejší moučníky,1998,135
"Pechová, Jaroslava",Ovocné moučníky bez vážení,1998,138
"Pechová, Jaroslava",Hrníčková kuchařka,1998,144
,Diety při onemocnění hepatitidou,1998,30
"Pechová, Jaroslava",Vaříme a pečeme bez vážení,1998,206
"Pechová, Jaroslava",Hrníčková kuchařka,1998,135
"Vlachová, Libuše",Domácí cukroví,1998,90
"Jirkovská, Alexandra",Dieta pro diabetiky tradičně i netradičně,1998,95
"Pechová, Jaroslava",Vaříme a pečeme v horkovzdušné troubě,1998,206
"Švejnoha, Josef",Moučníky pro diabetiky,1998,46
"Summ, Ursula",Hubneme s dělenou stravou,1998,104
"Pechová, Jaroslava",Hrníčková kuchařka,1998,144
"Pechová, Jaroslava",Vaříme a pečeme bez vážení,1998,206
,Kuchařka pro labužníky,1999,133
"Kelblová, Miloslava",Koktejly bez alkoholu,1999,175
"Větvičková, Jana",Pochoutky pro vegetariány,1999,89
"Starnovská, Tamara",Diety při onemocnění cukrovkou II,1999,31
"Starnovská, Tamara",Velikonoční pečivo a jiné recepty pro diabetiky,1999,31
,Slepičí polévka pro pracující duši,1999,286
"Mazel, Judy",Beverly hillská [sic] dieta,1999,292
,Italská kuchyně,1999,127
"Čermáková, Mária",Kukuřice rýže jáhly pohanka,1999,69
"Starnovská, Tamara",Diety při onemocnění dnou II,1999,31
"Willan, Anne",Polévky,1999,71
"Summ, Ursula",Dělená strava pro zdraví a štíhlou linii,1999,160
"Veškrnová, Eva",Jeviště života,1999,319
"Lynn, Sara",Paleta nápadů pro malé výtvarníky,1999,94
"Widimský, Jiří",Dieta při kardiovaskulárních onemocněních,1999,79
"Smith, Gregg",Bible pijáků piva,1999,288
,Krize duchovního vývoje,1999,255
"Nodl, Ladislav",Maso pokaždé jinak,1999,30
"Vlachová, Libuše",Z mrazničky do mikrovlnky,1999,31
"Kareš, Jiří",Cukrářské recepty,1999,29
"Kareš, Jiří",Recepty našich babiček,1999,29
"Spieler, Marlena",Grilování,1999,72
"Hanzlík, Josef",Zábavné vaření pro malé kuchtíky,1999,85
"Mayer, Miroslav",Babiččiny polévky,1999,90
"Štěpnička, Miloš",Ryby pro slavnostní příležitosti,1999,116
"Velemínský, Miloš",Anticholesterolová kuchařka,1999,148
"Toufar, Pavel",Kuchařka pro krkonošského medvěda,1999,149
"Canfield, Jack",Slepičí polévka pro duši teenagera,1999,243
"Peukertová, Drahomíra",Sto receptů na chutné saláty,1999,94
Germana,Když vaří andělé,1999,222
"Horan, Peter",Vaříme bez cholesterolu a pro štíhlou linii,1999,142
"Dvořák, Pavel",Odvary z bylin a jiné nápoje,1999,111
"Abrahamová, Ivanka",Pomazánky saláty doma i na chalupě,1999,93
"Marienková, Anna",Saláty a studené pokrmy,1999,109
"Bareiss, Hermann",Tipy a triky jak se co jí,1999,126
"Dvořáková-Janů, Věra",Lidé a jídlo,1999,182
"Wilson, Anne",Rýže,1999,64
"Wilson, Anne",Polévky,1999,64
"Wilson, Anne",Chuťovky,1999,64
"Wilson, Anne",Zelené koření,1999,63
"Wilson, Anne",Dětská oslava,1999,64
"Wilson, Anne",Pokrmy na roštu,1999,64
"Wilson, Anne",Nejlepší čokoládové dorty a řezy,1999,64
"Wilson, Anne",Vaříme pro menší i větší děti,1999,64
"Wilson, Anne",Neodolatelné sušenky a jiné trvanlivé pečivo,1999,64
"Koten, Zdeněk",Králičí a zaječí speciality,1999,66
"Vrbatová, Vendy",Jak se vařilo a žilo u Čapků,1999,85
"Houšová, Jiřina",Potravinářské výrobky pro mikrovlnný ohřev,1999,77
"Horecká, Jana",Polévky,1999,95
,Francouzská kuchyně,1999,144
"Wilson, Anne",Chutné kuře,1999,64
"Wilson, Anne",Senzační saláty,1999,64
"Wilson, Anne",Jídla z jednoho hrnce,1999,64
"Wilson, Anne",Tvarohové a sněhové dorty,1999,64
"Wilson, Anne",Oblíbené pokrmy z brambor,1999,64
"Wilson, Anne",Dokonalé pečivo,1999,64
"Wilson, Anne",Klasické zeleninové pokrmy,1999,64
"Wilson, Anne",Omáčky a dresinky,1999,64
"Wilson, Anne",Těstoviny,1999,64
"Wilson, Anne",Ryby a plody moře,1999,64
,Jak vařit v mikrovlnce,1999,72
"Mayer, Miroslav",Staročeské recepty,1999,89
"Doležalová, Alena",Těstovinová kuchařka,1999,101
"Havlů, Karina",Italská kuchařka,1999,182
"Lukavská, Lenka",Kuchyně,1999,117
"Rettigová, Magdalena Dobromila",Domácí kuchařka,1999,389
"Koten, Milan",Jiné speciality z mořských a sladkovodních ryb,1999,135
,Srandakuchařka 2,1999,125
"Teplan, Vladimír",Dieta při onemocněních ledvin a močových cest,1999,50
"Kužela, Lubomír",Dieta při hypertenzi,1999,76
"Wilson, Anne",Pizzy a zapékané tousty,1999,64
,Wok,1999,95
,Čínská kuchyně,1999,95
,Italská kuchyně,1999,95
"Krekulová, Laura",Dieta při onemocnění jater a žlučníku,1999,63
"Bezděk, Jaroslav",Výroba uzenin specialit a konserv,1999,159
"Winter, Maria",Dělenou stravou k ideální postavě,1999,134
"Martinovská, Marie",Sušíme ovoce zeleninu byliny houby-,1999,35
"Peck, Christoph",Čínská kuchyně,1999,127
,Brambory,1999,64
,Kuře,1999,64
,Zelenina,1999,64
"Pechová, Jaroslava",Nejrychlejší moučníky,1999,135
"Veselý, Luboš",Country kuchařka aneb Jídla která mám rád,1999,139
"Pechová, Jaroslava",Hrníčková kuchařka,1999,139
"Hofhanzlová, Judita",Polévky a kašičky pro nejmenší,1999,93
,To nejlepší z rybí kuchyně a darů moře,1999,256
"Fraser, Linda",To nejlepší z vegetariánské kuchyně,1999,256
,Kuchařka naší vesnice,1999,511
,Kuře,1999,95
"Třebínová, Marie",Kuchařka - pestré pohoštění,1999,109
"Kovář, Ladislav",Brevíř o houbách,1999,154
"Kořínková, Lenka",Žila a jedla jsem tam 7 let,1999,500
"Morse, Kitty",Biblická hostina,1999,126
"Šulcová, Eva",Babička vaří s vnučkou,1999,29
"Vlachová, Libuše",Grilujeme a rožníme,1999,94
"Adámková, Marie",Praktická příručka pro nakládání s chemickými látkami a přípravky včetně nebezpečných,1999,1
"Vlk, Václav",Pece na pizzu a chleba,1999,82
"Rosen, Diana",Rádce milovníka kávy,1999,160
"Pechová, Jaroslava",Hrníčková kuchařka,1999,208
"Kostelka, Lubomír",Nejen v kuchyni s Vladimírem Menšíkem,1999,221
"Chaloupka, Vít",Tělo jako důkaz,1999,131
"Malovický, Václav",Kuchyně staré Šumavy,1999,175
"Marečková, Olga",Dieta při vleklém onemocnění slinivky břišní,1999,77
"Höflerová, Jitka",Zabijačkový receptář aneb Zabijačka a výroba uzenin u vás doma,1999,133
"Mandžuková, Jarmila",Kuchařka - švindlujeme v kuchyni,1999,125
"Jeremičová, Bohumíra",Vaříme mrazíme rozmrazujeme,1999,90
"Kareš, Jiří",Oblíbené saláty,1999,90
,Dezerty pro mlsné jazýčky,1999,127
"Knoop, Martin",Houby,1999,254
,Jablko na stole,1999,40
"Morse, Kitty",Jedlé květy,1999,87
"Pelikán, Miroslav",Pečeme a zdobíme perníky,1999,125
"Vrabec, Vilém",Český kapr v teplé a studené kuchyni,1999,62
,Moderní vegetariánská kuchařka,1999,304
"Ornish, Dean",Mějte znovu zdravé srdce,1999,600
"Uzel, Radim",Antikoncepční kuchařka aneb Cesty k sexuálnímu zdraví,1999,137
"Harland, Simone",Low fat food,1999,143
"Marienková, Anna",Pokrmy z masa,1999,109
"Willan, Anne",Jak připravit kuře,1999,72
"Semerád, Pavel",Erotická kuchařka,1999,68
"Mahelová, Lenka",Vánoční cukroví,1999,95
"Gregor, Pavel",Diety při onemocnění hypertenzí (vysoký krevní tlak),1999,31
"Tůmová, Daniela",Diety při pálení žáhy,1999,31
"Myslíková, Pavla",Diety při onemocnění obezitou (redukční dieta),1999,31
"Skopová, Kamila",Lidové pečivo,1999,27
"Elliot, Rose",Jak připravit zeleninu,1999,71
"Norman, Jill",Jak vařit s kořením,1999,72
"Dvořák, Vladimír",S Vladimírem Dvořákem o chutích a lidech,1999,125
"Dekány, Ladislav",Pokrmy z mikrovlnné trouby,1999,106
"Machovská, Danuše",Mikrovlnná kuchařka s časy,1999,95
"Machovská, Danuše",Kuře krůta králík,1999,95
"Machovská, Danuše",Cukety patizony tykve zeleninové saláty,1999,93
"Novotná, Jana",Španělská kuchyně,1999,152
"Horecká, Jana",Pomazánky na každý den,1999,119
"Horecká, Zdenka",Recepty pro mikrovlnnou troubu,1999,111
"Doležal, Vladimír",Kuchařka,1999,123
"Müller, Sven-David",Chutně pro diabetiky,1999,96
,Španělská kuchyně,1999,127
"Vlachová, Libuše",Nejlepší z minutek,1999,90
,Zajištění přechodu do roku 2000 držiteli povolení k nakládání se zdroji ionizujícího záření při lékařských aplikacích,1999,30
"Vlachová, Libuše",Žaludeční dieta č 1,1999,31
"Filipová, Lea",Ze zahrádky do kuchyně,1999,31
"Bastlová, Marie",Vaříme dětem od tří let,1999,31
"Vomáčková, Olga",Oslavujeme na zahradě,1999,31
"Sedláčková, Hana",Nebojte se vaření,1999,31
"Vlachová, Libuše",Jaterní dieta,1999,31
"Klabzová, Miloslava",Recepty z mletého masa,1999,29
,Rozšíření sortimentu čerstvých salátů,1999,56
"Gajdůšek, Stanislav",Společné stravování,1999,113
,Mexická kuchyně,1999,95
,Vegetariánská kuchyně,1999,95
"Sedláčková, Hana",Káva čaj kakao čokoláda,1999,31
"D'Adamo, Peter",Kuchařka - výživa a 4 krevní skupiny,1999,368
,To nejlepší z italské kuchyně,1999,256
"McFadden, Christine",Velká encyklopedie čokolády,1999,256
"Fořtová, Dana",Kuchařka bez cholesterolu aneb Pojistka ke zdraví a úspěchu,1999,73
"Sedláčková, Hana",Technologie přípravy pokrmů 2,1999,93
"Jeništová, Květa",Moučníky - řezy pro každou příležitost,1999,125
"Roubínek, Zdeněk",Kuchařka,1999,133
"Vlachová, Libuše",Oblíbené domácí cukroví,1999,105
"Koukolová, Alexandra",Praktická bezlepková kuchařka,1999,57
,Slepičí polévka pro duši matky,1999,276
"Mottl, Jindřich",Nápoje,1999,111
"Štěpánská, Věra",Pečeme cukroví,1999,29
"Polena, Pavel",Kapr v naší a světové kuchyni,1999,128
"Voak, Sally-Ann",Dieta pro čokoholiky,1999,129
"Schmedes, Christa",Zdobení rychlé a lákavé,1999,117
"Berk, Sally Ann",Receptář mistra barmana,1999,253
"Berry, Mary",Dezerty a cukroví,1999,264
"Lánská, Dagmar",Zelené koření I,1999,163
,Recepty naší rodiny,1999,179
"Martin, Pavel",Vánoční kuchařka,1999,142
"Choutka, Miloš",Receptář míchaných nápojů 2000,1999,30
"Zemina, Milan",Recepty pro krásu i na talíř 2000,1999,30
"Zemina, Milan",Ze světové kuchyně 2000,1999,30
"Pinkava, Josef",Vaříme doma 2000 dobrou chuť,1999,29
"Vojáček, Jan",Recepty z Dámského klubu Frekvence 1 - 2000,1999,33
"Pijáčková, Eva",Česká kuchyně,1999,126
"Martin, Pavel",Pánev wok aneb Nejen čína na talíři,1999,149
"Poláček, Jiří",Česká kuchyně 2000,1999,30
"Kužela, Lubomír",Žlučníkové Vánoce,1999,48
"Rameš, Ivan",Vánoční cukroví pro diabetiky,1999,31
"Rameš, Ivan",Pokrmy z masa pro diabetiky,1999,32
"Samková, Zuzana",Recepty pro každého 2000,1999,15
"Momčilová, Pavla",Nudle špagety & spol,1999,87
"Kořínková, Lenka",Kuchařka,1999,304
"Drahokoupil, Zdeněk",Rybářský kalendář s recepty 2000,1999,13
,Rodinné slavnosti ve skle SIMAX,1999,31
"Uhlíř, Roman",Velká kniha koktejlové magie,1999,159
"Lukáš, Karel",Vředy žaludeční a dvanácterníkové,1999,110
"Kocián, Jiří",Dieta při odvápnění kostí (osteoporóze),1999,152
"Wagner, Petr",Dieta při cukrovce,1999,67
,Pečeme a připravujeme moučníky,1999,363
"Pilarová, Eva",Pochoutky pro zdravé i nemocné,1999,109
"Peukertová, Drahomíra",Italská kuchařka pro moderní ženu,1999,119
"Bláha, Ludvík",Vánoční pečivo - snadno a rychle,1999,35
"Frolíková, Jana",2000 nejlepších receptů z české i zahraniční kuchyně,1999,288
"Dufek, Oldřich",Sýrová kuchařka,1999,31
"Nová, Jarmila",Rady rady Vacátka aneb Kuchařka nejen hříšných lidí města pražského Jaroslava Marvana,1999,191
"Poncová, Svatava",Speciality sladké kuchyně,1999,103
"Mahelová, Lenka",Staročeská kuchařka,1999,95
"Mahelová, Lenka",Pečeme podle našich babiček,1999,94
"Mayer, Miroslav",Extra pomazánky,1999,90
"Zázvorková, Stella",Ať Vám chutná-,1999,99
"Gregor, Achille",Muž v zástěře aneb Jak vařil Achille Gregor,1999,215
"Břízová, Joza",Vaříme zdravě chutně a hospodárně,1999,502
"Hebr, Josef",Vaříme s paní Stellou 2000,1999,32
,Vaříme s našimi herci a zpěváky 2000,1999,30
"Brahová, Marie",Vizovické pečivo včera i dnes,1999,28
,Perníky z forem a perníčky zdobené cukrovou polevou,1999,8
"Frolíková, Jana",Sto receptů pro tlakový hrnec,1999,95
"Smotlacha, Miroslav",Sto receptů z hub,1999,96
"Koudelka, Karel",Sto receptů na zabijačky,1999,93
"Koudelka, Karel",Sto receptů pro mikrovlnné trouby,1999,93
"Boulová, Jana",Sto receptů z ryb a plodů moře,1999,96
"Vašák, Jaroslav",Sto receptů na Vánoce,1999,96
"Martin, Pavel",Čaj čaj čaj aneb Recepty na čaj s čajem i k čaji,1999,153
"Nodl, Ladislav",Kapr na všední a sváteční stůl,1999,83
"Mandžuková, Jarmila",Kuchařka,1999,142
"Martin, Alex",Dekadentní kuchařka,1999,173
"Asala, Joanne",Keltská lidová kuchyně,1999,406
"Henry, Mike",Karibské koktejly a míchané nápoje,1999,149
"Rias-Bucher, Barbara",Moderní kuchyně,1999,700
"Mayer, Miroslav",Bramborové pochoutky aneb Brambor náš vezdejší,1999,78
,Thajská kuchyně,1999,95
,Pizza,1999,95
"Konečný, Stanislav",Dary moře,1999,114
"Stroner, Regine",Pečeme na vánoce,1999,99
,Thajská kuchyně,1999,64
,Indická kuchyně,1999,64
,Španělská kuchyně,1999,64
,Francouzská kuchyně,1999,64
,Čínská kuchyně,1999,64
,Řecká kuchyně,1999,64
,Irská kuchyně,1999,64
,Italská kuchyně,1999,64
,Mexická kuchyně,1999,64
,Wok,1999,64
"Persein-Beránek, Emanuel",Nová domácí kuchařka pro česko-americké hospodyně,1999,1
,Sbíráme recepty,1999,204
,Kuchařka pro diabetiky,1999,48
,Kuchařka pro diabetiky,1999,52
,Zavařujeme pro diabetiky,1999,19
,Moučníky pro diabetiky,1999,46
,Ovoce v diabetické dietě,1999,42
,Dieta při cukrovce,1999,16
"Jirkovská, Alexandra",Dieta pro diabetiky tradičně i netradičně,1999,95
"Bystroň, Marcel",Humorná kuchařka,1999,67
"Bystroň, Marcel",Humorná kuchařka,1999,67
"Voak, Sally-Ann",Hubneme s čokoládou,1999,129
,Velká rodinná kuchařka,1999,172
,Polévky,1999,64
,Těstoviny,1999,64
,Dezerty,1999,64
"Pechová, Jaroslava",Hrníčková kuchařka,1999,206
"Pechová, Jaroslava",Hrníčková kuchařka,1999,201
"Pechová, Jaroslava",Pečeme na Vánoce bez vážení,1999,200
"Pechová, Jaroslava",Hrníčková kuchařka,1999,144
"Pechová, Jaroslava",Hrníčková kuchařka,1999,206
"Pechová, Jaroslava",Nejrychlejší moučníky,1999,135
"Janouškovec, Jiří",Hrníčková kuchařka,1999,137
"Čermáková, Mária",Kukuřice rýže jáhly pohanka,1999,69
"Pechová, Jaroslava",Pro chataře a chalupáře,1999,197
,Dramaturgická kuchařka,1999,61
"Bardon, Petr",Jídlo-pití-žití,1999,
"Šebestová, Marcela",Fifinčina dětská kuchařka,1999,48
"Uhrin, Roman",Zdraví které chutná,1999,253
,Hudební kuchařka,1999,223
"Švejnoha, Josef",Zelenina v diabetické dietě,1999,59
"Heinerman, John",Encyklopedie léčivých šťáv,2000,360
"Kushi, Michio",Dieta pro silné srdce,2000,484
"Hrabica, Zdeněk",Pivo na talíři,2000,133
"Sůvová-Parodi, Daniela",Italská kuchyně aneb Sýr na nespočet způsobů,2000,195
"Höppnerová, Věra",Němčina pro číšníky a kuchaře,2000,291
"Momčilová, Pavla",Zdravá kuchyně našich babiček,2000,94
"Dlapová, Barbora",Velká česká kuchařka,2000,406
"Kreitzman, Sue",Low fat,2000,168
,Kuchařův rok,2000,159
"Chourová, Iva",Makrobiotická kuchařka,2000,342
"Dufek, Oldřich",Káva známá i neobyčejná,2000,61
"Martin, Pavel",Velikonoční kuchařka,2000,181
"Mahelová, Lenka",Polévky našich babiček,2000,102
"Grunert, Peter",Jablečný ocet aneb Jak zhubnout 5 kg za 4 týdny,2000,113
"Kohout, Pavel",Amaranth,2000,61
"Cerqueirová, Andrea",Politická kuchařka,2000,133
,Slepičí polévka pro duši,2000,309
"Hönigová, Marcela",Sto receptů na polévky,2000,97
"Šustalová, Libuše",Kuchařka,2000,107
,Kuchařův rok,2000,159
"Grasreiner, Wolfgang",Kuchyně a koupelny,2000,125
"Mayer, Miroslav",První český opravník kuchyňských stravovacích a bylinkářských omylů,2000,78
"Kohout, Pavel",Zácpa,2000,88
"Kořínková, Lenka",Slavnostní kuchařka,2000,334
"Formánková, Hana",Bylinkový receptář,2000,157
"Kempe, Christina",Jablečný ocet,2000,48
"Štochlová, Jaroslava",Receptář zdravé výživy,2000,109
"Malovický, Václav",Kuchyně staré Šumavy,2000,191
"Vykydal, Václav",Žampiónová kuchařka,2000,102
"Mengerová, Olga",Česká kuchařka pro Váš typ,2000,86
,Recepty naší rodiny,2000,195
"Summ, Ursula",Velká kuchařka dělené stravy,2000,175
"Černická, Marie Jana",Česká kuchařka podle krevních skupin,2000,204
"Ticháčková, Olga",Pokrmy na pánvi WOK,2000,86
"Větvičková, Jana",Rychlá kuchařka,2000,127
"Ticháčková, Olga",Rychlé večeře,2000,97
"Havlů, Karina",Lilky neboli Baklažány,2000,149
"Kluková, Uršula",Kudy chodím tudy jím,2000,133
"Guzek, Gaby",Plísňová onemocnění,2000,215
"Mahelová, Lenka",Pomazánky,2000,95
,Zavařujeme,2000,88
"Klíma, Jaroslav",Jihočeská kuchařka,2000,195
"Ferguson, Valerie",Klasická kuchyně pro moderní ženu,2000,64
,Krotitelé cukru,2000,193
"Ticháčková, Olga",Lehká strava,2000,117
"Ferguson, Valerie",Na grilu,2000,64
,Vaříme čínu snadno a rychle,2000,62
"Havlů, Karina",Zeleninová kuchařka pro moderní ženu,2000,120
"Filipová, Lea",Česká kuchyně,2000,64
"Hrušínský, Rudolf",Rodinné stříbro,2000,206
"Pomiane, Édouard de",Originální francouzská kuchařka aneb Kuchyně z doby kdy Francie byla ještě Francií,2000,139
"Airainer, Maria Claudia",Redukční dieta,2000,72
"Novotný, Petr",Ham a mňam,2000,127
"Kolomazník, Jan",Láska prochází žaludkem aneb Co chutná Evě Pilarové,2000,87
"Vlachová, Libuše",Pečeme pro diabetiky,2000,120
"Irons, Diane",Tajemství diety,2000,310
"Šmajstrla, Zdeněk",Pohanka ve mlýně a v kuchyni,2000,110
,Velká kniha skvělých nápadů,2000,96
"Chaloupka, Vít",Tělo jako důkaz,2000,151
"Bohdalová, Jiřina",Co se skrývá pod pokličkou,2000,191
,Brambory,2000,64
,Pohoštění,2000,64
,To nejlepší z Indie,2000,64
,Vegetariánská klasika,2000,64
"Vlachová, Libuše",Dieta při zvýšené hladině cholesterolu,2000,120
"Ferguson, Valerie",Italská kuchyně,2000,64
"Atkins, Robert C.",Nová revoluční dieta doktora Atkinse,2000,369
"McIntyre, Anne",Zdravé nápoje,2000,159
,Slepičí polévka pro duši milovníků domácích mazlíčků,2000,281
,Kuchařka F1 (Frekvence 1),2000,327
"Chmel, Ladislav",Vaříme s bylinkami,2000,285
"Mazel, Judy",Recepty pro doživotní štíhlost,2000,257
"Vařík, Kája",Magie v kuchyni aneb Svíčková na střeše,2000,141
"Krátký, Josef",Gurmánská kuchařka,2000,224
"Čechová, Hana",Jak zhubnout a dosyta se najíst,2000,144
,Kuchařské recepty vypsané z krásné literatury,2000,253
"Verny, Jules",Cesta kolem světa v 2krát 80 receptech,2000,111
"Cox, Jo-Anne",1000 klasických receptů z celého světa,2000,1021
,Vegetariánská kuchyně,2000,95
"Summ, Ursula",Hubneme s dělenou stravou,2000,80
"Lánská, Dagmar",Bez koření není vaření,2000,32
"Čatloš, Dušan",Speciality myslivecké a rybářské kuchyně,2000,107
"Větvičková, Jana",Zapomeňte na diety,2000,90
,Vaření bez tuku,2000,95
,Těstoviny,2000,95
,Orientální kuchyně,2000,95
"Vašák, Jaroslav",První česká banánová kuchařka,2000,32
"Mayer, Miroslav",Velká kniha gulášů,2000,187
"Myslíková, Pavla",Italská kuchyně v redukční variantě,2000,31
"Čapková, Ivana",Saláty snadno a rychle,2000,35
"Höflerová, Jitka",Konzervujeme ovoce a zeleninu tradičně i netradičně,2000,94
"Procházková, Světlana",Kuchařka - vaříme z polotovarů,2000,125
"Herinková, Nina",Vaření pro milostná setkání,2000,24
"Rosen, Diana",Rádce milovníka zeleného čaje,2000,139
,Kuchařka,2000,132
"Valter, Karel",Vše o čaji pro čajomily,2000,190
"Vlachová, Libuše",Brambory knedlíky těstoviny pokaždé jinak,2000,106
"Mahelová, Lenka",Maso z babiččina receptáře,2000,111
"Pighin, Gerda",Chutně bez cholesterolu,2000,127
"Hrabec, Martin",Slovník odborné kuchařské terminologie,2000,127
"Straten, Michael van",Dělená strava,2000,159
"Nosovský, Miloslav",Guláše perkelty ragú-,2000,90
"Martin, Pavel",Tajemství italské kuchyně,2000,122
"Vlk, Václav",Zahradní krby a grily II,2000,84
,Kuchařské suroviny a přísady,2000,247
,Mikrovlnka,2000,221
"Fořt, Petr",Recepty a výživové tabulky (nejen) pro sportovce,2000,167
"Vašák, Jaroslav",Gulášová kuchařka,2000,141
"Elefteriadu, Martha",Řecká kuchyně Marthy Elefteriadu,2000,211
"Haas, Elson M.",Detoxikační dieta,2000,103
"Mach, Ivan",Fitness kuchařka plus,2000,170
"Zacker, Christina",Domácí recepty proti nemocem,2000,319
"Nodl, Ladislav",Saláty,2000,32
"Vlachová, Libuše",Zavařování,2000,31
"Frolíková, Jana",Rychlé večeře pro moderní ženu,2000,118
"Kovář, Ladislav",Netradiční recepty pro zdraví,2000,152
,Čínská kuchyně,2000,48
"Stein, Frank",Grilování a jiné pochoutky z masa,2000,143
,Saláty,2000,95
,Pikantní kuchyně,2000,95
,Vaření pro dva,2000,95
,Vaření pro jednoho,2000,95
,Ryby a jiní mořští živočichové,2000,95
"Lederer, Helga",Jak zhubnout podle krevních skupin,2000,128
"Dufek, Oldřich",Grilujeme rožníme a zapékáme na chatách a chalupách,2000,119
"Höflerová, Jitka",Houbařská kuchařka,2000,109
"Martin, Pavel",Grilujeme doma i na zahradě,2000,106
"Beranová, Magdalena",Jak se jedlo ve starověku,2000,165
"Runštuk, Jaroslav",Receptury teplých pokrmů,2000,542
"Nečas, Luboš",Pohádkové vaření aneb Pohádkové postavičky pro kluky a pro holčičky,2000,126
"Krekulová, Laura",Dieta při onemocnění jater žlučníku a žlučových cest,2000,67
"Štěpánková, Jana",Tak tady jsou ty slíbené recepty na cukety paní Ehmová,2000,97
"Nodl, Ladislav",Studená kuchyně na všední a sváteční den,2000,156
"Martin, Pavel",Kuchařka pro slaměného vdovce aneb Muž v kuchyni,2000,163
"Willan, Anne",Jak vařit těstoviny,2000,71
,Čínská kuchyně v redukční variantě,2000,31
,Americká kuchyně v redukční variantě,2000,31
"Šebek, Luboš",Technologie kuchařských prací,2000,151
"Mandžuková, Jarmila",Bleskovky v kuchyni,2000,90
"Kareš, Jiří",Domácí buchty a koláče,2000,106
"Vosecká, Libuše",Jak se vaří z dýní a patizonů jakož i z cuket a lilků,2000,160
"Větvičková, Jana",Kuře a krůta 200x jinak,2000,90
"Burianová, Radka",Kuchařka,2000,141
"Vlachová, Libuše",Čtyři porce do stovky,2000,32
"Martin, Pavel",Fritujeme maso zeleninu i moučníky,2000,110
"Mahelová, Lenka",Saláty a letní večeře,2000,103
"Höflerová, Jitka",Zabijačkový receptář,2000,143
,Kuchařův rok,2000,159
"Královcová, Jana",Chutné saláty pro moderní ženu,2000,120
"Opatřilová, Hana",Tegralové pečivo,2000,91
,Praktická kuchařka pro moderní ženu,2000,95
"Mayer, Miroslav",Luštěniny od A do Z,2000,117
"Zemánková, Milada",Kuchařka - sójové dobroty,2000,109
"Vlachová, Libuše",Saláty,2000,134
"Vlachová, Libuše",Vaříme na víkendu,2000,322
"Mandžuková, Jarmila",Kuchařka - vaříme dětem,2000,157
"Jeništová, Květa",Slané pečivo,2000,109
"Vlachová, Libuše",Dobrůtky k čaji a kávě,2000,106
"Roubínek, Zdeněk",Rychlé pokrmy a lákavé pohoštění,2000,244
"Lánská, Dagmar",Zelené koření II,2000,235
,Kuchařův rok,2000,160
"Heßmann-Kosaris, Anita",Dieta podle krevních skupin,2000,104
,Chuťovky,2000,127
"Sedláčková, Hana",Sladkosti našich babiček čili Kterak rozmanité moučné lahůdky připravovati,2000,32
,Vaříme ze zeleniny,2000,40
"Mikšovic, Alexander",Umění koktejlu,2000,167
"Loukotková, Jarmila",Jarmila Loukotková vzpomíná vypráví a vaří,2000,185
,Kuchařka pro diabetiky a nejen pro ně,2000,287
"Janků-Sandtnerová, Marie",Cukrovinky moučníky a dorty,2000,164
"Janků-Sandtnerová, Marie",Zelenina a saláty,2000,95
"Janků-Sandtnerová, Marie",Francouzská kuchyně,2000,126
"Janků-Sandtnerová, Marie",Rybí kuchařka,2000,101
"Dvořák, Jaroslav",Bramborová kuchyně,2000,130
"Zemanová, Eva",Jíme abychom žili,2000,211
"Martin, Pavel",Vánoční hodování,2000,114
"Lánská, Dagmar",Česká kuchyně 2001,2000,31
"Poláček, Jiří",Recept po babičce aneb Vaříme na Regině 2001,2000,16
"Böckle, Roland",Kneippova kuchařka,2000,223
,Recepty 2001,2000,28
"Kareš, Jiří",Recepty mistra cukráře,2000,90
"Drahošová, Naděžda",Míchané nápoje,2000,132
"Vlachová, Libuše",Co chutná v Evropě,2000,480
"Drahokoupil, Zdeněk",Houbařský kalendář s recepty 2001,2000,13
"Drahokoupil, Zdeněk",Rybářský kalendář s recepty 2001,2000,13
"Mayer, Miroslav",Lahůdky z masa,2000,90
"Vlachová, Libuše",Ovocné moučníky a dezerty,2000,331
"Pfeiffer, Beate",Kuchařka pro mikrovlnnou troubu,2000,127
,Nápoje alkoholické i nealkoholické,2000,127
,Kuchařův rok,2000,120
"Lánská, Dagmar",Chutně zdravě levně osvědčené recepty 2001,2000,28
"Pinkava, Josef",Když nevíte co vařit Kuchařka 2001,2000,28
"Poláček, Jiří",Světová kuchyně 2001,2000,30
"Hrubý, Stanislav",Omyly a fámy v dietním stravování,2000,79
"Komárek, Lumír",Lucinka ráda mlsá,2000,32
"Vašák, Jaroslav",Z kuchyně slavných,2000,253
"Jakeš, Antonín",Čínská kuchařka,2000,125
"Widimský, Jiří",Dieta při kardiovaskulárních onemocněních,2000,79
"Momčilová, Pavla",Česká kuchyně pro Váš typ,2000,142
"Vlachová, Libuše",Polévky,2000,95
"Zíbrt, Čeněk",Česká kuchyně za dob nedostatku před sto lety,2000,95
"Kareš, Jiří",Vánoční pečivo snadno a rychle,2000,106
"Havlů, Karina",Bramborová kuchařka,2000,143
"Ullmannová, Jiřina",Dělená strava aneb Hubneme bez hladovění,2000,86
"Hájek, Jan",Námořnická kuchařka aneb Povídání o jídle a cestování,2000,123
"Šustalová, Libuše",Kuchařka,2000,94
"Růžičková, Helena",Vaříme s Helenou Růžičkovou,2000,175
"Nachmüllner, Ladislav",Ladislav Nachmüllner vulgo Praganda,2000,143
"Štochlová, Jaroslava",Zvýšený cholesterol,2000,75
,Vánoční cukroví,2000,157
,Šťastné a veselé-,2000,160
"Martin, Pavel",Fondue ze sýra masa i zeleniny,2000,114
"Brahová, Marie",Perníčky pro každého,2000,28
,Praktická kuchařka na Vánoce a Nový rok,2000,97
"Chaloupka, Vít",60 dní které otřásly Jitkou Asterovou,2000,115
"Úlehlová-Tilschová, Marie",Staročeská kuchařka,2000,473
"Sedláčková, Hana",Technologie přípravy pokrmů 3,2000,93
"Kolouch, Martin",Stroje a zařízení v gastronomii a technologie přípravy pokrmů,2000,111
,Nejlepší předpisy s příchutí alkoholu,2000,32
"Vlachová, Libuše",Minutky,2000,32
,Ve znamení rožně a kotlíku,2000,31
,Nápady z těstovin,2000,32
"Solařová, Květuše",Košíček svátečních receptů,2000,195
"Peleška, Stanislav",Peleškova zahrádkářská ročenka,2000,2
,Moderní kuchařka,2000,304
"Hillier, Malcolm",Vánoční kniha,2000,115
"Hrdlička, Josef",Hodovní stůl a dvorská společnost,2000,337
"Samková, Zuzana",Recepty pro každého 2001,2000,15
"Poláček, Jiří",Česká kuchyně 2001,2000,30
"Vojáček, Jan",Recepty z Dámského klubu Frekvence 1 2001,2000,30
"Oláhová, Lubomíra",Nejen romská kuchařka =,2000,79
"Kynclová, Marie",Sto receptů na moučníky,2000,96
"Sedláčková, Hana",Sto receptů na zavařování,2000,94
"Peukertová, Drahomíra",Sto receptů italské kuchyně,2000,95
"Koudelka, Karel",Sto receptů čínské kuchyně,2000,93
"Boulová, Jana",Sto receptů na zeleninová jídla,2000,96
"Chomicz, Aleksandra",Jídla z jednoho hrnce,2000,96
,Oslaďte si život aneb Tak vařil Zarathustra,2000,119
,Pochutnejte si bez masa aneb Tak vařil Zarathustra,2000,135
"Nodl, Ladislav",Studená kuchyně,2000,32
"Pekárek, Jaroslav",Praktická bezmasá kuchařka pro prevenci zdraví,2000,1
"Zelenková, Olga",Speciální stomatologická receptura pro praktická cvičení z farmakologie,2000,30
"Drahokoupil, Zdeněk",Rybářský kalendář s recepty 2002,2000,13
"Wilson, Anne",Tvarohové a sněhové dorty,2000,64
"Poncová, Svatava",Sladká hrníčková kuchařka,2000,124
,Čínská kuchyně,2000,95
,Diety při onemocnění slinivky břišní,2000,31
"Kovář, Jan",Diety při zvýšené hladině cholesterolu (hypercholesterolémie),2000,31
"Widimský, Petr",Diety při onemocnění srdečně cévními chorobami,2000,31
,Italská kuchyně,2000,95
"Šourek, Jiří",Portugalská kuchyně,2000,105
"Berka, Rudolf",Český kapr nejen na talíři,2000,80
"Pechová, Jaroslava",Nejrychlejší moučníky,2000,135
"Pechová, Jaroslava",Pro chataře a chalupáře,2000,197
"Pechová, Jaroslava",Pečeme bez vážení,2000,201
"Pechová, Jaroslava",Vaříme a pečeme bez vážení,2000,206
"Pechová, Jaroslava",Pečeme na Vánoce bez vážení,2000,200
"Janouškovec, Jiří",Hrníčková kuchařka,2000,137
"Pechová, Jaroslava",Vaříme a pečeme v horkovzdušné troubě,2000,206
"Pechová, Jaroslava",Hrníčková kuchařka,2000,144
"Pechová, Jaroslava",Hrníčková kuchařka,2000,139
"Jenč, Filip",Povídání o receptech na pohodu,2000,31
"Jakouběová, Vladimíra",Chléb se peče polévka se už vaří,2000,13
,Varenicz,2000,
"Peloušek, Jan",Technické vybavení provozů společného stravování II,2000,100
,Vaříme s nádobím Scanpan titanium,2000,175
"Kalivodová, Ludmila",Vizovické pečivo,2000,1
"Kalivodová, Ludmila",Vizovické pečivo,2000,1
"Kalivodová, Ludmila",Vizovické pečivo,2000,1
"Kalivodová, Ludmila",Ó řebíčku zahradnický,2000,1
"Kalivodová, Ludmila",Vizovické pečivo,2000,1
"Stará, Ivana",Kynuté pečivo,2000,1
"Stará, Ivana",Kynuté pečivo,2000,1
"Stará, Ivana",Pokoj lidem dobré vůle,2000,1
"Lánská, Dagmar",Koření,2000,104
"Berka, Rudolf",Je libo kapra,2000,51
"Pavlovcová, Hana",Stoletá kuchařka,2000,262
"Machovská, Danuše",Cukety patizony tykve zeleninové saláty,2000,93
"Vlachová, Libuše",Domácí cukroví vánoční,2000,223
"Gillie, Oliver",Zdravou výživou proti rakovině,2001,204
Thea,Kuchařka plná kouzel,2001,127
"Novotný, Petr",Ham a mňam 2,2001,107
"Váchová, Eva",Kuchařka,2001,108
,Kuchařka naší maminky,2001,109
"Momčilová, Pavla",Tofu,2001,79
"Skácel, Petr",Moderní česká kuchařka,2001,73
"Doležalová, Alena",Kuchařka,2001,140
"Novotný, Petr",Chuťovky Petra Novotného,2001,125
"Hammond, Christopher",Dělená strava podle krevních skupin,2001,96
"Chmel, Ladislav",Kuchařka pro osamělé,2001,204
,Minutové variace,2001,400
"Němec, Pavel",Vaříme podle horoskopu,2001,217
"Paulovičová, Eva",Studená kuchyně,2001,103
"Hostašová, Božena",Domácí konzervování ovoce a zeleniny,2001,314
"Kaloš, Jaromír",Zdravě chutně bio,2001,87
"Půlpánová, Alena",Cukrářská technologie,2001,286
"Lambert-Ortiz, Elisabeth",Encyklopedie koření bylinek a pochutin,2001,288
"Kempe, Christina",Půst pro krásu a dobrou kondici,2001,48
"Berry, Mary",Velká rodinná kuchařka,2001,510
"Vašák, Jaroslav",Zavařujeme ovoce a zeleninu,2001,167
,Indická kuchyně,2001,95
"Dufek, Oldřich",Čaj mnoha chutí,2001,71
"Vergne, Blanche",Vaříme přímo na stole,2001,95
"Havlů, Karina",Kuchařka - vaříme v pánvi wok,2001,116
,Hubneme se zelím aneb Zelí v kuchyni domácí lékárně i v salonu krásy,2001,93
"Jílek, Jan",Učebnice zavařování & konzervace (i pro diabetiky),2001,232
,Léto v kuchyni,2001,96
"Artz, Vojtech",Speciality na grilu,2001,48
"Mandžuková, Jarmila",Co jíst když-,2001,159
"Artz, Vojtech",Vánoční kuchařka,2001,77
"Knox, Lucy",Maso zvěřina drůbež,2001,256
"Besserová, Miroslava",Nejen kuchařka slavných,2001,194
"Toufar, Pavel",Vánoce,2001,247
"Mahelová, Lenka",Mikrovlnná kuchařka s časy a tabulkou výkonů,2001,111
"Kořínková, Lenka",Sladkosti po kterých se netloustne,2001,244
"Malachová, Marie",Mexická kuchařka,2001,105
"Růžičková, Helena",Obrana XXL aneb Můj život s dietami,2001,111
"Cita, Jaroslav",Velká kuchařka bavičů a kouzelníků,2001,128
"Šoltysová, Taťjana",Zdravě chutně příjemně,2001,58
"Michalová, Anna",Česká biokuchařka,2001,176
"Ševčík, Libor",Víno a jídlo,2001,115
"Klíma, Michael Dobromil",Nová mexická kuchyně,2001,198
"Havlová, Vladimíra",Recepty se sníženým obsahem cholesterolu,2001,94
"Dufek, Oldřich",Maso pokaždé jinak,2001,95
"Zerbst, Marion",Rooibos,2001,107
"Vlachová, Libuše",Rychlé večeře,2001,90
,Co nám doma chutnalo,2001,1
"Zemánková, Milada",Rychlovky aneb Co dům dal,2001,106
"Vašák, Jaroslav",Regionální pokrmy z Čech Moravy a Slezska od A (Adamov) do Ž (Žďár),2001,207
"Půlpánová, Alena",Magických 400 kalorií,2001,32
,Slepičí polévka pro duši zamilovaných,2001,239
"Martin, Pavel",Papiňák,2001,75
"Toufar, Pavel",Velikonoce,2001,315
"Větvičková, Jana",Svačiny a svačinky,2001,90
"Miltner, Vladimír",Indická kuchyně,2001,221
"Nodl, Ladislav",Kuchařka - pokrmy z drůbeže,2001,116
"Beranová, Magdalena",Tradiční české kuchařky,2001,279
,Zákon o nakládání s geneticky modifikovanými organismy a produkty a o změně některých dalších zákonů včetně prováděcích předpisů s komentářem,2001,224
"Paschen, Ursula",Dělená strava nejen v zaměstnání a na cestách,2001,149
"Martin, Pavel",Velikonoční staročeské vaření,2001,193
,Velikonoční speciality,2001,96
"Kalivoda, Jaroslav",Zavařujeme pro diabetiky,2001,32
"Štochlová, Jaroslava",Jak na zvýšený cholesterol,2001,79
"Martin, Pavel",Velikonoce nejen v kuchyni,2001,120
"Martin, Pavel",Drůbež,2001,159
"Brožová, Dagmar",Medová kuchařka,2001,62
"Mandžuková, Jarmila",Dobroty z pánve,2001,106
,Zařizování a modernizace kuchyně,2001,64
"Poláková, Zdena",Víš co jiš aneb Co a jak se dříve jedlo,2001,19
"Vaništa, Jiří",Diety při onemocnění mononukleózou,2001,31
"Bastlová, Marie",Vaříme pro naše nejmenší,2001,31
"Höflerová, Jitka",Pomazánky do každé rodiny,2001,86
"Höfler, Karel",Omáčky a jejich koření,2001,106
"Höfler, Karel",Zapékaná jídla,2001,129
"Ullmannová, Jiřina",Dělená strava aneb Hubneme zdravě,2001,95
"Beníšek, František",Saláty zeleninové i ovocné,2001,90
"Černý, Jiří",Encyklopedický slovník gastronomie,2001,2
,Rafinované saláty,2001,96
"Höflerová, Jitka",Sýrová kuchařka,2001,77
"Růžičková, Helena",Vaříme s Helenou Růžičkovou,2001,261
"Roubínek, Zdeněk",Kuchařka,2001,158
,Recepty naší rodiny,2001,165
,Recepty naší rodiny,2001,165
"Štíplová, Ljuba",Hrajeme si celý rok,2001,80
"Barnard, Neal D.",Dieta negativních kalorií,2001,246
"Lasota, Barbara",Pochoutky zdravé kuchyně,2001,96
,Jaro v kuchyni,2001,96
"Pospieszyńska, Katarzyna",Recepty pro mikrovlnnou troubu,2001,96
"Vlachová, Libuše",Grilujeme a rožníme,2001,94
"Drahotínská, Olga",Zavařujeme bez chemie,2001,90
"Martin, Pavel",Těstoviny pro labužníky z domova i z ciziny,2001,101
"Havlová, Vladimíra",Kuchařka při onemocnění žlučníku,2001,78
"Havlů, Karina",Rýže a rizota,2001,95
"Michňová, Pavla",Recepty za babku,2001,106
,Kuřecí lahůdky,2001,64
"Heßmann-Kosaris, Anita",Dieta podle krevních skupin - recepty,2001,128
"Benhaim, Paul",Konopí,2001,454
"Krbová, Jindřiška",Exotika na vařečce,2001,107
"Baudyš, Věnek",Pochoutky z pánve,2001,28
,Orientální kuchyně,2001,28
,Rolády a rolky,2001,30
"Vlachová, Libuše",Moučníky s ovocem,2001,28
,Saláty,2001,64
,To nejlepší z Řecka,2001,64
"Heller, Rachael F.",Nepřítel štíhlé linie - uhlovodany,2001,269
"Koblihová, Stanislava",Kuchařka - houby na všechny způsoby,2001,126
"Lepšová, Anna",Zázračná houba Hlíva ústřičná,2001,63
,Kuře na šedesát způsobů,2001,96
"Mrázová, Dája",Hubnu hubneš hubneme,2001,160
"Vlachová, Libuše",Vaříme a pečeme na bylinkách,2001,90
"Kareš, Jiří",Recepty našich babiček,2001,62
"Peychlová, Bohumíra",Léčíme se dietou,2001,62
,Kuchařka sportovního rybáře,2001,132
,Mezinárodní gastronomické veletrhy,2001,457
"Myslíková, Pavla",Francouzská kuchyně v redukční variantě,2001,31
"Fořt, Petr",Co (ještě) nevíte o výživě (i ve sportu),2001,190
"Frýdlová, Emanuela",Co je dobré není zdravé aneb Žijeme jen jednou,2001,86
"Šindelková, Alena",Kuchařské práce,2001,1
"Nosovský, Miloslav",Jemné a pikantní minutky,2001,90
"István, Erich M.",To nejlepší z levné kuchyně,2001,192
"Oberbeil, Klaus",Ovoce a zelenina jako lék,2001,294
"Łapucha, Joanna",Kuchařka pro aktivní,2001,96
"Kareš, Jiří",Neobvyklé recepty sladkostí,2001,62
"Brahová, Marie",Malované perníčky,2001,28
"Wagner, Radek",Calvados po lopatě,2001,111
,Baby kuchařka,2001,43
,Vaříme s Méďou,2001,69
,Dělená strava,2001,168
"Beníšek, František",Recepty nejen na chalupu,2001,79
"Dlapová, Barbora",Grilujeme a rožníme,2001,103
"Mahelová, Lenka",Polévky na každý den,2001,111
"Malachová, Marie",Speciality z darů moře,2001,111
"Dlapová, Barbora",Moučníky ke kávě a čaji,2001,126
"Dvořák, Pavel",Domácí výroba alkoholických a nealkoholických nápojů,2001,161
"Chadimová, Josefina",Kuchařka babičky Chadimové,2001,138
"Sováková, Anna",Sovák popáté,2001,276
"Hajková, Mária",Moučníky,2001,323
,Velká česká kuchařka,2001,783
"Höflerová, Jitka",Česká kuchyně pro každého aneb Stůl plný dobrot,2001,258
"Šašek, Václav",Pěstujeme houby,2001,102
"Martin, Pavel",Moravská kuchařka,2001,128
"Wilson, Anne",Pokrmy na roštu,2001,64
"Wilson, Anne",Senzační saláty,2001,64
"Wilson, Anne",Vaříme pro menší i větší děti,2001,64
"Wilson, Anne",Pizzy a zapékané tousty,2001,64
"Wilson, Anne",Chutné kuře,2001,64
"Wilson, Anne",Ryby a plody moře,2001,64
"Wilson, Anne",Oblíbené pokrmy z brambor,2001,64
,Kuchařka - krůta na 150 způsobů,2001,85
"Klíma, Jaroslav",Kuchařka - pokrmy z brambor,2001,142
"Nachmüllner, Ladislav",Zlatá kniha Praganda,2001,56
"Runštuk, Jaroslav",Receptury studených pokrmů,2001,828
"Opatřilová, Hana",Zdravě a rychle s Lučinou,2001,63
"Berry, Mary",Dezerty a cukroví,2001,264
"Kořínková, Lenka",Moje nejlepší recepty 2002,2001,31
"Poláček, Jiří",Česká kuchyně 2002,2001,30
"Poláček, Jiří",Světová kuchyně 2002,2001,30
"Zemina, Milan",Vaříme s pivem vínem destiláty 2002,2001,30
"Zemina, Milan",Česká kuchyně 2002,2001,30
"Crha, Ivan",Dědeček na scestí a 333 dalších míchaných nápojů,2001,149
"Šourek, Jiří",Španělská kuchyně,2001,180
"Runštuk, Jaroslav",Receptury teplých pokrmů,2001,594
"Ingram, Christine",Předkrmy chuťovky a malá pohoštění,2001,256
"Havlová, Vladimíra",Kuchařka při onemocnění žaludku a dvanáctníku,2001,85
"Peychlová, Bohumíra",Pečeme s medem,2001,62
"Kareš, Jiří",Upečte si doma,2001,62
"Malovický, Václav",Kuchyně staré Šumavy,2001,192
"Cimický, Jan",Harmonie vaření a lidská duše,2001,149
"Lánská, Dagmar",Tradiční koření I,2001,201
"Lánská, Dagmar",Tradiční koření II,2001,145
"Vlachová, Libuše",Maminčino cukroví,2001,106
"George, Herbert",Vyrábíme domácí likéry,2001,155
"Martin, Pavel",Vánoce u stolu - zdravě a nápaditě,2001,96
"Drahokoupil, Zdeněk",Zahrádkářský kalendář s recepty 2002,2001,13
"Drahokoupil, Zdeněk",Houbařský kalendář s recepty 2002,2001,13
"Půhoný, Josef",Domácí zabijačka,2001,111
"Havlů, Karina",Těstovinová kuchařka,2001,96
"Mahelová, Lenka",Čínská kuchařka,2001,93
"Svoboda, Margit",Kniha o knedlíku,2001,112
"Vergne, Blanche",Padesát menu za půl hodiny,2001,112
"Mandžuková, Jarmila",Vaříme podle hvězd,2001,194
"István, Erich M.",To nejlepší z dělené stravy,2001,192
"Moravcová, Miroslava",Variace na pštrosí téma,2001,87
"Lánská, Dagmar",Kuchařka pro labužníky,2001,28
"Dušátko, Josef",Zabijačka,2001,30
"Novotný, Petr",Chuťovky Petra Novotného,2001,125
"Hajková, Mária",Moučníky,2001,323
"Krýsl, Jan",Vaříme s Eliškou -aneb Bylinky 2002,2001,16
,Vaříme ve woku,2001,96
"Horecký, Michal",Wok,2001,97
"Poncová, Svatava",Vaříme a pečeme na Vánoce,2001,136
"Dvořáčková, Marta",Vaříme s tofu,2001,58
,Velká kuchařka,2001,474
"Martin, Pavel",Vánoce ve staročeské i nové netradiční kuchyni,2001,259
"Kohout, Pavel",Obezita,2001,114
"Kohout, Pavel",Cukrovka,2001,143
"Kohout, Pavel",Osteoporóza,2001,111
"Martin, Pavel",Myslivecká kuchyně pro labužníky,2001,152
"Štěpánská, Věra",Pečeme vánoční cukroví,2001,90
"Mayer, Miroslav",Domácí zabijačka,2001,106
"Vašák, Jaroslav",Ryby pro každý den,2001,104
"Mikulová, Věra",Kuchařka - vaříme levně,2001,126
"Doležal, Vladimír",Myslivec a rybář v kuchyni,2001,197
"Vašák, Jaroslav",Tajemství dělené stravy,2001,197
"Žalud, Jiří M.",Buvolí křídla a jiné recepty & příběhy,2001,204
"Nodl, Ladislav",Z moře na talíř,2001,99
"Vyzula, Rostislav",Výživa při onkologickém onemocnění,2001,122
"Faktor, Viktor",100 nejzajímavějších kuchyní z celého světa,2001,107
"Malíková, Vlasta",Pštros v české kuchyni,2001,127
"Choutka, Miloš",Recepty ze zákulisí 2002,2001,32
"Samková, Zuzana",Recepty pro každou kapsu 2002,2001,15
"Havlů, Karina",Vaříme v remosce,2001,180
"Zacker, Christina",Fatburner,2001,128
"Kodým, Jaroslav",Drůbež a králík,2001,62
"Rolins, Dara",Afrodiziakální kuchařka,2001,81
"Kozień, Danuta",Pizzy toasty zapékaná jídla,2001,94
"Frolíková, Jana",2000 nejlepších receptů z české i zahraniční kuchyně,2001,288
"Wilkes, Angela",Hrajeme si celý rok,2001,95
"Mandžuková, Jarmila",Sto receptů na cukety dýně a patizony,2001,93
"Matějo, Antonín",Sto receptů na cukroví,2001,96
"Feitl, Michal",Sto receptů thajské kuchyně,2001,88
"Hönigová, Marcela",Sto receptů na pestré saláty,2001,95
"Vrbatová, Vendy",Sto receptů na kuře krůtu a slepici,2001,94
,Suši,2001,96
"Jiskra, Martin",Moderní česká kuchařka,2001,209
"Vlachová, Libuše",Pečeme ke kávě,2001,32
"Sedláčková, Hana",Technologie přípravy pokrmů 4,2001,93
,Dr Oetker - velká obrazová kuchařka,2001,400
"Balaštík, Jaroslav",Konzervování v domácnosti,2001,229
"Summ, Ursula",Dělenou stravou k vysněné váze,2001,143
"Frýdlová, Emanuela",Jídla pro všední den aneb Snadno rychle a chutně,2001,92
"Poncová, Svatava",Praktická hrníčková kuchařka,2001,136
"Nováček, Josef",Slovácká kuchyně,2001,221
"Kolouch, Martin",Kuchyně pro společné stravování,2001,12
"Bohrmann, Peter",Míchané nápoje,2001,560
"Mandžuková, Jarmila",3K - krůta kuře králík,2001,105
,Kuře,2001,95
,Pečení po celý rok,2001,478
"Nodl, Ladislav",Jak vám chutná Excelence,2001,219
"Romagnoli, Margaret",Italská rybí kuchařka,2001,316
,Voňavý talíř,2001,53
"Pechová, Jaroslava",Nejrychlejší moučníky,2001,135
"Pechová, Jaroslava",Pro chataře a chalupáře,2001,197
"Pechová, Jaroslava",Ovocné moučníky bez vážení,2001,138
"Pechová, Jaroslava",Půlhodinka pouhá,2001,139
"Pechová, Jaroslava",Pečeme na Vánoce bez vážení,2001,200
"Pechová, Jaroslava",Vaříme a pečeme bez vážení,2001,206
,Kratochvilný dietní kalendář Krásné paní,2001,1
"Neužil, Luděk",Evropská kuchyně ve skle Simax,2001,32
"Ortiz, Elisabeth Lambert",Encyklopedie koření bylinek a pochutin,2001,288
"Štěpánská, Věra",Cukroví na Vánoce,2001,90
,Vaříme dětem,2001,12
,Labužník,2001,
"Doubek, Zdeněk",Postní a velikonoční jídla z Královéhradecka,2001,48
,Asociace kuchařů a cukrářů České republiky,2001,
,Co budu vařit,2001,1
,Předvánoční a vánoční čas v Hradci Králové v průběhu staletí,2001,30
,Gourmet,2001,160
,Recepty minulých staletí,2002,1
"Novotný, Petr",Ham a mňam 3,2002,120
"Furtmayr, Andreas",Barbecue,2002,34
"Francková, Zuzana",Kuchařka chudého důchodce,2002,125
"Hofhanzlová, Judita",Zdraví pro ženu a dítě přírodními prostředky,2002,223
"Vrbatová, Vendy",Sto receptů s vůní česneku,2002,96
"Adam, Cornelia",Špagety,2002,35
"Grillparzer, Marion",Spolehlivá dieta,2002,48
"Uhrová, Helena",Děláme si sami víno,2002,93
"Döbbelin, Hans Joachim",Itálie očima labužníků,2002,190
"Francková, Zuzana",Kuchařka šetrné důchodkyně,2002,105
"Furtmayr, Andreas",Jídlo pro lásku,2002,33
"Martinovská, Marie",Sušíme ovoce zeleninu byliny houby-,2002,36
"Pape, Martin",Recepty 2002,2002,30
,Gastronom,2002,5
"Peychlová, Bohumíra",Dietní recepty redukční,2002,61
"Canfield, Jack",Slepičí polévka pro duši,2002,330
,Nejen bonmoty a citáty o jídle všech chutí,2002,156
,Pestré pohoštění,2002,96
"Zlatá, Renata",Co budu dnes vařit,2002,101
"Hanzlík, Josef",Jehněčí skopové a králík,2002,106
"Humphries, Carolyn",Sedmidenní nízkotučná dieta se sníženým obsahem soli,2002,120
"Daniels, Marjorie",Zelná dieta,2002,189
"Mayer, Miroslav",Pomazánky,2002,106
"Malachová, Marie",Bezmasá jídla,2002,121
"Martin, Pavel",Nejlepší recepty naši babičky,2002,90
"Ellis, Lesley",Sedmidenní dieta proti jedům v organismu,2002,146
"Prchal, Jiří",Speciality pro každý den,2002,107
,Wok snadno a rychle,2002,119
"Zachová, Jana",Francouzská kuchyně,2002,61
"Mengerová, Olga",Česká kuchyně pro Váš typ,2002,138
"Fridrichová, Lenka",Bezlepková kuchařka,2002,57
"Sedláčková, Hana",Technologie přípravy pokrmů 1,2002,85
"Döbbelin, Hans Joachim",Rodinné oslavy,2002,187
"Martin, Pavel",Lahůdky moravské kuchyně,2002,106
"Atkinson, Catherine",Sedmidenní dieta - spalování nadbytečných tuků,2002,109
"Dvořák, Otomar",Magická kuchařka,2002,159
"Filipovská, Pavlína",Pražská labužnická zastavení,2002,110
"Jirků, Karel",Vaříme pro děti,2002,61
"Vlachová, Libuše",Pikantní jídla aneb Co mužům chutná,2002,90
"Filipová, Lea",Šetřící dieta,2002,117
"Vašák, Jaroslav",Polská kuchařka,2002,183
"Vašák, Jaroslav",Příjemné chvíle s kávou,2002,119
"Humphries, Carolyn",Sedmidenní dieta proti škodlivému cholesterolu,2002,140
"Simpson, Helen J.",Sedmidenní dieta - ovocné šťávy shazují kila,2002,129
"Horecká, Jana",Jídla z brambor,2002,127
"Horecká, Jana",Jídla z masa,2002,136
,Grilujeme doma i v přírodě,2002,125
"Schuhbeck, Alfons",Tajemství omáček,2002,120
"Havlů, Karina",Vegetariánská kuchařka,2002,143
"Kodým, Jiří",Saláty,2002,61
"Rias-Bucher, Barbara",Variace na téma těstoviny,2002,96
"Malachová, Marie",Masové speciality pro slavnostní příležitosti,2002,110
"Šerý, Vladimír",Orientální kuchařka pro moderní ženu,2002,117
"Dufek, Oldřich",Pochoutky z ovoce a zeleniny,2002,106
,Saláty,2002,80
"Doležalová, Alena",Kuchařka - toasty topinky a topinkové pomazánky,2002,79
"Roubínek, Zdeněk",Kuchařka - saláty pro každou příležitost,2002,139
"Rozová, Milena",Vitaminová kuchařka,2002,118
,Recepty naší rodiny,2002,196
"Veškrnová, Eva",Jeviště života,2002,319
"Pekárková, Eva",Pěstujeme salát špenát a další listové zeleniny,2002,90
"Havlová, Vladimíra",Redukční dieta,2002,79
"Dufek, Oldřich",Oblíbená jídla české kuchyně,2002,111
"Rosetti, E.",Italská kuchyně,2002,61
"Blakey, Nancy",Nápadník na doma i na ven,2002,142
"Osten, Alexandra",Babiččiny tipy a triky aneb Vyzkoušené fígle v domácnosti a kuchyni,2002,302
"Kareš, Jiří",Nápady co vařit,2002,90
"Kaltenbach, Marianne",Moučníky,2002,143
"Dawson, Marianne",Hubneme s řeřichou,2002,87
"Tetíková, Jana",Houby pokaždé jinak,2002,90
"Karlík, František",Babička vaří s vnučkou,2002,61
"Biggs, David",Koktejly,2002,128
"Klíma, Michael Dobromil",Nová čínská kuchyně,2002,111
"Štětina, Vladimír",Jídelní lístek,2002,183
"Sälzer, Sabine",Basic cooking,2002,168
,Vitaminová kuchařka,2002,320
"Rias-Bucher, Barbara",Malé moučníky a dorty,2002,96
"Schenk, Franziska",5x denně,2002,160
"Herrmann, Alexander",Vaříme 15 20 30 40 minut,2002,134
"Craze, Richard",Koření,2002,192
"Arcimovičová, Jana",Léčíme se cibulí,2002,71
"Frantálová, Dana",Léčíme se tvarohem,2002,82
"Marhold, Jiří",Krkonošská kuchařka,2002,435
,Šejkrované moučníky,2002,127
"Vlachová, Libuše",Maďarská kuchyně,2002,61
"Tetíková, Jana",Zvěřinové hody,2002,61
"Nosovský, Miloslav",Minutky,2002,61
"Vrbická, Jana",Mikrovlnná a horkovzdušná trouba,2002,61
"Ambrová, Marika",Slovenská kuchyně,2002,61
"Vlachová, Libuše",Speciality studené kuchyně,2002,90
"Martin, Pavel",Recepty od staříčka ze Slovácka,2002,90
"Nosovský, Miloslav",Skvosty české kuchyně,2002,106
"Mandžuková, Jarmila",Vánoční a sváteční cukroví,2002,106
"Feřtek, Tomáš",Ředitelská kuchařka,2002,125
"Wolff, Dörten",Impulzní dieta,2002,159
,Kotlík aneb Kuchařka Eldorádia,2002,123
"Krákorová, Daniela",Balkánská kuchyně,2002,162
"Váňa, Pavel",S bylinářem Pavlem v kuchyni,2002,194
"Černická, Marie Jana",Srdce v kruhu aneb Jak dál po krevních skupinách,2002,209
"Šoltysová, Taťjana",Receptář správné výživy dětí v mateřských a základních školách,2002,60
"Saxlová, Magda",Šoulet a jiné básně aneb Židovská kuchařka,2002,119
"Packová, Anna",Ať nám chutná ve škole,2002,170
,Myslivecké guláše a jiné speciality ze zvěřiny,2002,162
"Michňová, Pavla",Listové těsto ve slané i sladké úpravě,2002,125
"Schaffner, Bea",Italská kuchyně,2002,239
"Daiber, Claudia",Bramborová dieta pro štíhlou linii,2002,175
"Adam, Cornelia",Zelenina na zimním jídelníčku,2002,96
"Rubášová, Kateřina",Léčíme se mrkví,2002,133
"Martin, Pavel",Hubneme s polévkou,2002,113
"Krekulová, Alena",Židovská kuchyně,2002,64
"Čepová, Jana",Jak jíst a netloustnout aneb Praktické rady paní primářky,2002,139
"Roubínek, Zdeněk",Pokrmy z masa ryb a drůbeže,2002,269
"Štěpnička, Miloš",Ryby pro slavnostní příležitosti,2002,116
"Zlatá, Renata",Kuchařka - co budu dnes vařit,2002,190
"Pamplona Roger, Jorge D.",S chutí za zdravím,2002,269
"Höppnerová, Věra",Němčina pro číšníky a kuchaře,2002,291
"Suchá, Jitka",Kuchařka levných dobrot,2002,87
"Racková, Daša",Velká obrazová kuchařka,2002,287
"Karpatský, Dušan",Lahůdky od Jadranu,2002,328
"Neužil, Luděk",Prázdninová kuchařka,2002,80
"Teplan, Vladimír",Diety při onemocnění ledvin,2002,31
"Munro, Fiona",Barbie - Dobrou chuť,2002,48
"Mundi, Max",Saláty,2002,207
"Donhauser, Rose Marie",Grilujeme,2002,189
"Marhold, Jiří",Pivní kuchařka,2002,182
"Plívová, Helena",Kuchařka mezi činkami,2002,95
,Kuchařka,2002,390
"Roubínek, Zdeněk",Rychlé pokrmy a lákavé pohoštění,2002,244
"Horecká, Jana",Pomazánky na každý den,2002,112
"Novotný, Petr",Nové chuťovky Petra Novotného,2002,125
"Drncová, Alena",Perníčky dorty zákusky,2002,94
"Hůna, Vladimír",Kuchyně křížem krážem,2002,237
"Hanzlík, Josef",Exotická jídla po česku,2002,111
"Hanzlík, Josef",Jahody na 149 způsobů,2002,110
"Kovář, Ladislav",Zdravá a moderní jídla,2002,267
"Kratochvilová, Patricie",Tvaroh a čerstvé sýry ve zdravé kuchyni,2002,127
,Vegetariánská kuchyně,2002,79
"Bárta, Luboš",Velká kniha o kráse snoubení vín a pokrmů,2002,330
"Peková, Andrea",Oves a žito ve zdravé kuchyni,2002,78
"Hanzlík, Josef",Zelí na 140 způsobů,2002,103
"Žáček, Miloš",Správná výrobní praxe a kontrolní systémy ve stravovacích službách,2002,2
"Martin, Pavel",Rýže,2002,132
"Love, Gilly",Dělená strava,2002,94
"Stein, Frank",Grilování a jiné pochoutky z masa,2002,143
,Ryby,2002,64
,Moučníky a dorty,2002,64
"Clevely, A. M.",Bylinky,2002,254
,Grilování,2002,256
"Bruckmann, Claudia",Chuťovky,2002,35
,Pražská kuchařka aneb Kniha příruční pro šetrné hospodyně jednající o připravování 200 chutných polívek 450 mastných pokrmů a paštik 500 rybích moučných a vaječných krmí taktéž o připravování vařiva pak 400 všelijakého druhů rosolin (créme's) zmrzlin (gelée's) a cukrovinek,2002,359
,Pečeme sladké a slané koláče,2002,72
"Vašák, Jaroslav",Česká kuchařka,2002,270
"Kment, Milan",Diety při onemocnění peptickými vředy,2002,31
"Hanzlík, Josef",Rajčata a papriky,2002,111
"Havlů, Karina",Masové pokrmy na ovoci,2002,159
"Douillard, John",Sezonní dieta,2002,290
"Pelcová, Radmila",Myslivecké pochoutky od Huberta,2002,127
"Mayer, Miroslav",Recepty pro hezké chvíle,2002,90
,Naše oblíbené recepty,2002,142
"Kelblová, Miloslava",Koktejly,2002,212
,Vánoční cukroví,2002,80
"Horecká, Jana",Dělená strava,2002,104
"Doležalová, Alena",Těstovinová kuchařka,2002,101
"Lukáš, Milan",Diety při zánětlivém onemocnění střev,2002,31
"Příhoda, Vladimír",Luštěniny na našem stole,2002,95
"Höflerová, Jitka",Vařte s námi,2002,158
"Havlů, Karina",Rychle a chutně v mikrovlnné troubě,2002,95
"Vedral, Jiří",Německo-český gastronomický slovník,2002,20
"Lankašová, Taťána",Třešňová kuchařka s trochou višní,2002,55
"Češka, Richard",Nízký HDL-cholesterol,2002,31
"Češka, Richard",Jak na zvýšený cholesterol,2002,54
"Mandžuková, Jarmila",Vánoční netloustnutí aneb Lehké vánoční cukroví,2002,111
"Stříbrný, Jiří",Studená kuchyně,2002,33
"Sabóvá, Kateřina",Pečeme na Vánoce,2002,110
,Z jaroměřického hrnce,2002,74
"Suchá, Veronika",Vánoční a silvestrovská kuchařka,2002,86
"Vlachová, Libuše",Těstoviny,2002,35
"Vlachová, Libuše",Uvaříme do 20 minut,2002,106
"Smiró, Gábor",Maďarská kuchařka =,2002,111
"Mayle, Peter",Francouzské hodokvasy,2002,230
"Polinsky, Simon",Encyklopedie koktejlů,2002,328
"Nodl, Ladislav",Velká domácí kuchařka,2002,528
"Dezortová, Dana",Dezerty,2002,95
"Malachová, Marie",Recepty s vůní koření,2002,142
"Škvařilová, Eliška",Jak péci cukroví pečivo a moučníky tradičně zdravě a vegetariánsky,2002,128
"Morris, Sallie",Koření,2002,128
"Pilarová, Eva",Vaříme v pohodě a s láskou,2002,116
"Čermáková, Olga",Hvězdám chutná U Salzmannů,2002,143
"Král, Jiří",Mistrovská kuchyně aneb Jedlá krása,2002,94
"Poštulka, Vladimír",100 nejslavnějších receptů světa,2002,215
"Pavličová, Šárka",Dnes vařím já,2002,302
"Mikulová, Věra",Pečeme na vánoční svátky,2002,134
"Oliva, Petr",Bez vína se nedá žít aneb S Jožkou Šmukařem při víně -o víně -o víně v kuchyni,2002,139
"Marhold, Jiří",Pivní kuchařka,2002,182
"Šebelová, Marie",Potraviny a výživa,2002,114
,Ano to je kuchařka,2002,105
"De Roche, Max",Pokrmy a láska,2002,95
"Jones, Bridget",Diabetická kuchařka,2002,96
"Příhoda, Vladimír",Rybí kuchyně po česku,2002,103
"Hanzlík, Josef",Pečené i nepečené potěšení,2002,102
"Jarolímková, Stanislava",Jak připravovat obiloviny luštěniny ořechy a semena,2002,109
"Höfler, Karel",Moučníky,2002,119
"Drahokoupil, Zdeněk",Houby 2003,2002,32
"Nodl, Ladislav",Zpívající kuchařka z Čech Moravy Slezska,2002,152
"Matějka, Václav",Houbařský kalendář 2003,2002,26
"Drahokoupil, Zdeněk",Houbařský kalendář s recepty 2003,2002,14
"Drahokoupil, Zdeněk",Zahrádkářský kalendář s recepty 2003,2002,14
"Drahokoupil, Zdeněk",Rybářský kalendář s recepty 2003,2002,14
"Širlo, Vladimír",Chalupářský kalendář s recepty 2003,2002,14
"Poláček, Jiří",Česká kuchyně 2003,2002,57
"Frolíková, Jana",Česká kuchyně 2003,2002,59
,Recepty pro vás-- 2003,2002,61
,Recepty z muzejních sbírek II,2002,83
"Havlová, Vladimíra",Kuchařka při onemocnění jater,2002,79
"Hanzlík, Josef",Krůta pokaždé jinak,2002,119
"Beníšek, František",Cukety v naší kuchyni,2002,111
"Höflerová, Jitka",Konzervujeme ovoce a zeleninu tradičně i netradičně,2002,95
"Höflerová, Jitka",Houbařská kuchařka,2002,119
"Ricken, Karl-Heinz",S pivem ke zdraví,2002,88
"Krekulová, Laura",Dieta při onemocněních jater žlučníku a žlučových cest,2002,67
"Singh, Bindu",Indická hostina,2002,180
"Černý, Jiří",Moderní kuchyně ve společném stravování,2002,247
"Strnadelová, Vladimíra",Radost z jídla,2002,159
"Martin, Pavel",Jihočeská kuchařka ze mlejna,2002,319
"Reiss, Oto",Virtuální kuchařka,2002,1
,Šéfkuchařka,2002,109
"Lipertová, Edita",Přeštická kuchařka I,2002,22
"Křivánková, Eva",Výrobní technologie - technologie přípravy pokrmů pro restaurační diferencované a dietní stravování,2002,89
"Průchová, Jarmila",Jak jste klamáni,2002,170
"Pechová, Jaroslava",Pečeme bez vážení,2002,201
"Pechová, Jaroslava",Pečeme na Vánoce bez vážení,2002,200
"Pechová, Jaroslava",Hrníčková kuchařka,2002,139
"Janouškovec, Jiří",Hrníčková kuchařka,2002,137
"Pechová, Jaroslava",Vaříme a pečeme bez vážení,2002,206
"Samková, Zuzana",Recepty pro každou kapsu 2003,2002,29
"Vašák, Jaroslav",Kuchařův atlas II 2003,2002,64
"Pilarová, Eva",Vaří Eva Pilarová 2003,2002,64
"Kořínková, Lenka",Lenka Holas Kořínková Moje nejlepší recepty 2 2003,2002,61
"Frolíková, Jana",Rok plný sladkostí 2003,2002,59
"Pinkava, Josef",Chutně zdravě levně 2003,2002,57
"Pinkava, Josef",Sladké je vždy chutné 2003,2002,31
"Novotný, Petr",Nejlepší recepty z Dobrýho kafe 2003,2002,58
"Krýsl, Jan",Kuchařka naší Elišky 2003,2002,32
,Recepty 2003,2002,58
"Zemina, Milan",Domácí kuchyně 2003,2002,61
"Zemina, Milan",Kuchařka labužníka 2003,2002,60
"Poláček, Jiří",Karel Gott 2003,2002,59
"Tsuda, Nobuko",Suši,2002,166
"Rhein, Herbert",Marmelády,2002,95
"Šimonková, Magdalena",Svačiny nejen pro školáky,2002,101
"Francková, Zuzana",Kuchařka uštvané manželky,2002,127
"Bradford, Peter",Makrobiotická kuchařka mořských řas,2002,85
"Greenwell, Bonnie",Energie transformace,2002,395
"Boulová, Jana",Sto receptů z ryb a plodů moře,2002,96
"Boulová, Jana",Sto receptů na zeleninová jídla,2002,96
"Vrbatová, Vendy",Sto receptů s pivem a vínem,2002,94
"Frolíková, Jana",Sto receptů na Vánoce,2002,94
"Dubiel von LeRach, Josef",Sudeto-slezské pojídání,2002,142
,Kuchařská encyklopedie,2002,607
"Vašků, Zdeněk",Obecný metodický postup pro optimální nakládání se státní půdou,2002,46
"Malovický, Václav",Kuchyně staré Šumavy,2002,192
,Vaříme s Apetýtem,2002,159
"Saxlová, Magda",Šoulet a jiné básně aneb Židovská kuchařka,2002,119
"Černodrinski, Stojan",Mňam aneb Prima vařečka,2002,3
"Svačinová, Jitka",Myslivecká kuchařka,2003,81
"Witkowski, Desirée",Paleta vášní v americké kuchyni,2003,423
"Morton, Mark",Nadívaný pštros aneb Anglicko-český výkladový slovník kulinářských kuriozit,2003,415
"Mandžuková, Jarmila",Sladkosti bez cukru,2003,90
"Hajková, Mária",Tradiční česká a slovenská kuchařka,2003,319
"Pilařová, Daniela",Ostrá kuchařka,2003,117
,Bez tuku a chutně,2003,320
,Rychlá kuchařka,2003,320
,Těstoviny,2003,96
"Schaffner, Bea",Rychlé pokrmy,2003,237
,Asijská kuchyně,2003,237
"Kotrba, František",Slovenská kuchařka,2003,214
"Ortemberg, Adriana",Mládneme s antioxidanty,2003,126
"Marečková, Olga",Nemoci žlučníku a žlučových cest,2003,126
,Zavařování,2003,96
,Rýže,2003,96
,Sýr,2003,96
,Vejce,2003,96
,Koktejly,2003,96
,Dezerty,2003,96
"Budinský, Václav",Radost v kuchyni,2003,199
,Dezerty,2003,48
,Čokoláda,2003,48
,Kuře,2003,48
,Hovězí maso,2003,48
,Barbecue,2003,48
,Ryby a plody moře,2003,48
,Těstoviny,2003,48
,Vepřové maso,2003,48
,Maso,2003,48
,Zmrzlina,2003,48
"Carlsson, Sonja",Karotka,2003,94
"Tretter, Miloš",1001 receptur cocktailů,2003,266
,Ryby,2003,127
"Mácová, Šárka",Kuchařka od dvou hrabalů,2003,175
"Novotný, Petr",To nejlepší z Ham a mňam,2003,175
"Vlachová, Libuše",Skleničková kuchařka,2003,90
,Velká čínská kuchařka,2003,192
"Teubner, Christian",Vaříme s potěšením,2003,231
"Peychlová, Bohumíra",Pečeme s medem,2003,61
"Mach, Ivan",Fitness kuchařka speciál,2003,173
"Brhlík, Eduard",Technologie přípravy pokrmů 2,2003,350
"Kružliak, Peter",Potraviny a nápoje,2003,176
"Filipová, Lea",Římský hrnec a další pomocníci v kuchyni,2003,127
"Větvičková, Jana",Kuře a krůta 222x jinak,2003,106
"Kellermann, Monika",Velká škola vaření,2003,400
"Martin, Pavel",Dýně,2003,131
"Havránková, Miroslava",Vajíčka na našem stole,2003,95
"Höfler, Karel",Vaříme z netradičních surovin,2003,102
"Ječný, Dobromil",Gastronomický a společenský průvodce světem,2003,233
,Zelený čaj,2003,133
,Jak zhubnout metodou spalování tuků aneb Jak hubnout s požitkem,2003,155
"Kodým, František",Jaro a léto v kuchyni,2003,106
"Kareš, Jiří",Cukrářské recepty,2003,61
"Mandžuková, Jarmila",Kuchařka,2003,107
,Nejoblíbenější moučníky naší rodiny,2003,237
"Doležal, Vladimír",Kuchařka - z babiččina receptáře,2003,123
"Vainová, Zorka",Těstoviny v naší kuchyni,2003,134
"Příhoda, Vladimír",Čínská kuchyně po česku,2003,111
"Höflerová, Jitka",Česká kuchyně pro každého aneb Stůl plný dobrot,2003,258
"Sabóvá, Kateřina",Velikonoční kuchařka,2003,119
"Michňová, Pavla",Muži v zástěře,2003,61
"Schinharl, Cornelia",Basic baking,2003,168
"Semrádová, Hana",Cukrářské práce,2003,137
"Štěpnička, Miloš",Velký rybí receptář Miloše Štěpničky,2003,229
"Kareš, Jiří",Těstoviny a rýže levně a rychle,2003,90
"Cramm, Dagmar von",Velká vegetariánská kuchařka,2003,240
"Vrbatová, Vendy",Těstoviny těsta těstíčka,2003,75
"Dufek, Oldřich",Zeleninová kuchařka,2003,94
"Schinharl, Cornelia",Basic vaření po italsku,2003,168
"Havlů, Karina",Luštěninová kuchařka,2003,127
"Chaloupka, Vladimír",Z babiččiny kuchyně,2003,91
,Velká babiččina kuchařka,2003,480
"Vainová, Zorka",Květák a kapusta,2003,203
"Cibulka, Jiří",Konzervujeme ovoce a zeleninu,2003,103
"Kodým, Jiří",Recepty pro mladé kuchařky,2003,61
"Pavelka, Karel",Diety při onemocnění dnou,2003,29
"Cramm, Dagmar von",Velká kuchařka pro labužníky,2003,239
"Beck, Michaela",Americká kuchyně,2003,80
"Roubínek, Zdeněk",Kuchařka - minutky,2003,133
"Málek, Michal",Grilování aneb Světová barbecue kuchařka,2003,148
"Čepická, Anna",Rady báby Anny,2003,35
,Dobrou chuť,2003,135
"Höflerová, Jitka",Zajímavé recepty z kořenové zeleniny,2003,103
"Filipová, Lea",Přílohy s fantazií,2003,112
"Krahl, Gisela",Kuchařka pro nekuchařky,2003,159
"Filipová, Lea",Mletá masa nejen tradičně,2003,90
"Teubner, Christian",Pečeme s potěšením,2003,237
,Grilování,2003,96
"Skopová, Kamila",--ale máma to vařila líp,2003,107
"Zachová, Jana",Co chutná na chatě a chalupě,2003,61
"Váňa, Pavel",Léčivé houby podle bylináře Pavla,2003,185
"Sabóvá, Kateřina",Saláty zeleninové a ovocné po celý rok,2003,151
"Vlachová, Libuše",Pečeme ke kávě,2003,31
"Eckert, Anneliese",Vaříme v římském hrnci,2003,93
"Klemp, Kathrin",Pryč s tuky,2003,95
"Rivai, Marie",Indonéská kuchařka,2003,117
"Kovář, Ladislav",Moderní a zdravá kuchařka pro děti a mládež,2003,209
"Treuille, Eric",Velká kniha grilování,2003,168
"Janoušková, Jana",Kuchařka pro tělo i duši,2003,116
"Šipl, Achim",Teplé nápoje,2003,159
"Adam, Cornelia",Mořské speciality,2003,64
"Vlachová, Libuše",Čtyři porce do stovky,2003,106
"Vlachová, Libuše",Grilujeme a rožníme,2003,94
"Plášilová, Marie",Ovlivni svůj osud,2003,199
"Winter-Neprakta, Jiří",Vaříme s Jiřím Wintrem-Nepraktou,2003,199
"Summ, Ursula",Dělená strava podle lunárního kalendáře,2003,143
"Vainová, Zorka",Omelety a lívance,2003,119
"Příhoda, Vladimír",Guláše mnoha chutí a nápadů,2003,135
"Růžička, Jiří",Když Helena nevaří pánem v kuchyni jsem já Jiří Růžička,2003,215
"Berka, Rudolf",Český kapr ve zdravé výživě,2003,80
,Dieta a ozdravná hladovka,2003,128
"Delahaye, Gilbert",Martinka a její kamarádi mezi kuchtíky,2003,12
"Roubínek, Zdeněk",Pomazánky,2003,171
"Momčilová, Pavla",Špalda a ječmen ve zdravé kuchyni,2003,109
"Bremness, Lesley",Bylinář,2003,286
"Ambrová, Marika",Co chutná v horkých dnech,2003,61
"Cibulka, Jiří",Domácí vína,2003,269
"Matejka, Mikuláš",Technologie přípravy pokrmů 1,2003,126
"Dobešová, Blanka",Syrská a libanonská kuchyně,2003,107
"Podroužek, Jaroslav",Houbařská kuchařka,2003,221
"Nikolay, Peter",Saláty,2003,127
"Milton, Jane",Mexická kuchyně,2003,256
"Wagner, Petr",Dieta při cukrovce,2003,135
,Na vlnách chuti,2003,30
"Chaloupka, Vladimír",Muž v zástěře,2003,91
"Kluzák, Zdeněk",Houbařem po celý rok,2003,124
"Lánská, Dagmar",Vitaminy v kuchyni,2003,204
"Nosovský, Miloslav",Zapečené a gratinované dobroty,2003,90
"Marádová, Eva",Příprava pokrmů,2003,64
"Havlů, Karina",Jak připravit party,2003,173
"Havlová, Vladimíra",Dieta při chronické zácpě,2003,71
"Faktor, Viktor",Kaše,2003,141
"Sabóvá, Kateřina",Rybářská kuchařka od Petra,2003,143
"Svoboda, Antonín",Levné recepty,2003,135
"Vainová, Zorka",Vaříme a pečeme z mletého masa,2003,143
"Marsden, Kathryn",Velká kniha o dělené stravě,2003,422
"Horecká, Jana",Čínské recepty v české kuchyni,2003,104
,Největší regionální kuchařka,2003,310
"Tetíková, Jana",Recepty z Hané,2003,61
"Benešová, Dagmar",Diety při onemocnění mentální anorexií a bulimií,2003,31
"Starnovská, Tamara",Diety při onemocnění žlučníku II,2003,31
"Lukáš, Milan",Diety při onemocnění zácpou,2003,31
"Sabóvá, Kateřina",Cukety lilky a patizony v naší kuchyni,2003,222
"Karlík, František",Podzim a zima v kuchyni,2003,106
"Svoboda, Antonín",Vaříme snadno a rychle,2003,111
"Heilmann, Hanne-Lore",Ano prosím se šlehačkou,2003,204
"Jirků, Karel",Recepty z Valašska,2003,59
"Hrachovcová, Alena",Kuchařka za všechny prachy,2003,219
"Zacker, Christina",Domácí recepty proti nemocem,2003,319
"Kužela, Lubomír",Dieta při hypertenzi,2003,75
"Řezníčková, Alena",Moderní kuchyně,2003,82
"Vrbatová, Vendy",Sto receptů na kuře krůtu a slepici,2003,94
"Hönigová, Marcela",Sto receptů na pestré saláty,2003,95
"Marhold, Jiří",Světová kuchyně,2003,257
"Teplíková, Jarmila",Hlíva ústřičná,2003,95
"Doležalová, Alena",Kuchařka - med v kuchyni,2003,101
"Praschl-Bichler, Gabriele",Kondiční a dietní program císařovny Sissi,2003,175
"Chaloupka, Vladimír",Jídlem ke zdraví,2003,91
"Pelc, Zdeněk",Vaříme v jednom hrnci,2003,159
"Dvořák, Pavel",Domácí výroba nealkoholických nápojů,2003,127
"Stroner, Regine",Pečeme na vánoce,2003,99
"Zacker, Christina",Domácí výroba sirupů a šťáv,2003,96
"Handschmann, Johanna",Rychle a lehce s dělenou stravou,2003,64
"Cramm, Dagmar von",Vaříme pro děti,2003,64
"Eichner, Jiří",Králičí hody,2003,123
"Clements, Carole",Pečeme,2003,254
"Ingram, Christine",Zelenina,2003,256
"Wright, Jeni",Těstoviny,2003,256
"Fraser, Linda",Kuře,2003,256
"Liu, Zihua",Všechno o čínské kuchyni,2003,275
"Vlachová, Libuše",Skleničková kuchařka,2003,61
"Krahl, Gisela",Kuchařka pro dokonalé matky,2003,158
,Kuchařka pro diabetiky a nejen pro ně,2003,287
,1000 nejlepších receptů z vydavatelství Gen,2003,352
,Technologie přípravy pokrmů 5,2003,135
"Momčilová, Pavla",Celozrnné vánoční a slavnostní pečivo,2003,63
"Agatston, Arthur",Dieta ze South Beach,2003,294
"Filipová, Lea",Moučníky včera a dnes,2003,106
"Janalík, František",Lovecká kuchařka aneb Zvěřina a ryby nejen na talíři,2003,151
"Momčilová, Pavla",Pečeme z celozrnného kynutého těsta,2003,61
"Woodhamsová, Marie",Literární kuchařka aneb Taky nemáte čas vařit,2003,107
"Burket, Pavel",Diety při onemocnění atopickým ekzémem,2003,31
"Janalík, František",Tajemství židovské kuchyně aneb 270 tradičních židovských receptů,2003,199
,Slovenské masné výrobky,2003,216
"Chaloupka, Vít",Dieta pro návrat do života,2003,150
"Černická, Marie Jana",Kuchařka podle hodiny narození,2003,157
"Kotrba, Miroslav",Velká diabetická kuchařka,2003,193
"Michňová, Pavla",Uzené a uzeniny,2003,61
"Hrdlička, Zdeněk",Rady ptáka loskutáka,2003,93
"Baier, Jiří",Houby v lese a v kuchyni,2003,204
"Kopáčková, Kristina",Japonská kuchyně,2003,80
"Sedláčková, Šárka",Veselá kuchařka,2003,116
"Hule, Miroslav",Ryby podle baštýřek z Třeboňska,2003,150
"Velemínský, Miloš",Anticholesterolová kuchařka,2003,148
"Mandžuková, Jarmila",Vánoční cukroví z domova a z ciziny,2003,106
"Plüss, Gabriella",S dělenou stravou každý den,2003,64
"Cramm, Dagmar von",Vaříme pro kojence,2003,64
"Martin, Dawn",Pú v kuchyni,2003,184
,Jak nám v Písku chutnalo chutná a chutnat bude,2003,120
"Uhlíř, Roman",Velká kniha koktejlové magie,2003,141
"Poláček, Jiří",Česká kuchyně 2004,2003,57
"Kaplický, Vít",Recepty pro diabetiky 2004,2003,64
"Poláček, Jiří",Domácí kuchyně 2004,2003,30
"Poláček, Jiří",Moučníky a sladkosti 2004,2003,30
"Martin, Pavel",Sladkosti od moravské maminky,2003,90
"Tetíková, Jana",Recepty z jižních Čech,2003,61
"Martin, Pavel",Drůbež,2003,159
"Martin, Pavel",Italská kuchařka,2003,86
"Drahokoupil, Zdeněk",Ryby 2004,2003,32
"Holoubek, Jaroslav",Gurmáni ze Smíchova aneb Vaří starosta a jeho přátelé,2003,119
"Poláček, Jiří",Česká kuchyně 2004,2003,59
"Choutka, Miloš",Receptář míchaných nápojů 2004,2003,59
,Recepty 2004,2003,58
"Poláček, Jiří",Takhle vařím já,2003,61
"Poláček, Jiří",Recepty z Dámského klubu 2004,2003,61
"Kopecká, Zuzana",Dětská kuchařka,2003,217
"Malovický, Václav",Kuchyně starého Pošumaví,2003,240
"Zemina, Milan",Domácí kuchyně 2004,2003,64
"Levine, Dan",Kuchařka restaurace Kampa Park,2003,197
,Kulinářské toulky Evropou,2003,109
"Vydra, Václav",Kuchařské inspirace Dany Medřické,2003,184
"Vlachová, Libuše",Pomazánky,2003,40
"Drahokoupil, Zdeněk",Rybářský kalendář s recepty 2004,2003,14
"Drahokoupil, Zdeněk",Houbařský kalendář s recepty 2004,2003,14
"Širlo, Vladimír",Chalupářský kalendář s recepty 2004,2003,14
"Širlo, Vladimír",Pražské recepty 2004,2003,14
"Francková, Zuzana",Kuchařka mlsného manžela,2003,127
"Francková, Zuzana",Kuchařka absolutní začátečnice aneb Poprvé sama v kuchyni,2003,123
,Jíme pro zdraví,2003,64
"Sedláček, Ivo",Nápoje,2003,162
"Schenková, Bela",Polívkář z boudy,2003,93
"Bridge, Tom",Těstoviny,2003,256
"Davies, Siân",Wok,2003,256
"Bridge, Tom",Kuře,2003,256
"Vlachová, Libuše",Skleničková kuchařka,2003,61
"Baudišová, Jana",Postní pokrmy podle pravoslavné tradice,2003,256
"Davis, George J.",Hitlerova dieta,2003,134
"Růžičková, Helena",Helena na cestách aneb Thajský sen Heleny Růžičkové,2003,99
,Jak se upravují ryby,2003,81
"Choutka, Miloš",Recepty paní Stelly 2004,2003,64
"Hrnčířová, Anna",Nakládání s nebezpečnými chemickými látkami a přípravky,2003,123
"Marečková, Olga",Dieta při vleklém onemocnění slinivky břišní,2003,75
"Brahová, Marie",Vizovické pečivo a ozdoby z těsta,2003,29
"Filipová, Eva",Zlatá kuchařka,2003,131
"Jiroušková, Jana",Východoafrická kuchařka,2003,105
"Pavlovcová, Hana",Stoletá kuchařka,2003,260
"Samková, Zuzana",Recepty z Rozkoše pro každou kapsu 2004,2003,30
,To nejlepší od čtenářů,2003,169
,Kuře,2003,82
"Adam, Mirek",Kuchařka s fantazií,2003,289
,G+H,2003,1
"Pechová, Jaroslava",Hrníčková kuchařka,2003,206
"Pechová, Jaroslava",Hrníčková kuchařka,2003,139
"Pechová, Jaroslava",Hrníčková kuchařka,2003,201
"Pechová, Jaroslava",Hrníčková kuchařka,2003,135
"Pechová, Jaroslava",Hrníčková kuchařka,2003,200
,Pečeme s láskou 2004,2003,26
,Velká babiččina kuchařka,2003,480
,Moje kuchařka,2003,238
,Na vlnách chuti 2,2003,30
"Polok, Pavel",Kuchařka - grilujeme hravě,2003,8
"Uhrin, Roman",Vegetariánská biokuchařka,2003,104
"Chourová, Iva",Makrobiotická kuchařka,2003,342
"Oberbeil, Klaus",Léčba ovocem a zeleninou,2003,294
"Mengerová, Olga",Česká kuchařka pro váš typ,2003,85
,Brumíkova dětská kuchařka,2003,43
"Magni, Milan",Sýr je bratr vína II,2003,91
"Zlatá, Renata",Nové rodinné recepty,2004,197
,Základy receptury příklady z farmakokinetiky a testy z farmakologie,2004,233
"Mertlík, Vladimír",Život jako menu,2004,253
,Kuchařka pro diabetiky,2004,127
,Grilování,2004,96
"MacMillan, Norma",Kuchařské techniky,2004,256
"Poštulka, Vladimír",Labužníkův lexikon,2004,450
"Volk, Renate",Houby v přírodě a na talíři,2004,191
"Bálintová, Táňa",Vaříme bez lepku a bez mléka,2004,92
"Martin, Pavel",Káva,2004,89
"Doležalová, Hana",Nápady pro maminky na mateřské dovolené,2004,182
"Hajdučíková, Dagmar",Manželská třešnička na dortu,2004,278
"Francková, Zuzana",Kuchařka dobré kamarádky,2004,127
"Seifen, Martina",Velká barevná dieta,2004,109
"Štěpnička, Miloš",Rybí receptář Miloše Štěpničky,2004,165
"Hastings, John",Krok za krokem ke štíhlé linii,2004,320
"Křivánek, Mirko",Česko-anglicko-německý průvodce gastronomií a restauračním provozem,2004,366
"Grillparzer, Marion",Magická zelná polévka,2004,120
,Skvělá pizza,2004,95
,Spalujeme tuky,2004,144
,Skvělé těstoviny,2004,95
"Kareš, Jiří",Med jako lék,2004,61
"Mikulová, Věra",Pečeme podle vyzkoušených receptů,2004,124
"Kareš, Jiří",Recepty pro diabetiky,2004,89
"Nosovský, Miloslav",Sýry v naší kuchyni,2004,106
"Vašák, Jaroslav",Jarní kuchařka,2004,64
"Pierson, Stephanie",Vaříme v rytmu ro(c)ku aneb Úplná příručka pro dospívající vegetariány,2004,213
"Pelc, Zdeněk",Vaříme a pečeme v římském hrnci remosce horkovzdušné troubě mikrovlnné troubě a fondue,2004,159
"Havlů, Karina",Bílé maso na talíři,2004,104
"Peková, Andrea",Luštěniny + hrášek a fazolky ve zdravé kuchyni,2004,74
"Teplan, Vladimír",Výživové hodnoty potravin pro pacienty,2004,16
,Velká kuchařka naší babičky,2004,480
"Vlachová, Libuše",Vaříme a pečeme,2004,90
"Chaloupka, Vladimír",Pomazánky,2004,90
"Vlachová, Libuše",Vařím jen pro sebe - i z polotovarů,2004,61
"Štěpánková, Jana",Tak tady jsou ty slíbené recepty na cukety paní Ehmová,2004,97
"Bremness, Lesley",Bylinář,2004,286
"Læssøe, Thomas",Houby,2004,256
"Læssøe, Thomas",Houby,2004,256
,Grilujeme doma i v přírodě,2004,124
"Lukáš, Karel",Dieta při ulcerózní kolitidě a Crohnově nemoci,2004,87
"Frej, David",Kuchařka pro zamilované,2004,87
"Kuntzmannová, Miroslava",Kuchařka,2004,225
"Zemanová, Eva",Jíme abychom žili II,2004,194
"Neužil, Luděk",Závitky a rolády,2004,103
"Bestajovský, Martin",Lidové obyčeje a nápady pro šikovné ruce,2004,64
"Dufek, Oldřich",Zeleninové saláty,2004,87
"Vainová, Zorka",Studená kuchyně pro každou příležitost,2004,207
"Höfler, Karel",Moučníky na celý rok a pro každou příležitost,2004,237
"Poncová, Svatava",Velká kniha moučníků,2004,480
"Mrázová, Dája",Rychlodiety,2004,131
"Karlík, František",Recepty pro všední den,2004,61
"Müller-Urban, Kristiane",Vitaminy na vašem stole,2004,189
"Krahl, Gisela",Kuchařka pro požitkářky,2004,189
"Vlk, Václav",Zahradní krby a grily II,2004,116
"Štěpánská, Věra",Pečeme po celý rok,2004,106
,Saláty a pomazánky pro každou příležitost,2004,275
"Doeser, Linda",Koktejly,2004,127
"Aubrechtová, Markéta",Kuře na 301 způsobů,2004,199
,Recepty naší rodiny,2004,253
"Rettigová, Magdalena Dobromila",Domácí kuchařka,2004,389
,Vaříme,2004,127
"Francková, Zuzana",Kuchařka úplně pro každého,2004,127
,Koktejly,2004,96
,Letní ovoce v kuchyni,2004,96
"Illková, Olga",Zdravá výživa v mateřské škole,2004,167
"Stehlíková, Marcela",Babiččina kuchařka aneb Hubě netřeba mýdla ale dobrého jídla,2004,39
"Filipová, Lea",Dobrou chuť,2004,112
"Kotrba, Miroslav",Diabetická kuchařka,2004,133
"Příhoda, Vladimír",Čínská kuchyně po česku,2004,179
"Norman, Jill",Česnek a cibule,2004,39
"Norman, Jill",Oleje octy a jiné přísady,2004,39
"Martin, Pavel",Babiččiny recepty,2004,90
,Rychle chutně zdravě-,2004,255
"Roubínek, Zdeněk",Rychlé pokrmy a lákavé pohoštění,2004,244
"Mahelová, Lenka",Mikrovlnná kuchařka s výkony a časy,2004,191
"Burešová, Božena",Kuchařka krajových jídel z Čech Moravy a Slovenska,2004,167
"Michňová, Pavla",Recepty z hovězího masa,2004,61
"Fořt, Petr",Stop dětské obezitě,2004,206
"Allende, Isabel",Afrodita,2004,326
"Summ, Ursula",Nová dělená strava,2004,128
"Suchá, Jitka",Vaříme s alkoholem,2004,87
"Pelikán, Miroslav",Pečeme a zdobíme perníky,2004,125
"Štěpnička, Miloš",Mořská kuchařka,2004,123
"Michňová, Pavla",Vaříme za babku,2004,106
,Kuchařka naší zahrady,2004,381
"Henschel, Detlev",Plané rostliny k jídlu,2004,253
"Sedláčková, Hana",Úspěšná paní domu,2004,255
"Watt, Fiona",Kuchařka pro začátečníky,2004,195
"Ferrarová, Eva",Italská kuchařka,2004,245
"Frej, David",Ájurvédské recepty pro zdraví,2004,203
"Partyková, Vilma",Vaříme nemocným rakovinou a nejen pro ně,2004,271
"Havlů, Karina",Pokrmy s mletým masem,2004,119
"Osborne, Laura",Rasta kuchařka,2004,118
"Arnsperger, Irmela",Tajemství babiččiny kuchyně,2004,352
"Michňová, Pavla",Recepty z vepřového masa,2004,61
,Bez tuku,2004,48
,Wok,2004,48
,Italská kuchyně,2004,48
,Saláty,2004,47
,Ovocné saláty a dezerty,2004,48
,Drůbeží speciality,2004,48
,Pikantní minutky,2004,48
,Bylinky v kuchyni,2004,48
"Marečková, Olga",Nemoci slinivky břišní,2004,126
,Maminčina kuchyně,2004,90
"Höfler, Karel",Zapékaná jídla,2004,159
"Svobodová, Zděnka",Asijská kuchyně po česku,2004,206
"Vašák, Jaroslav",Letní kuchařka,2004,64
"Zimmerman, Marcia",Barevná dieta,2004,270
,Babiččiny recepty nejen pro dědečky,2004,95
"Aubrechtová, Markéta",Pomazánky pro každou příležitost,2004,143
"Ullmannová, Jiřina",Dělená strava,2004,191
"Wagnerová, Magdalena",Vánoční kuchyně,2004,175
"Voldřich, Michal",Bezpečnost pokrmů v gastronomii,2004,183
"Nosovský, Miloslav",Česká kuchařka,2004,61
"Horáčková, Miluše",Tradiční česká jídla pro každou příležitost,2004,261
"Kindl, Roman",Netradiční kuchařka ve které nenajdete ani jeden recept,2004,56
"Köhler, Monika",Dorty,2004,144
"Schmedes, Christa",Moučníky,2004,143
"Martin, Pavel",Zelíčko zelí mé potěšení-- hlavně s masem,2004,106
,Kouzlíme se zeleninou,2004,352
"Habustová, Milena",Tradiční pečivo,2004,162
"Vlk, Václav",Zahradní krby a grily I,2004,114
"Elefteriadu, Martha",Řecká kuchyně Marthy Elefteriadu,2004,173
"Racková, Daša",Česká obrazová kuchařka,2004,192
"Havel, Petr",Vojenská kuchařka totiž Kuchařská kniha c a k vojska,2004,199
,Vaříme snadno a rychle,2004,2
"Neužil, Luděk",Jablečná kuchařka,2004,111
"Zlatá, Renata",Kuchařka,2004,110
"Horáčková, Miluše",Míchané nápoje,2004,110
"Choutka, Miloš",Rybí kuchyně 2005,2004,63
"Choutka, Miloš",Míchané nápoje 2005,2004,59
"Zemina, Milan",Ze světa do naší kuchyně 2005,2004,64
"Biggs, Matthew",Velká kniha zeleniny bylin a ovoce,2004,640
,Koktejly,2004,316
"Berka, Rudolf",Grilujete Grilujte ryby,2004,14
"Mandžuková, Jarmila",Hurá do sladkého pečení,2004,90
"Doležalová, Alena",Kuchařka,2004,93
"Krejčiřík, Libor",Gastronomicko-kulinářský slovník,2004,189
"Iburg, Anne",Lexikon koření,2004,301
"Iburg, Anne",Lexikon sýrů,2004,301
"Müller-Urban, Kristiane",Lexikon omáček,2004,297
"Doeser, Linda",Velká italská kuchařka,2004,256
,Strava jako lék,2004,223
"Seidlová, Anastasie B.",Kuchařka Jitřenky pro chudé a střední vrstvy,2004,271
"Murin, Filip",Koření,2004,127
,Moučníky a sladkosti 2005,2004,59
,Domácí kuchyně 2005,2004,59
"Košíková, Irena",Vaření s Čirinou aneb Čtvero ročních období v kuchyni,2004,169
"Mikulová, Věra",Pečeme na svatby a slavnostní příležitosti,2004,122
,Pečeme a připravujeme moučníky,2004,347
"Štěpnička, Miloš",Česká kuchařka podle Miloše Štěpničky,2004,213
"Šustalová, Libuše",Kuchařka,2004,110
"Burianová, Radka",Kuchařka,2004,141
"Juráňová, Božena",Pečeme zdobíme,2004,155
"Kareš, Jiří",Babička zavařuje,2004,61
"Michňová, Pavla",Vaříme rychle levně chutně,2004,61
,Houby jako hobby,2004,250
,Moučníky a sladkosti,2004,264
"Jeřábek, Angelus",Oroduj za nás domácí kuchař,2004,287
"Mahelová, Lenka",Sezónní ovoce v naší kuchyni,2004,118
"Wolf-Cohen, Elizabeth",Bible kuchařského umění,2004,224
"Kareš, Jiří",Cukrářské dobroty,2004,106
"Smotlacha, Miroslav",Houbařský atlas,2004,178
,Polévky,2004,83
,Vepřové maso,2004,82
"Runštuk, Jaroslav",Receptury teplých pokrmů,2004,584
"Brázdová, Zuzana",Recepty pro těhotné,2004,20
"Tennant, Carol",Ryby a plody moře,2004,256
"Stacey, Jenny",Čínská kuchyně,2004,256
"Doeser, Linda",Těstoviny,2004,176
"Doeser, Linda",Rychle a snadno,2004,176
"Doeser, Linda",Nízkotučné pokrmy,2004,175
,Recepty 2005,2004,58
,Velká evropská kuchařka,2004,496
,Zelenina v kuchyni 2005,2004,58
"Mahelová, Lenka",Zvěřina v naší kuchyni,2004,230
"Horáčková, Miluše",Vaříme s pivem,2004,198
"Poláček, Jiří",Kuchařka pro každý den 2005,2004,59
"Poláček, Jiří",Česká kuchyně 2005,2004,59
"Skopová, Kamila",Vánoční svátky o století zpátky aneb Tradice Vánoc v české kuchyni,2004,55
"Mašek, Petr",Z historie zeleniny a rozkošná bolest,2004,233
"Bestajovský, Martin",Lidové obyčeje a nápady pro šikovné ruce,2004,64
"Krýsl, Jan",Kuchařka naší Elišky 2005,2004,32
,Chuť naplněných let,2004,57
"Lukeš, Viktor",Slabikář alkoholu a míchaných nápojů,2004,128
"Helmich, Karel",Správné uchování potravin a pokrmů v chladničce,2004,2
"Toufar, Pavel",Český rok na vsi a ve městě,2004,2
"Martin, Pavel",Kuchařka podle snáře,2004,335
"Kořínková, Lenka",Dieta pro vášnivé megajedlíky aneb To nejlepší ze SPLK,2004,316
"Teplíková, Jarmila",Houby známé a exotické,2004,167
,Kuchařka pro diabetiky a nejen pro ně,2004,287
"Hofhanzlová, Judita",Polévky a kašičky pro nejmenší,2004,92
"Vašák, Jaroslav",Vánoční kuchařka,2004,184
"Brand Miller, Janette",Glukózová revoluce,2004,223
"Mandžuková, Jarmila",Pečeme na Vánoce,2004,106
"Murin, Filip",Saláty,2004,115
"Martin, Pavel",Česká vánoční kuchařka,2004,226
"Scherf, Gertrud",Plané rostliny a jejich použití v kuchyni,2004,128
,Vaříme z hub 2005,2004,31
"Vlachová, Libuše",Skleničková kuchařka,2004,90
,Jak nám v Písku chutnalo chutná a chutnat bude,2004,125
,Velká kniha pečení,2004,239
"Poncová, Svatava",Slaná hrníčková kuchařka,2004,136
,Velká kniha těstovin,2004,384
,Prima vařečka 4,2004,160
"Bestajovský, Martin",Lidové obyčeje a nápady pro šikovné ruce,2004,64
"Calabrese, Salvatore",Sexy koktejly,2004,128
,Kuchařka oblíbených receptů našich čtenářů,2004,110
"Choutka, Miloš",Recepty ze šumavské chalupy 2005,2004,64
"Choutka, Miloš",Jan Rosák ten vaří 2005,2004,64
"Mandžuková, Jarmila",Kuchařka,2004,142
"Brahová, Marie",Perníčky pro radost,2004,29
"Malovický, Václav",Kuchyně staré Šumavy,2004,231
"Malovický, Václav",Švejkova cestopisná kuchařka aneb Mírně vlastivědné kulinární putování kuchyní pražskou jihočeskou budějickou rakouskou vídeňskou maďarskou slovenskou polskou haličskou i židovskou,2004,231
"Raichlen, Steven",Jak grilovat,2004,490
"Bellefontaine, Jacqueline",Grilování a saláty na léto,2004,256
"White, Anne",Středomořská kuchyně,2004,256
"Bellefontaine, Jacqueline",Čokoláda,2004,256
"Motalová, Veronika",Kuchařka pro začátečníky,2004,120
"Berry, Mary",Dezerty a cukroví,2004,264
"Poláček, Jiří",Česká kuchyně 2005,2004,57
"Poláček, Jiří",Recepty z Dámského klubu 2005,2004,61
"Poláček, Jiří",Takhle vařím já--,2004,61
,Povídky z kuchyně,2004,1
"Samková, Zuzana",Recepty z Valašska pro každou kapsu 2005,2004,57
"Foster, Helen",Dieta GI,2004,128
,Losos,2004,144
"Sedláčková, Hana",Technologie přípravy pokrmů 1,2004,85
"Teplíková, Jarmila",Zázvor v kuchyni,2004,143
"Blochová-White, Jana",Jak se stát labužníkem aneb Inspirativní kuchařka pro snoby,2004,200
,Kraj ovoce,2004,10
"Pechová, Jaroslava",Hrníčková kuchařka,2004,200
"Pechová, Jaroslava",Hrníčková kuchařka,2004,206
"Pechová, Jaroslava",Hrníčková kuchařka,2004,139
"Pechová, Jaroslava",Hrníčková kuchařka,2004,138
"Pechová, Jaroslava",Hrníčková kuchařka,2004,197
"Pechová, Jaroslava",Hrníčková kuchařka,2004,201
"Janouškovec, Jiří",Hrníčková kuchařka,2004,137
"Pechová, Jaroslava",Hrníčková kuchařka,2004,136
"Pechová, Jaroslava",Hrníčková kuchařka,2004,135
"Pechová, Jaroslava",Hrníčková kuchařka,2004,135
"Poncová, Svatava",Slaná hrníčková kuchařka,2004,112
,Hovězí,2004,82
,Recepty ze šumavského kalendáře,2004,35
,Recepty ze zlatého fondu,2004,1
"Lanská, Dagmar",Anglicko-český a česko-anglický gastronomický slovník,2004,309
"Konvalinková, Naďa",Na vlnách chuti s Naďou Konvalinkou,2004,30
"Šebestová, Marcela",Fifinčina hrníčková kuchařka,2004,64
,Kuchařka k Evropské unii,2004,86
"Anzari, Patricie",Bezmasá pochutnání,2004,108
"Bernardová, Alena Judit",Jak jíst a hubnout aneb Už nikdy nehladovět,2004,159
"Nodl, Ladislav",Velká domácí kuchařka,2004,528
,1000 nejlepších receptů z vydavatelství Gen,2004,352
,Saláty z celého světa,2004,40
,Těstoviny,2004,95
,Saláty,2004,95
,Minirecepty,2005,2
"Horecká, Jana",Večeře snadně a rychle,2005,96
"Atkins, Robert C.",Hubneme podle Atkinse,2005,423
,Skvělé polévky,2005,95
"Pratt, Steven G.",Superpotraviny,2005,303
"Váňa, Jan",52 nedělních obědů,2005,124
,Saláty,2005,96
,Skvělé grilování,2005,95
"Solařová, Květuše",Sladké a slané dobroty,2005,293
"Schinharl, Cornelia",Basic skvělá party,2005,168
"Velfel, Petr",Kuchyně,2005,175
"Imbach, Josef",Tajemství klášterní kuchyně,2005,197
"Jablonský, Ivan",Pěstujeme klíčící osivo a výhonky,2005,96
"Binder, Egon M.",Udírny a uzení,2005,112
"Sundqvist, Inga-Britta",Vegetariánská kuchařka,2005,312
"Zittlau, Jörg",Dieta pro Adama a Evu,2005,159
"Herynek, Petr",České Vánoce,2005,159
"Höfler, Karel",Pizzy mnoha chutí a nápadů,2005,111
"Lánská, Dagmar",Jablka v naší kuchyni,2005,79
"Hinderberger, Sylvie",Středomořská dieta podle krevních skupin,2005,96
"Teplan, Vladimír",Choroby ledvin a močových cest,2005,175
"Svobodová, Zděnka",Recepty nejen na chalupu,2005,238
"Höfler, Karel",Minutky,2005,159
"Kodým, Jaroslav",Domácí pomazánky,2005,106
"Vlachová, Libuše",Rýže a další obilniny,2005,36
"Gabriel, Richard",Dobré rady do kuchyně,2005,263
"Dezortová, Věnceslava",Za dveřmi domova,2005,190
"Gardošová, Eva",Barevné recepty pro malé kuchaře,2005,77
"Kužela, Lubomír",Diety při onemocnění slinivky břišní,2005,31
"Horáčková, Miluše",Zabijačková kuchařka,2005,230
"Kotrba, Miroslav",Kuchařka,2005,94
"Mayer, Miroslav",Babiččiny polévky,2005,90
"Grunert, Peter",Jablečný ocet aneb Jak zhubnout 5 kg za 4 týdny,2005,113
"Nosovský, Miloslav",Koření v naší kuchyni,2005,90
"Aubrechtová, Markéta",Velká kniha pomazánek,2005,218
"Horáčková, Miluše",Vaříme na víně,2005,190
,Fondue raclette & horký kámen,2005,96
"Kužela, Lubomír",Diety při onemocnění žlučníku,2005,31
"Sedláčková, Hana",Pečeme na Vánoce,2005,143
,To nejlepší ke grilu,2005,197
"Marber, Ian",Cesta ke štíhlé linii,2005,144
"Novotný, Petr",Dobrý kafe na Frekvenci 1,2005,269
"Albaut, Corinne",12 menu pro malé mistry kuchaře,2005,95
"Kejvalová, Lenka",Výživa dětí od A do Z,2005,157
"Mach, Ivan",Malá fitness kuchařka,2005,87
"Vlachová, Libuše",Oblíbené domácí cukroví,2005,106
,Rodinné laskominy,2005,49
"Tetíková, Jana",Med jako lék a medové recepty,2005,105
"Sabóvá, Kateřina",Velká kniha salátů,2005,287
"Höflerová, Jitka",Pečeme maso,2005,207
"Poncová, Svatava",Velká barevná kuchařka,2005,167
"Kareš, Jiří",Saláty pro celý rok,2005,90
,Recepty naší rodiny,2005,227
"Roubínek, Zdeněk",Kuchařka,2005,139
"Haluzík, Martin",Metabolický syndrom a nukleární receptory,2005,126
"Mayer, Miroslav",Babiččiny bylinky pro léčení i vaření,2005,90
"Mahelová, Lenka",Velká kniha grilování,2005,319
"Paul-Prößler, Ute",Sýry na vašem stole,2005,191
,Kuchyně Středomoří,2005,256
"Doležalová, Alena",Kuchařka - zapékané pokrmy na 250 způsobů,2005,110
"Bušinová, Iva",Bezlepková kuchařka,2005,98
"Parker, Adele",Celebrity a jejich diety,2005,153
,Rodinná encyklopedie vaření,2005,480
,Rodinná encyklopedie pečení,2005,478
"Kohout, Pavel",Zácpa,2005,70
"Vlachová, Libuše",Nejlepší z minutek,2005,90
"Podlahová, Gabriela",Polévky,2005,206
"Bourdain, Anthony",Důvěrnosti z kuchyně,2005,306
,Grilování,2005,96
,Táborový kuchař,2005,68
,Kuchyně,2005,95
"Clark, Jacqueline",Středomořská kuchyně,2005,256
"Walden, Hilaire",Pečeme s radostí,2005,256
"Morris, Sallie",Vše o koření,2005,256
"Hess, Reinhardt",Radost z grilování,2005,144
"Podroužek, Jaroslav",Velká houbařská kuchařka,2005,263
"Michňová, Pavla",Omáčky tisíce chutí,2005,106
,Rodinná kuchařka,2005,239
"Treuille, Eric",Chléb,2005,168
,1000 koktejlů z celého světa,2005,336
"Beranová, Magdalena",Jídlo a pití v pravěku a ve středověku,2005,359
"Kuntzmannová, Miroslava",Kniha o přípravě pokrmů s vakuovým univerzálním systémem BioVac,2005,84
"Costantino, Maria",Koktejly,2005,256
"Millidge, Judith",Džusy,2005,256
"Mrázová, Dája",Domácí pekárna,2005,99
"Momčilová, Pavla",Automatická domácí pekárna,2005,111
,Pizza quiche - slané koláče,2005,96
"Mandžuková, Jarmila",Kuchařka - vaříme dětem,2005,157
"Vlachová, Libuše",Grilování a rožnění,2005,90
"Mandžuková, Jarmila",Bleskovky v kuchyni,2005,90
"Hume, Tabitha",Dieta X,2005,165
"Havlů, Karina",Brokolice na 150 způsobů,2005,103
"Poncová, Svatava",Rodinná hrníčková kuchařka,2005,112
,Dobroty,2005,1
"Summ, Ursula",Kuchařka nové dělené stravy,2005,192
"Středa, Leoš",Univerzita hubnutí,2005,251
"Rettigová, Magdalena Dobromila",Domácí kuchařka aneb Pojednání o masitých a postních pokrmech pro dcerky české a moravské,2005,398
"Beránek, Jaromír",Slovník potravinářů a gastronomů,2005,103
"Brayfield, Celia",Tajemná Francie,2005,261
"Požárová, Lenka",Dýně,2005,56
"Packová, Anna",Ve škole nám chutná,2005,186
"Michňová, Pavla",Řízky mnoha druhů,2005,106
"Bárta, Luboš",Druhá kniha o kráse snoubení vín a pokrmů,2005,209
"Baker, Helena",Kohout na víně,2005,128
"István, Erich M.",Rakouská kuchyně podle Rokitanského,2005,461
"Vlachová, Libuše",Jemné moučníky - skleničková kuchařka,2005,106
"Chmel, Ladislav",Bylinková kuchařka,2005,285
"Němec, Pavel",Vaříme podle horoskopu,2005,217
,Těstoviny,2005,304
,Moderní asijská kuchařka,2005,304
"Martinková, Marie",Oli a David pečou dort,2005,10
"Vaňha, Jindřich",Rybí kuchyně,2005,673
"Švehelka, Luboš",Kouzelný tvarůžek aneb Kuchařka neobvyklé vůně,2005,129
"Filipová, Lea",Jídla na poslední chvíli,2005,106
,Začínám vařit,2005,65
,52 originálních receptů na 52 týdnů v roce,2005,127
,Praktická Prima vařečka,2005,114
"Štěpán, Jan",Diety při onemocnění osteoporózou,2005,36
"Cramm, Dagmar von",Vánoce,2005,120
"Hazan, Marcella",Klasická italská kuchyně,2005,703
"Skopová, Kamila",Vánoční svátky o století zpátky aneb Tradice Vánoc v české kuchyni,2005,55
"Pechová, Jaroslava",Hrníčková kuchařka,2005,146
,Velká kuchařka,2005,653
,Recepty s tajenkou,2005,100
"Cunningham, Scott",Cunninghamova encyklopedie Čarodějnictví v kuchyni,2005,247
"Martin, Pavel",Plněná masa závitky a kapsy,2005,106
"Zemina, Milan",Vaříme se zeleným kořením 2006,2005,65
,Kuchařka,2005,390
"Stepanova, Iryna",Pohoštění s fantazií a vtipem,2005,103
"Strýčková, Jana",Pod pokličkou,2005,184
"Pírko, Dalibor",Grily krby udírny,2005,72
,Ovocné a slané koláče,2005,160
,Sladké pokušení - čokoláda,2005,160
,Vafle a palačinky,2005,160
,Americké pečivo - muffins brownies bagels doughnuts & Co,2005,160
,Pečení,2005,160
,Ďábelsky ostrá kuchyně,2005,160
,Pikantní kuchyně Tex-Mex,2005,160
"Conran, Terence",Kuchyně,2005,223
,Kuchařka z Hlučínska,2005,95
"Mayer, Miroslav",Zabijačka po domácku,2005,106
"Jirků, Karel",Kuchyně naší maminky,2005,90
"Rožnovský, František",Šumavská kuchařka,2005,126
"Požárová, Lenka",Špenát,2005,56
"Illková, Olga",Zdravá výživa malých dětí,2005,191
"Uhrová, Helena",Jak se dělá cidre calvados pommeau,2005,87
,Sýry,2005,39
,Cukroví,2005,39
"Roubínek, Zdeněk",Kuchařka - nové pomazánky,2005,92
"Kreuzbergová, Jaroslava",Dna,2005,32
,Recepty pro diabetiky 3 2006,2005,64
"Froydová, Maria",Kluci v akci,2005,190
"Kareš, Jiří",Vaříme z těstovin a rýže,2005,90
"Rozehnal, Patrik",Pochoutky,2005,238
,Pečeme s láskou,2005,352
,Kuchařka,2005,455
"Höflerová, Jitka",Erotická kuchařka,2005,115
"White, Jenny",Tři stačí,2005,256
"Langen, Annette",Dopisy v láhvi od Felixe,2005,71
"Bohatá, Veronika",Těšíme se na Vánoce,2005,34
"Roden, Claudia",Kniha o židovské kuchyni,2005,598
"Michalík, Dalibor",Prima vařečka 2006,2005,62
"Karas, Jan",Domácí kuchyně 2006,2005,59
"Karas, Jan",Moučníky a sladkosti 2006,2005,59
"Zemanová, Hana",Biokuchařka Hanky Zemanové,2005,177
"Schenkel, Wolfgang",Tajemství jídelních lístků,2005,279
"Poncová, Svatava",Velká hrníčková kuchařka,2005,480
"Canfield, Jack",Slepičí polévka pro inspiraci ženské duše,2005,297
"Mandžuková, Jarmila",Perníčky,2005,90
"Sabóvá, Kateřina",Velká rybí kuchařka,2005,223
"Vainová, Zorka",Slané pečivo,2005,115
,Ryby,2005,384
"Besserová, Miroslava",Receptář tradičních českých Vánoc,2005,125
"Šebek, Luboš",Technologie kuchyňského provozu ve zdravotnických a sociálních zařízeních,2005,124
"Strnadelová, Vladimíra",Radost z jídla,2005,175
"Lužná, Dagmar",Makrobiotické nedělní vaření,2005,231
,Nový lunární diář 2006,2005,177
"Skopová, Kamila",Rodinné stříbro aneb Klenoty domácí kuchyně,2005,239
"Štěpnička, Miloš",Dary moře podle Miloše Štěpničky,2005,134
"Montignac, Michel",Tajemství štíhlých a šťastných dětí,2005,320
"Šebelová, Marie",Zařízení závodů,2005,71
"Saxlová, Magda",Moderní židovská kuchařka,2005,125
"Hawe, Celia",Jóga pro zeštíhlení,2005,144
,Kousek domova,2005,90
,Vražda jako zákusek,2005,294
"Fuchs, Martin",Alergie číhá v jídle a pití--,2005,189
"Pechová, Jaroslava",Hrníčková kuchařka,2005,200
"Pechová, Jaroslava",Hrníčková kuchařka,2005,201
"Pechová, Jaroslava",Hrníčková kuchařka,2005,206
"Pechová, Jaroslava",Nejrychlejší moučníky,2005,135
"Pechová, Jaroslava",Hrníčková kuchařka,2005,133
"Pelikán, Miroslav",Cukrářské výrobky,2005,143
"Poncová, Svatava",Velká barevná hrníčková kuchařka,2005,119
"Michňová, Pavla",Šťavnaté recepty,2005,106
,Velká kniha receptů,2005,256
,Všechno o pečení,2005,256
"Vlachová, Libuše",Laskominy sladké i slané,2005,106
"Bohdalová, Jiřina",Třicet dní které otřásly váhou,2005,137
"Höppnerová, Věra",Němčina pro číšníky a kuchaře,2005,291
"Heřmánková, Blanka",1200 rychlých domácích večeří,2005,424
"Kührer, Irene",Štíhlá i po čtyřicítce,2005,128
"Bohlmann, Friedrich",Vaříme zdravě při zvýšeném cholesterolu,2005,128
"Maus, Simone",Vaříme zdravě bez mléka,2005,128
"Fritzsche, Doris",Vaříme zdravě pro diabetiky,2005,128
"Hamm, Michael",Ideální dieta,2005,191
"Frej, David",99 způsobů jak zhubnout,2005,178
"Bodlák, Jiří",Byliny v léčitelství v kosmetice a v kuchyni,2005,295
"Hess, Reinhardt",Speciality z celého světa,2005,264
"Sapík, Jaroslav",Česká kuchyně je klasa,2005,223
"Candráková, Jana",Magdalena Dobromila Rettigová,2005,18
"Burke, Karen",Štíhlé boky,2005,128
,Receptář vánočních pokrmů a vánočního cukroví,2005,48
"Stacey, Jenny",Vegetariánská kuchyně,2005,256
"Stacey, Jenny",Brambory,2005,256
,Drůbeží maso,2005,82
,Italská kuchyně,2005,82
,Houby v kuchyni,2005,82
"Cibulka, Zdeněk",Kuchařka pro začátečníky,2005,141
"Berka, Rudolf",Máme rádi kapra,2005,64
"Motalová, Veronika",Kuchařka pro chlapy,2005,111
"Stupka, Petr",Kuchařské čarování Petra Stupky,2005,160
"Zázvorková, Stella",Poslední kuchařka Stelly Zázvorkové,2005,119
Hildegarda,Receptář pokrmů ze špaldy,2005,204
"Choutka, Miloš",Kuchařův atlas III 2006,2005,64
"Finta, Ivan",Rybářův rok s recepty 2006,2005,57
"Poncová, Svatava",Velká hrníčková kuchařka,2005,480
"Poláček, Jiří",Hrníčkový kalendář 2006,2005,28
"Piszkiewicz, Jan",Kuchařka pro zahradní pohoštění,2005,126
"Poláček, Jiří",Takhle vařím já 2006,2005,61
"Poláček, Jiří",Recepty z Dámského klubu 2006,2005,61
"Poláček, Jiří",Rok plný sladkostí 2006,2005,59
"Poláček, Jiří",Rychlé recepty 2006,2005,31
,Fit s MISS Monikou Žídkovou 2006,2005,31
"Poláček, Jiří",Sladké pečení 2006,2005,66
"Poláček, Jiří",Česká kuchyně 2006,2005,57
"Choutka, Miloš",Recepty ze šumavské chalupy 2 2006,2005,64
"Linhart, Michal",Fit recepty Olgy Šípkové 2006,2005,59
"Kührer, Irene",Vaříme zdravě při překyselení organizmu,2005,128
"Marquardt, Trudel",Vaříme zdravě bez lepku,2005,128
"Piszkiewicz, Jan",Bramborová kuchařka,2005,175
,Foodlifecz,2005,
"Chocenská, Eva",Ketogenní dieta,2005,2
"Černý, Jiří",Nový encyklopedický slovník gastronomie,2005,2
"Vašák, Jaroslav",303 levných receptů,2005,120
"Horecká, Jana",Pomazánky a saláty,2006,96
"Horecká, Jana",Rychlé večeře aneb Zázraky na pánvi,2006,128
,Nákypy a zapečené pokrmy,2006,96
"Behrendt, Bibiana",Basic míchané nápoje,2006,144
"Hanousek, Miloš",Domácí výroba moštů,2006,75
"Lišková, Marie",Vaříme s písničkou,2006,139
"Vaiglová, Šárka",Minutky a rychlá jídla,2006,174
"Filipová, Lea",Grilování rožnění a uzení,2006,128
"Daiber, Claudia",Grilování masa ryb zeleniny,2006,127
"Gregora, Martin",Jídelníček kojenců a malých dětí,2006,163
,Omáčky dipy & dresinky,2006,96
,Kuře,2006,39
,Slané pochoutky,2006,38
,Pizza,2006,39
,Dezerty,2006,38
,Omáčky,2006,38
,Dorty,2006,38
,Čokoláda,2006,39
,Saláty,2006,38
,Tapas,2006,96
,Kuchařka pro štíhlou linii,2006,96
,Kuchařka pro labužníky,2006,96
,Hamburgry a pokrmy z mletého masa,2006,48
,Jednohubky,2006,48
,Sushi,2006,48
,Nudle,2006,48
,Lehká letní jídla,2006,48
,Omelety palačinky a koblihy,2006,48
"Stein, Dagmar",Pěstujeme houby,2006,94
"Pehle, Tobias",Těstoviny,2006,299
"Pehle, Tobias",Lexikon těstovin,2006,299
"Doležalová, Hana",Nápady pro maminky na mateřské dovolené,2006,182
,Italská kuchyně,2006,256
,Speciality kuchyně Středomoří,2006,320
"Schinharl, Cornelia",Basic vaření po asijsku,2006,160
"Gayler, Paul",Nová vegetariánská kuchařka,2006,168
"Guiliano, Mireille",Francouzky netloustnou,2006,278
"Jiskra, Martin",Nejen zelenina,2006,126
"Saum, Kilian",Zdraví z klášterní lékárny,2006,176
,Vaří šéfkuchaři,2006,648
"Novotný, Petr",Vaječný sen,2006,61
"Li, Yongkang",Tradiční čínská kuchyně,2006,96
"Klever-Schubert, Katrin",Program nízkotučné stravy,2006,127
"Pelc, Jaromír",Kuchařka pro zamilované,2006,163
"Rosedale, Ron",Buďte štíhlí - žijte déle,2006,326
"Požárová, Lenka",Mrkev,2006,58
"Macek, Petr",52 pozvání ke stolu,2006,111
"Procházková, Hana",Česká vegetariánská kuchařka,2006,125
"Montignac, Michel",Provensálské recepty,2006,283
"Kareš, Jiří",Moravské koláče a české buchty,2006,106
"Fořt, Petr",Co (ještě) nevíte o výživě (i ve sportu),2006,190
"Frej, David",Dietní sestra,2006,309
"Petráková, Eva",Kuchařka nejen pro alergiky,2006,118
"Žalud, Jiří M.",Netradiční cestopisná kuchařka,2006,204
"Vlachová, Libuše",Vaříme doma knedlíky brambory těstoviny,2006,106
"Maurer, Pavel",Tajemství nejlepších šéfkuchařů,2006,172
"Sedláčková, Hana",Česká vánoční kuchařka,2006,447
"Vlachová, Libuše",Sladká skleničková kuchařka,2006,90
"Sedláčková, Hana",Technologie přípravy pokrmů 2,2006,85
"Kohout, Pavel",Celiakie a bezlepková dieta,2006,166
"Krejčí, Petr",Základy technologie přípravy pokrmů,2006,149
"Málková, Iva",Hubneme s rozumem v praxi,2006,173
,Velká kuchařka,2006,544
"Kareš, Jiří",Chutné recepty našich babiček,2006,58
,Saláty,2006,273
,Vše o asijské kuchyni,2006,256
"Vernerová, Monika",Bezlepková dieta,2006,79
"Větvičková, Jana",Krůta a kuře snadno a rychle,2006,90
"Lhotáková, Zdeňka",Kuchyně,2006,146
"Rujner, Jolanta",Bezlepková a bezmléčná dieta,2006,108
,Recepty naší rodiny,2006,381
"Poncová, Svatava",Ovocné moučníky - hrníčková kuchařka,2006,96
"Kepáková, Hana",Maso v naší kuchyni,2006,318
"Höflerová, Jitka",Velká ovocná a zeleninová kuchařka,2006,231
"Zacker, Christina",Domácí recepty proti nemocem,2006,319
"Fujera, Sam",Zrozen ke zdraví,2006,131
"Poncová, Svatava",Ovocná hrníčková kuchařka,2006,112
"Tůma, Jan",Chladničky a mrazničky,2006,78
"Chaloupka, Vít",Tělo jako důkaz v novém tisíciletí,2006,142
"Doležalová, Alena",Kuchařka - hrníčkové moučníky,2006,101
"Müller, Sven-David",Nový rádce pro diabetiky,2006,95
"Vlachová, Libuše",Cukroví našich maminek,2006,106
"Rákosníková, Jitka",Chuťopis,2006,167
"Kimpel, Roger",Lexikon grilování,2006,304
"Savill, Julie",101 kuchyně,2006,208
"Frolíková, Jana",Česká kuchařka,2006,152
"Požárová, Lenka",Chřest,2006,58
"Horák, Jiří",Diety při onemocnění hepatitidou,2006,32
"Kelblová, Miloslava",Lexikon nápojů,2006,247
"Vergnerová, Olga",Kuchařka pro osamělé,2006,150
"Mayer, Miroslav",Čerstvé pomazánky z domova i z ciziny,2006,106
"Berka, Rudolf",Český kapr,2006,111
"Lánská, Dagmar",Jedlé rostliny z přírody,2006,223
,Nejlepší koktejly,2006,128
"Kareš, Jiří",Vaříme pro diabetiky,2006,89
,52 rychlých receptů na plech,2006,127
"Patmore, Emma",Pečení,2006,256
"Spieler, Marlena",Mexická kuchyně,2006,256
,Grilujeme,2006,128
"Shreeve, Caroline",Tukožroutská dieta,2006,128
,Grilování,2006,160
"Mrázová, Dája",Domácí pekárna 2,2006,85
"Vlachová, Libuše",Za půl hodiny je uvařeno,2006,106
"Dufek, Oldřich",Zvěřina a lahodná masa ve zdravé kuchyni,2006,93
"Höflerová, Jitka",Saláty,2006,256
"Teplíková, Jarmila",Chřest v kuchyni,2006,108
"Burda, Aenne",Pečivo pro slavnostní příležitost,2006,141
"Břízová, Joza",Vaříme zdravě chutně a hospodárně,2006,502
,Sýry,2006,288
,Vaříte rádi,2006,271
,Koktejly,2006,160
"Faktor, Viktor",Velká kuchařka,2006,431
"Berka, Rudolf",Grilujete Grilujte ryby,2006,25
"Gergely, Anikó",Culinaria Maďarsko,2006,317
,Recepty plné sladkých nápadů 2006,2006,32
,Recepty pro každý den 2006,2006,32
Oi Cheepchaiissara,Skvělá chuť-- Thajska,2006,256
,Dezerty a moučníky 2006,2006,58
,Zelenina v kuchyni 2006,2006,58
,Recepty 2006,2006,58
"Vodochodský, Ivan",Ivan Vodochodský a Maggi uvádějí Vaření v přímém přenosu,2006,260
"Karlík, František",Babičko poraď,2006,61
"Kuntzmannová, Miroslava",Kluci holky kastrůlky,2006,2
"Bánoš, Peter",Kuchařka 2006,2006,14
"Vlachová, Libuše",Houby v naší kuchyni,2006,106
,Těstoviny,2006,78
,Grilujeme,2006,79
,Recepty pro diabetiky 4 2007,2006,64
"Mayer, Miroslav",Masové recepty,2006,90
"Vlachová, Libuše",Pohoštění ke kávě a čaji,2006,106
"Zemánková, Milada",Recepty co dům dal,2006,106
"Vlachová, Libuše",Jídla pikantních chutí,2006,90
"Vlachová, Libuše",Připravujeme rychlé večeře,2006,90
"Vlachová, Libuše",Studená kuchyně po domácku,2006,90
,Řecká kuchyně,2006,82
"Větvičková, Jana",Vaříme zdravě a chutně,2006,89
"Aubrechtová, Markéta",Těstoviny po česku,2006,255
"Casparek, Petra",Skvělé saláty,2006,352
,Rum v kuchyni,2006,110
"Chaloupka, Vladimír",Jak se vařilo na Kladensku aneb Babiččina kuchařka,2006,87
"Gallop, Rick",GI dieta,2006,192
,České masné výrobky,2006,108
"Požárová, Lenka",Švestky,2006,60
"Petrová, Eva",Bílá ryba-- --aneb Povídání o španělském jídle a víně,2006,194
"Beníšek, František",Zelí zdravě a chutně,2006,166
"Höflerová, Jitka",Velká česká kuchařka,2006,671
,Rychlá kuchyně,2006,100
,Lehká kuchyně,2006,100
"Vašák, Jaroslav",3333 receptů od A do Z,2006,704
"Chaloupka, Vladimír",Česká kuchařka,2006,255
"Zacker, Christina",Bylinky a koření,2006,168
"Zilliken, Monika",Koření,2006,287
"Beranbaum, Rose Levy",Bible domácího pečení,2006,727
,Nakládání s dešťovými vodami v urbanizovaných povodích,2006,146
"Vaiglová, Šárka",Saláty a pomazánky,2006,155
"Steinhauser, Ladislav",Maso střed(t)em zájmu,2006,313
"Dočekal, Jiří",Tajemství moravských sklípků,2006,72
"D'Adamo, Peter",Kuchařka - výživa a 4 krevní skupiny,2006,368
"Lagorce, Stéphane",Kuchařské umění od A do Z,2006,719
"Bogdanova, Natal'ja Aleksandrovna",Jak hubnout podle krevních skupin,2006,144
"Müller, Sven-David",Kuchařka pro diabetiky,2006,124
,Bezlepkovadietacz,2006,
"Roubínek, Zdeněk",Labužnická kuchařka,2006,212
"Voldřich, Michal",Bezpečnost pokrmů v gastronomii - malé a střední provozovny,2006,101
,Jednohubky,2006,304
,1-2-3 Hubneme,2006,79
,1-2-3 Moučníky,2006,79
,Cukroví,2006,360
"Hadrbolec, Roman",Vařil jsem světovým celebritám,2006,169
"Poláček, Jiří",Ottova kuchařka + daňový kalendář 2007,2006,66
"Sova, Eduard",Nejen moudrá strava od Sovy aneb Jak snadno zhubnout a vyzdravět,2006,72
"Poláček, Jiří",Moučníky a sladkosti 2007,2006,59
"Pape, Martin",Kulinářský malý stolní týdenní kalendář 2006,2006,56
"Choutka, Miloš",Chutně & jednoduše 2007,2006,65
"Košíková, Irena",V kuchyni s Čirinou,2006,177
"Kolivošková, Mária",Dobroty Na Doma,2006,116
"Požárová, Lenka",Fazole,2006,60
"Costantino, Maria",Koktejly de luxe,2006,256
"Smallwood, Vicki",100 receptů pro domácí pekárnu,2006,256
"Sajler, Filip",Talent & profesionalita,2006,105
"Šejbalová, Jiřina",Vaříme na chatě,2006,183
"Asenová, Ilona",Tančící princezna,2006,129
"Nosovský, Miloslav",Zapékané pochoutky,2006,90
"Filipová, Lea",Lahůdky z mletého masa,2006,90
"Nosovský, Miloslav",To nejlepší z české kuchyně,2006,106
"Martin, Pavel",Moravské sladkosti,2006,90
"Cásková, Věra",Domácí kuchařka,2006,106
"Kodým, Jiří",Kuchařka pro začínající,2006,61
"Pape, Martin",Míchané nápoje 2006,2006,32
,Evropská menu 2007,2006,36
"Finta, Ivan",Rybářův rok s recepty 2007,2006,57
"Poláček, Jiří",Rok plný sladkostí 2007,2006,57
"Poláček, Jiří",Rok plný sladkostí 2007,2006,59
"Poláček, Jiří",Recepty z Dámského klubu 2007,2006,61
"Poláček, Jiří",Česká Kuchyně 2007,2006,59
"Poláček, Jiří",Rychlé recepty 2007,2006,31
"Krýsl, Jan",Recepty pro štíhlou linii 2007,2006,31
"Poláček, Jiří",Domácí kuchyně 2007,2006,59
"Müller, Sven-David",Zdravá a chutná strava při onemocnění dnou,2006,120
"Runštuk, Jaroslav",Receptury studených pokrmů,2006,813
"Badal, Milan",Chutě Evropy,2006,158
"Vaiglová, Šárka",Zapékaná jídla,2006,206
"Juráňová, Božena",Chutné domácí moučníky,2006,92
"Burian, Jan",Politická kuchařka aneb Vaříme (s) politiky,2006,149
"Rožďalovská, Lucie",Vánoční cukroví,2006,138
,Pečení,2006,238
,Chuťový místopis regionů,2006,63
"Coulombe, Charles A.",Rum,2006,287
"Froydová, Maria",Kluci v akci 2,2006,195
"Werle, Loukie",Ingredience,2006,384
,Slepičí polévka pro duši na rozcestí,2006,291
"Tůma, Jan",Sporáky varné desky pečicí trouby,2006,74
"Bartoš, Vladimír",Diety při onemocnění cukrovkou,2006,31
"Chaloupka, Vít",Moderní zdravá kuchařka Vítka Chaloupky,2006,368
"Filipová, Eva",Excellent menu,2006,253
"Gasnier, Vincent",Nápoje,2006,512
,Zlaté recepty,2006,624
,1-2-3 - mleté maso,2006,78
,1-2-3 - Wok,2006,78
,Moučníky a dezerty na každý den 2007,2006,13
"Baljekar, Mridula",Kuchyně Indie a jihovýchodní Asie,2006,256
"Doeser, Linda",Čínská kuchyně,2006,256
"Bastyra, Judy",Thajská kuchyně,2006,256
"Teubner, Christian",Food,2006,335
"Pokorná, Miluše",Perníčky,2006,48
"Poncová, Svatava",Velká kuchařka od A do Z,2006,480
"Horecká, Zdenka",Velká kuchařská kniha vaření a pečení,2006,191
"Matějka, Václav",Houbařský kalendář 2007,2006,26
"Karpíšek, Tomáš",Ambiente,2006,206
"Teplíková, Jarmila",Olivová kuchařka,2006,198
"Noakes, Manny",Australská dieta,2006,211
"Norman, Jill",Bylinky a koření v kuchyni,2006,336
"Momčilová, Pavla",Automatická domácí pekárna,2006,111
,Slepičí polévka pro maminčinu duši,2006,299
"McDougall, John A.",McDougallův plán,2006,363
,Kuchařka z Opavska,2006,95
"Boková, Alice",S alkoholem za plotnou,2006,110
"Mallos, Tess",Skvělá chuť-- Maroka,2006,255
,Culinaria Itálie,2006,496
,Dezerty a moučníky,2006,304
"Gabriel, Richard",Praktické rady do kuchyně,2006,229
"Stejskalová, Jaroslava",Receptury pro cukrářskou výrobu,2006,94
"Stejskalová, Jaroslava",Receptury pro cukrářskou výrobu,2006,62
"Julišová, Zuzana",Strava je víc než jídlo aneb Člověk je to co jí,2006,100
"Lužná, Dagmar",Nemoc není nepřítel aneb Makrobiotický léčebný talíř,2006,303
,Vánoční kuchařka,2006,16
"Hřebíčková, Barbora A.",Recepty starých mistrů aneb Malířské postupy středověku,2006,176
"Choutka, Miloš",Kuchařův atlas 2007,2006,63
"Hrbková, Alena",Kluci v akci 2007,2006,63
"Gibson, Ray",Nápady pro šikovné ruce,2006,96
"Pomiane, Édouard de",Kuchařka pro znalce a labužníky,2006,193
"Křížek, Zdeněk",Čínská kuchyně na českém stole,2006,201
"Matějková, Dagmar",Nebojte se vařit bio,2006,38
"Aszkiewicz, Ewa",Moučníky a cukroví,2006,256
"Aszkiewicz, Ewa",Recepty na každý den,2006,383
,Nebojte se vařit bio,2006,38
"Hejkalová, Markéta",U nás v Evropě,2006,198
"Szwillus, Marlisa",Životospráva ženy po 40,2006,151
"Stejskalová, Jaroslava",Receptury pro cukrářskou výrobu,2006,110
"Porebská, Hana",Pod pokličkou 2,2006,213
"Zelinková, Eva",Mlsné jazýčky slavných,2006,129
"Hlaváček, Jan",Recepty z ášramů,2006,124
"Kuciel, Martin",Cuketkacz,2006,
"Ingram, Christine",Všechno o jídle,2006,512
,Slavíme,2006,78
"Krupárová, Martina",Kuchařka pro malé šéfkuchaře a šéfkuchařky,2006,52
"Starnovská, Tamara",Diety při zvýšené hladině cholesterolu II,2006,31
,Problematika desertifikace v České republice,2006,28
,Chuť naplněných let,2006,57
"Karas, Jan",Fit recepty Olgy Šípkové 2007,2006,59
"Jonáš, Josef",Jonášova kuchařka pro zdraví,2006,278
"Slavíková, Věra",Rozloučení s Věstonickou Venuší aneb Dieta RSVV,2006,119
"Kopečný, František",Rozmanité využití hub v kuchyni po celý rok,2006,40
,Dělená strava,2006,120
,Pečení,2006,120
,Italská kuchyně,2006,120
,Vánoční kuchyně,2006,82
,Grilování,2006,81
,Bezmasá kuchyně,2006,82
"Hebr, Josef",Vařila paní Stella 2007,2006,64
,Kuchařka pro diabetiky a nejen pro ně,2006,287
,Vaříme s opičkou Štěpánkou,2006,50
,Gurmetklub,2006,
"Sucháčová, Jaroslava",Vůně dobrot z podhůří Šumavy,2006,67
"Sucháčová, Jaroslava",Vůně dobrot z podhůří Šumavy,2006,80
"Elstner, František Alexander",Zálesácká kuchyně,2006,199
"Zahálka, Jaroslav",Kuchařka námětů a příkladů pro místní agendu 21 v Ústeckém kraji,2006,59
,Vánoční kuchařka,2006,16
"Zahradník, Karel",90 let organizovaného včelařství v Bystřici pod Hostýnem,2006,68
"Škachová, Šárka",Šárčina škola vaření,2006,
"Bestajovský, Martin",Lidové obyčeje a nápady pro šikovné ruce,2006,64
"Magni, Milan",Sto receptů pro vinaře,2006,59
"Fiala, Ondřej",888 nejlepších receptů našich prababiček,2006,361
"Bušinová, Iva",Bezlepková kuchařka II,2007,217
"Fořt, Petr",Tak co mám jíst,2007,417
"Štochlová, Jaroslava",Vysoký krevní tlak - dieta a rady lékaře,2007,83
"Kenton, Leslie",Syrová strava,2007,339
,Koktejly 2007,2007,64
,Recepty sladkostí 2007,2007,64
,Recepty plné vitamínů 2007,2007,32
"Hofhanzlová, Judita",Nastávající a kojící maminky si vaří chutně a zdravě,2007,102
"Bodensteiner, Susanne",Vaříme pro celou rodinu,2007,238
"Ahnert, Ingrid",Nejlepší bylinky v kuchyni,2007,112
,Grilování,2007,160
"Kučerová, Naďa",Váha mě netrápí aneb Jak zhubnout a zůstat štíhlý a mladý,2007,96
,Zelenina v kuchyni 2007,2007,57
"Francková, Zuzana",Kořeněná kuchařka aneb Koření pro chuť i zdraví,2007,141
,Kuchařka,2007,140
"Vašák, Jaroslav",Ottova velká hrníčková kuchařka,2007,527
"Ramsay, Gordon",Ráj v kuchyni,2007,255
"Krejčová, Radka",Perníčky na celý rok,2007,29
"Höflerová, Jitka",Kuře krůta a ryby,2007,74
"Vaiglová, Šárka",Saláty,2007,75
"Doležal, Vladimír",Kuchařka - z babiččina receptáře,2007,123
"Michňová, Pavla",Máme rádi řízky,2007,106
"Cásková, Věra",Recepty převážně s masem,2007,106
"Kareš, Jiří",Recepty skoro dietní,2007,106
,Jak se vaří na venkově,2007,106
"Escoffier, Auguste",Moje francouzská kuchyně,2007,936
,Tajemství šéfkuchařů,2007,223
,Recepty pro každý den 2007,2007,32
,Biokuchařka,2007,96
"Kohout, Pavel",Dieta při antikoagulační léčbě,2007,59
"Havlů, Karina",Pórek na 160 způsobů,2007,111
,Receptury pokrmů pro školní stravování,2007,291
,Receptury pokrmů pro školní stravování,2007,238
,Receptury pokrmů pro školní stravování,2007,285
"Kužela, Lubomír",Diety při onemocnění dnou,2007,31
"Kubátová, Marie",Medový perníček - do srdce chodníček,2007,119
,Recepty naší rodiny,2007,172
,Brambory pokaždé jinak,2007,48
,Džemy marmelády & čatní,2007,48
,Moučníky a dezerty,2007,48
,Hodujeme v zahradě,2007,48
,Rýže & rizota,2007,48
,Chuťovky,2007,48
,Omáčky & marinády,2007,48
,Vegetariánská kuchařka,2007,48
,Zeleninové speciality,2007,48
"Skopová, Kamila",Velikonoční svátky o století zpátky aneb Jarní tradice v české domácnosti,2007,69
"Jarolímková, Stanislava",Jak připravovat obiloviny luštěniny semena a ořechy,2007,170
"Prchal, Jiří",Doma chutná nejlépe,2007,338
"Požárová, Lenka",Lilek,2007,58
"Bauerová, Ilona",Pomazánky,2007,75
"Höflerová, Jitka",Grilování,2007,75
"Poláčková, Blanka",Velikonoční recepty,2007,75
"Rušavý, Zdeněk",Diabetes mellitus čili Cukrovka,2007,94
"Kohout, Pavel",Onemocnění slinivky břišní - dieta pankreatická,2007,132
,Recepty naší rodiny,2007,180
,Party kuchařka,2007,96
"Brahová, Marie",Nejkrásnější perníčky,2007,29
"Sucháčová, Jaroslava",Vůně dobrot z podhůří Šumavy,2007,103
,Recepty s tajenkou,2007,102
"Baláková, Alena",Tradiční recepty bez lepku,2007,151
,Saláty,2007,80
"Kludská, Dagmar",Afrodiziaka a recepty pro zamilované,2007,165
"Mrázová, Dája",Domácí pekárna,2007,167
"Risi, Armin",Vegetariánský život,2007,101
"Formáčková, Marie",Jablečný ocet,2007,159
"Mandžuková, Jarmila",Potraviny pro zdravou výživu od A do Z,2007,125
,Wok,2007,80
,Powerdrinky,2007,96
,Táborová kuchařka II,2007,59
,Dezerty,2007,48
,Kuře,2007,48
,Barbecue,2007,48
,Těstoviny,2007,48
,Pikantní minutky,2007,48
,Ovocné saláty a dezerty,2007,48
,Bylinky v kuchyni,2007,48
"Heidböhmer, Ellen",Zázračný kořen,2007,131
"Michopulu, Hana",Kuchařka Zpátky domů,2007,239
,Káva,2007,50
,Wok,2007,160
"Zacker, Christina",Dobré rady do kuchyně,2007,223
,Zvěřina,2007,160
,Suši,2007,96
,Tapas,2007,159
,Čokoláda pro znalce a labužníky,2007,50
"Málková, Iva",Hubneme s rozumem v praxi,2007,158
,Braňte se jídlem,2007,352
,Kuchařka pro princezny,2007,48
"Martin, Pavel",Vaříme podle našich babiček,2007,90
"Michňová, Pavla",I muži vaří,2007,61
"Vlachová, Libuše",Grilování doma i na chatě,2007,90
"Martin, Pavel",Kuchařka z jihočeské fary,2007,106
"Vlachová, Libuše",Příprava jídel na pánvi,2007,106
"Harris, Vicky",Skvělá chuť-- Španělska,2007,255
"Rákosníková, Jitka",Polévky,2007,83
"Steed, Tobias",Hollywoodské koktejly,2007,128
"Froydová, Maria",Lechtivé vaření,2007,77
,Zelenina,2007,80
,Těstoviny,2007,80
"Chaloupka, Vít",Jak (ne)nakrmit otesánka,2007,208
,1-2-3 Muffiny,2007,79
"Benhaim, Paul",Konopí,2007,408
"Houba, Miroslav",Poznejte pěstujte používejte brambory,2007,150
"Kučerová, Antonie",Staročeská kuchařka,2007,75
"Höflerová, Jitka",Vaříme a pečeme bez vážení,2007,75
"Sarwa, Andrzej Julius",Velká kniha o domácí výrobě lihových nápojů,2007,350
"Kužela, Lubomír",Dna - nemoc králů,2007,70
"Šebek, Luboš",Technologie kuchařských prací pro 1-3 ročník odborných učilišť,2007,152
"Pišová, Jana Florentýna",Kuchařka pro dceru,2007,389
"Lützner, Hellmut",Stravování po půstu,2007,128
"Vlk, Václav",Udírny,2007,109
"Uhrin, Roman",Nevařte podle kuchařek,2007,367
"Vlachová, Libuše",Domácí recepty na bylinkách,2007,90
"Kareš, Jiří",Osladíme si život,2007,61
"Mayer, Miroslav",Tradiční staročeská kuchyně,2007,89
"Vlachová, Libuše",Sladkosti,2007,89
"Vlachová, Libuše",Dieta pro snížení cholesterolu,2007,106
"Karlík, František",Co vařit na podzim a v zimě,2007,106
"Požárová, Lenka",Pitíčka,2007,60
"Jablonský, Ivan",Vaříme z exotických a léčivých hub,2007,111
"Lorenz, Jürgen",Pečení uzení a grilování ryb,2007,152
,Recepty naší rodiny,2007,341
"Havlů, Karina",Italská kuchařka,2007,182
"Jeništová, Květa",Moučníky,2007,125
"Štanc, Otakar",Černošická kuchařka,2007,191
"Werth, Lioba",Obchodní obědy a večeře,2007,107
"Horan, Peter",Štíhlá linie - zdravé srdce,2007,185
"Dusy, Tanja",50 pomazánek + 2 recepty na chléb,2007,64
,Recepty pro diabetiky 5 2008,2007,64
"Mandžuková, Jarmila",Recepty z jednoho hrnce,2007,73
"Lenz, Claudia",Fondue,2007,64
"Clark, Aimée",Kuchařka pro matky na pokraji nervového zhroucení,2007,160
"Seeman, Nicole",Kuchařka pro dívky které se od svých matek příliš nenaučily,2007,160
"Sandklef, Viveka",Hledám pokusné králíky k ochutnávce svých kuchařských experimentů,2007,160
"Vidaling, Raphaële",Ochutnej a nebudeš chtít jinou aneb Láska prochází žaludkem,2007,160
"Turckheim, Stéphanie de",50 receptů pro štíhlou linii aneb Jak si báječně pochutnat a zůstat přitažlivá,2007,160
"Jacquet, Claire",Nikdo mě nemá rád aneb Jak zapomenout na bývalého partnera dobrým soustem,2007,160
"Kempe, Christina",Grilování,2007,64
"Socha, Radomír",Sbíráme holubinky aneb Jak nasbírat houby když nerostou hřiby,2007,199
"Motalová, Veronika",Kuchařka pro děti,2007,96
"Riahi, Khaled",Koktejly,2007,295
"Poncová, Svatava",Sladká hrníčková kuchařka,2007,124
,Chutnou stravou proti vysokému tlaku,2007,319
"Rademacker, Birgit",50 receptů pro 1 pánev,2007,62
,Polévky a dušená jídla,2007,160
,Dny lidových řemesel a tradiční gastronomie,2007,1
"Bellei, Sandro",Modena na talíři,2007,200
"Döpp, Elisabeth",Nákypy a zapékaná jídla,2007,64
"Hess, Reinhardt",Plátky masa na 50 způsobů,2007,62
"Kučerová, Antonie",Myslivecká kuchařka,2007,73
"Hladká, Kamila",Ovocné moučníky,2007,91
,Čokoládové dobroty,2007,96
,Dezerty,2007,96
,Italská kuchyně,2007,96
"Treuille, Eric",Velká kniha o grilování,2007,168
"Dakin, Glenn",Shrek kuchařka,2007,79
"Dittertová, Eva",Kuchyně starého Chebu,2007,279
"Joachim, David",Lahodné omáčky k masu a těstovinám,2007,257
"Solařová, Květuše",Košíček svátečních receptů,2007,195
"Orlovskaja, Aleksandra Viktorovna",Vaříme podle znamení zvěrokruhu,2007,183
"Kittler, Martina",Omáčky,2007,64
"Matthaei, Bettina",Rafinované koření,2007,64
,Maso mnoha chutí,2007,160
,Čínská kuchyně,2007,96
,Kuře,2007,96
,Jídla z jednoho hrnce,2007,96
,Drůbeží speciality,2007,96
,Vaříme s dětmi,2007,96
,Zavařujeme jinak,2007,96
,Pečené a zapékané speciality,2007,96
,Řecká kuchyně,2007,96
,Speciality z brambor,2007,96
,Chuťovky a malá pohoštění,2007,96
,Saláty,2007,96
,Snídaně a svačiny,2007,96
,Ovocné a zeleninové speciality,2007,95
,Nízkotučné pokrmy,2007,96
,Ruská kuchyně,2007,96
,Ryby a plody moře,2007,96
,Vegetariánská kuchařka,2007,96
,Mléčné koktejly pro zdraví,2007,96
"Lagorce, Stéphane",Kuchařské umění od A do Z,2007,719
"Carroll, Richard",Velká kniha vaření a pečení,2007,256
"Carroll, Richard",Velká kniha grilování,2007,256
"Schinharl, Cornelia",Rychlá italská kuchyně,2007,62
"Ramsay, Gordon",Nedělní oběd,2007,255
"Dugas, Dionýz",500 nejlepších receptů lidové medicíny,2007,247
"Dugas, Dionýz",500 nejlepších receptů lidové medicíny,2007,247
"Kurz, Susan West",Probuďte svou krásu,2007,208
"Gahm, Bernhard",Klobásy salámy paštiky,2007,156
"Ottová, Marta",Z jednoho dvě,2007,162
"Šponarová, Kájina",Chytrá kuchařka,2007,90
"Höppnerová, Věra",Němčina pro číšníky a kuchaře,2007,291
"Čermáková, Jana",52 originálních čokoládových specialit,2007,111
"Lužná, Dagmar",Makrobiotické nedělní vaření,2007,239
"Schinharl, Cornelia",50 omáček na těstoviny,2007,64
"Skopová, Kamila",Hody půsty masopusty,2007,201
"Skopová, Kamila",Vánoční svátky o století zpátky aneb Tradice Vánoc v české kuchyni,2007,55
"Cramm, Dagmar von",Vaříme pro miminka a malé děti,2007,192
"Sucháčová, Jaroslava",Vůně dobrot z podhůří Šumavy,2007,112
"Vašák, Jaroslav",Velká česká kuchařka,2007,408
"Michňová, Pavla",S vůní česneku a cibule,2007,106
"Tetíková, Jana",Vánoční cukroví snadno a rychle,2007,106
"Chaloupka, Vladimír",Drůbež se nikdy nepřejí,2007,106
"Vlachová, Libuše",Chuťovky a speciality studené kuchyně,2007,90
"Lužná, Dagmar",Makrobiotický léčebný talíř aneb Nemoc není nepřítel I,2007,303
,Evropská menu 2008,2007,18
"Janků-Sandtnerová, Marie",Klasická česká kuchařka,2007,423
"Požárová, Lenka",Salát,2007,60
"Vašák, Jaroslav",Velká rodinná kuchařka,2007,479
,Vánoční cukroví,2007,157
"Froydová, Maria",Kluci v akci 3,2007,148
"Filipová, Lea",Pečeme moučníky po celý rok,2007,192
"Poncová, Svatava",Hrníčková kuchařka pro začátečníky,2007,112
"Havlová, Vladimíra",Recepty se sníženým obsahem cholesterolu,2007,94
"Havlová, Vladimíra",Kuchařka při onemocnění jater,2007,79
"Havlů, Karina",Bylinky v naší kuchyni,2007,173
"Chaloupka, Vladimír",Sladká kuchařka,2007,239
,1-2-3 Zelenina,2007,79
"Poláček, Jiří",Moučníky a sladkosti 2008,2007,30
"Karas, Jan",Fit recepty Olgy Šípkové 2008,2007,30
"Kořínková, Lenka",Dieta pro vášnivé megajedlíky aneb To nejlepší ze SPLK,2007,378
"Černická, Marie Jana",Česká kuchařka podle krevních skupin,2007,222
"Froydová, Maria",Jak chutná Andalusie,2007,124
"Poncová, Svatava",Nejlepší recepty sladké hrníčkové kuchyně,2007,103
,Těstoviny,2007,128
"Wigmore, Ann",Klíčení rostlin,2007,119
"Faktor, Viktor",Tradiční česká kuchyně,2007,344
"Beránek, Jaromír",Dietní stravování,2007,48
"Guichard-Solignac, Gwenaëlle",Moučníky & dezerty,2007,455
"Darbonne, Caroline",Rychlé recepty do 20 minut,2007,455
"Keng-Peralta, Gabrielle",Magické hůlky čínské dámy aneb Čínská kuchyně po evropsku,2007,160
,Myš v polévce--,2007,160
"Seeman, Nicole",Kuchařka pro mladé muže aneb Jak s minimem špinavého nádobí a kuchařských zkušeností zapůsobit na dívku,2007,160
"Pavlowitch, Anna",Divotvorná kuchařka aneb Jak bez kouzel připravit pohádkové pokrmy,2007,160
"Lesbros, Dominique",Je pro vás exotická kuchyně španělskou vesnicí aneb Jak si v exotické restauraci nepřipadat jako hlupák,2007,160
"Pavlowitch, Anna",Kuchařský manuál aneb Jak z polotovarů připravit jídlo jako od maminky,2007,160
"Seeman, Nicole",Pomoc Přijde návštěva,2007,160
"Pavlowitch, Anna",Pryč s nudnou tradicí,2007,160
"Seeman, Nicole",Tradiční recepty pro nostalgické gurmány aneb Co v kuchyni vyšlo z módy,2007,160
"Hackstein, Yara",Saláty,2007,296
"Ferretti, Elizabeth",Nejen pečení s čokoládou,2007,128
,Nejoblíbenější koktejly,2007,128
"Mandžuková, Jarmila",Nedělní oběd za 60 minut,2007,102
"Mandžuková, Jarmila",Knedlíky,2007,99
"Černý, Ladislav",Co a jak s masem,2007,103
"Starnovská, Tamara",Diety při onemocnění cukrovkou II,2007,31
,Nejlepší pokrmy z woku a pánve,2007,384
"Mandžuková, Jarmila",Dobrotami proti splínu,2007,159
"Kopáčová, Olga",Trendy ve zpracování cereálií s přihlédnutím zejména k celozrnným výrobkům,2007,55
"Píchová, Jarmila",Med v kuchyni labužníka,2007,258
,Velká domácí kuchařka,2007,266
"Poláčková, Blanka",Na vánoční stůl,2007,75
"Clouet, Thomas",Minirolky Thomase Cloueta,2007,143
"Finta, Ivan",Rybářův rok s recepty 2008,2007,29
,Dorty a pečivo,2007,160
,Koláče a moučníky,2007,160
,Kuchařka 2008,2007,13
"Skřička, Tomáš",Dieta u pacientů se střevními vývody a po operaci střev,2007,68
,Dobrou chuť velkoměsto,2007,465
,Deserts 2008,2007,14
"Krýsl, Jan",Kuchařka naší Elišky 2008,2007,16
"Foršt, Jaroslav",Kapesní biolexikon,2007,191
,Ryby a mořské plody,2007,320
,Těstoviny,2007,253
,Recepty z rychlé kuchyně,2007,252
,Wok,2007,256
,Pečení krok za krokem,2007,144
"Kuntzmannová, Miroslava",Recepty z Ulice,2007,119
,Koktejly pro znalce a labužníky,2007,100
,Jídla pro radost,2007,80
"Světová, Lenka",Mořská (nejen) kuchařka,2007,302
"Trnková, Klára",Tajné vánoční recepty naší babičky,2007,39
"Bohlmann, Friedrich",Vaříme zdravě při revmatizmu,2007,128
"Szwillus, Marlisa",Vaříme zdravě při osteoporóze,2007,128
"Chaloupka, Vít",I zázraky se dějí,2007,148
"Požárová, Lenka",Banán,2007,56
"Poláček, Jiří",Rok plný sladkostí 2008,2007,30
"Krýsl, Jan",Zdravé recepty 2008,2007,29
"Poláček, Jiří",Rychlé recepty 2008,2007,16
"Krýsl, Jan",Recepty pro štíhlou linii 2008,2007,16
"Schejbal, Zdeněk",Moderní myslivecká kuchařka,2007,139
"Poláček, Jiří",Česká kuchyně 2008,2007,29
"Poláček, Jiří",Recepty z Dámského klubu 2008,2007,31
"Poláček, Jiří",Česká kuchyně 2008,2007,30
,Kuchařka pro každý den 2008,2007,32
"Rákosníková, Jitka",Ořechy,2007,119
"Choutka, Miloš",Receptář míchaných nápojů 2008,2007,16
"Strnadelová, Vladimíra",Radost ze zdravých dětí,2007,346
"Karmel, Annabel",Vaříme pro kojence a batolata,2007,227
"Mandžuková, Jarmila",Rychlomoučníky aneb Nasyp - nalij - smíchej - upeč,2007,98
"Mandžuková, Jarmila",Vánoční cukroví na poslední chvíli,2007,98
"Thibaut-Comelade, Éliane",Saláty Středomoří,2007,379
"Zemina, Milan",Chutně jednoduše zdravě 2008,2007,31
"Johari, Harish",Ájurvéda,2007,273
"Besserová, Miroslava",Vánoce v kuchyni slavných,2007,206
"Hebr, Josef",Kuře pokaždé jinak 2008,2007,32
"Choutka, Miloš",Recepty nejen pro vařícího muže 2008,2007,33
"Lužná, Dagmar",Makrobiotický léčebný talíř aneb Nemoc není nepřítel II,2007,335
"Pešek, Petr",Ruská kuchyně v proměnách doby,2007,236
"Höflerová, Jitka",Grilování po česku,2007,135
"Procházková, Zdenka",Vášně chutě neřesti aneb Kohout co si ještě nevrz,2007,163
,Pohoštění,2007,159
"Hrčková, Anna",Co se dříve jedlo pod štramberskou trúbou,2007,42
"Havlů, Karina",Pánev wok,2007,121
"Zemina, Milan",Ze světa do české kuchyně 2008,2007,16
,Slepičí polévka pro duši osamělého rodiče,2007,273
"Doležalová, Alena",Bifteky řízky a další výborná masíčka,2007,108
"Poláček, Jiří",Rok plný sladkostí 2008,2007,29
"Platl, Zdeněk",Recepty z české kuchyně 2008,2007,17
"Matějka, Václav",Houbařský kalendář 2008,2007,13
,Od medu k perníkům,2007,153
"Bohrmann, Peter",Míchané nápoje,2007,560
"Trnková, Klára",Měsíc v zahradě,2007,125
"Runštuk, Jaroslav",Receptury teplých pokrmů,2007,568
"Kabourková, Zdena",Vaříme s Habadějem 2007 aneb Jak se vaří v rozhlase,2007,215
"Tomíčková, Věra",Kuchyně,2007,112
"Lawson, Jane",Skvělá chuť-- Japonska,2007,255
"Stejskalová, Jaroslava",Receptury pro cukrářskou výrobu,2007,90
,Recepty na zajímavé hodiny českého jazyka a literatury pro 2 stupeň ZŠ a víceletá gymnázia,2007,1
"DeWitt, Dave",Da Vinciho kuchyně,2007,239
,Bramborová sobota,2007,1
,Magdalenčina medová kuchařka,2007,49
,Kuchařka vyzkoušených receptů aneb Jídlo - radost ze života,2007,18
,Vaření s šarmem a lehkostí,2007,1
,Lechtivé vaření,2007,1
"Rákosníková, Jitka",Malí kuchaři,2007,121
,Medové dobroty,2007,16
"Cramm, Dagmar von",Vaříme pro děti,2007,240
"Stupka, Petr",Kuchařské čarování II,2007,160
,Polská jídla =,2007,32
,Wine Food Travel,2007,
"Mandžuková, Jarmila",Rychlomoučníky aneb Nasyp - nalij - smíchej - upeč,2007,98
"Malovický, Václav",Kuchyně mezi Orlicí Labem a Cidlinou,2007,200
"Mandžuková, Jarmila",Knedlíky,2007,99
,Doma u Hitlerů aneb Historky z Hitlerovic kuchyně,2007,1
"Vaiglová, Šárka",Hrnečku vař,2007,357
,Prague food festival,2007,
"Teubner, Christian",Food,2007,335
"Koukolová, Alexandra",Praktická bezlepková kuchařka 2,2007,81
,Kostelecká kuchařka,2007,126
"Antol, Marie Nadine",Neuvěřitelná tajemství hořčice,2008,218
,Ottova kuchařka naší vesnice,2008,503
"Balaštík, Jaroslav",Vaříme rádi,2008,226
"Hasalová, Soňa",Pomazánky a paštiky aneb Magie studené kuchyně,2008,103
"Hasalová, Soňa",Polévky,2008,103
"Kohout, Pavel",Onemocnění jícnu vředová choroba žaludku a dvanáctníku,2008,109
"Ramsay, Gordon",Rychlá jídla,2008,255
,Lahodná čokoláda,2008,256
"Vlachová, Libuše",Kotlety řízky špízy--,2008,106
,Cukety,2008,87
"Kimpel, Roger",Lexikon grilování,2008,304
,Život s bylinkami,2008,160
"Davies, Kim",Koktejly,2008,208
,Kuře,2008,128
"Foster, Helen",GI dieta,2008,96
"Cronjaeger, Marietta",Nejchutnější recepty pro kojence,2008,127
,Rýže,2008,80
"Elliott, Rebecca",Kdo snědl salát,2008,10
,Barbecue,2008,48
,Ryby a plody moře,2008,48
,Wok,2008,48
,Drůbeží speciality,2008,48
"Platl, Zdeněk",Recepty z celého světa 2008,2008,33
,Saláty,2008,48
,Jednohubky,2008,48
,Omelety palačinky a koblihy,2008,48
,Nudle,2008,48
,Lehká letní jídla,2008,48
,Chuťovky,2008,48
,Brambory pokaždé jinak,2008,48
,Steaky a jiné speciality z vepřového masa,2008,48
,Bifteky a jiné speciality z hovězího masa,2008,48
,Pečeme s čokoládou,2008,48
,Barbecue,2008,64
,Kuře pokaždé jinak,2008,64
,Ostrá jídla s chilli,2008,62
,Rychle pro celou rodinu,2008,64
,Ryby a plody moře,2008,64
,Česnekové speciality,2008,64
,Chutně a zdravě,2008,64
,Zeleninové pokrmy,2008,64
,Maso a drůbež,2008,64
,Těstoviny pokaždé jinak,2008,64
,Lehká chutná jídla,2008,64
,Vaření v páře,2008,64
"Kubík, Vladimír",Toulky přírodou 2008,2008,17
,Křest - Večeře Páně - Ordinace,2008,34
"Guiliano, Mireille",Francouzky umí žít,2008,380
,Prostřený stůl,2008,126
,Hubněte ve spánku,2008,191
"Saum, Kilian",Léčivá síla z klášterní zahrady,2008,336
,Ovocné dorty a koláče,2008,160
,Brambory,2008,160
"Vašák, Jaroslav",Česká domácí kuchařka,2008,679
,Ryby,2008,160
"Karmel, Annabel",100 nejlepších dětských kašiček,2008,127
"Vlachová, Libuše",Minutkové speciality,2008,90
"Michňová, Pavla",Recepty pro hlubokou kapsu,2008,106
"Mayer, Miroslav",Oblíbené babiččiny bylinky pro léčení i vaření,2008,90
"Haller, James",Francouzský život,2008,231
"Murakami, Ryū",V polévce miso,2008,203
"Bartášková, Dagmar",Cukrovka,2008,179
"Marečková, Olga",Nemoci žlučníku a žlučových cest,2008,126
"Brahová, Marie",Ozdobné perníčky,2008,31
"Montignac, Michel",Francouzská dieta,2008,187
"Požárová, Lenka",Celer,2008,60
"Trnková, Klára",Tajné velikonoční recepty naší babičky,2008,39
"Brandl, Franz",Koktejly,2008,224
,Ryby a plody moře,2008,80
"Vaništa, Jiří",Diety při onemocnění mononukleózou,2008,31
,Steaky,2008,80
"Kiefer, Ingrid",77 jednoduchých tipů na hubnutí,2008,96
"Nodl, Ladislav",Umění kuchyně,2008,341
,Thiazolidindiony PPAR receptory a metabolický syndrom,2008,96
"Horsáková, Monika",Pod pokličkou 3,2008,210
"Golková, Monika",Jím a mládnu aneb Anti-aging na talíři,2008,93
"Sedláčková, Hana",Kuchařka české šlechty,2008,214
"Trnková, Klára",Lunární recepty Kláry Trnkové,2008,38
"Trnková, Klára",Lunární recepty Kláry Trnkové,2008,38
"Trnková, Klára",Lunární recepty Kláry Trnkové,2008,38
"Merson, Sarah",100 nej potravin proti stárnutí,2008,128
"Höflerová, Jitka",130 gulášů,2008,74
"Kepáková, Hana",Moučníky,2008,321
"Mandžuková, Jarmila",Dělená strava,2008,104
"Havlová, Vladimíra",Kuchařka při onemocnění žaludku a dvanáctníku,2008,85
"Havlová, Vladimíra",Kuchařka při onemocnění žlučníku,2008,78
,Zapékání,2008,80
"Ellrott, Thomas",4 týdenní plány pro zhubnutí,2008,127
"Arnold, Nick",Nechutně výživné experimenty,2008,94
"Trnková, Klára",Lunární recepty Kláry Trnkové,2008,38
,Houbová kuchařka,2008,96
"Pavličová, Šárka",Dnes vařím já,2008,302
"Bubeníková, Marie",Rok šumavské vesnice,2008,165
"Ellrott, Thomas",4 další týdenní plány pro zhubnutí,2008,91
"Bouchnerová, Eva",Strašidlácká kuchařka,2008,91
"Vašák, Jaroslav",Pivo,2008,171
,Hrušky v naší kuchyni,2008,79
"Cronjaeger, Marietta",Více než 100 chutných a zdravých receptů pro děti a kojící matky,2008,142
"Bestajovský, Martin",Velká kniha lidových obyčejů a nápadů pro šikovné ruce,2008,256
,Recepty naší rodiny,2008,267
"Kotrba, Miroslav",Valašská kuchařka,2008,145
"Kareš, Jiří",Diabetická kuchařka,2008,89
"Tůma, Jan",Zahradní grily a krby,2008,77
,Dušené pokrmy,2008,64
,Čokoládové dobroty,2008,64
,Sladké pečení,2008,64
,Kuchařka pro gurmány,2008,64
,Veselé vaření s dětmi,2008,64
,Speciality z pánve,2008,64
,Nápaditá kuchařka,2008,64
,Recepty z dovolené,2008,64
,Slané a sladké mufiny a řezy,2008,64
,Slané a sladké pečivo,2008,64
,Brambory pokaždé jinak,2008,64
,Kuchařka pro každý den,2008,64
,Praktické rady a návody pro domácnost zdraví a krásu,2008,103
"Rakušanová, Jarmila",Kuchařka paní nadlesní,2008,119
,Čokoládové dobroty,2008,96
,Kuře,2008,48
,Těstoviny,2008,48
,Moučníky a dezerty,2008,48
,Rýže & rizota,2008,48
,Omáčky & marinády,2008,48
,Zeleninové speciality,2008,48
"Canfield, Jack",Slepičí polévka pro pracující mámu,2008,273
"Mihulová, Marie",Léčení stravou,2008,127
,Rychlá pánev,2008,48
,Polévky,2008,48
"Strnadelová, Vladimíra",Radost z jídla,2008,189
"Požárová, Lenka",Rajčata,2008,60
"Sulzberger, Margrit",Vaříme hyperaktivnímu dítěti,2008,132
"Pišová, Jana Florentýna",Kuchařka pro dceru,2008,389
,Kuchařka moravských vinařek,2008,326
,Těstoviny pro každý den,2008,256
"Ries, Wolfgang",Dětská party,2008,63
,Kuchařka Medvídka Pú,2008,45
,Káva a kávové speciality,2008,95
"Dreyer, Eva-Maria",Bylinky do kuchyně a jejich jedovatí dvojníci,2008,141
"Metz, Reinhold",Restaurace a host,2008,606
"Murtingerová, Eva",Sladkosti zcela bez cukru,2008,344
"Špánková, Dana",Příprava pokrmů,2008,113
,Mleté maso,2008,96
"Jiménez, Luis",Kuchařka tajných receptů z klášterů,2008,341
,Cider v kuchyni,2008,99
"Longhe, Aliena de",Hubnout musíš od hlavy,2008,124
"Dvořák, Daniel",Kapesní atlas jedlých hub,2008,202
,Hody hody doprovody--,2008,34
,Vznešenost lovu a kuchařského umění,2008,95
"Marhold, Jiří",Krkonošská kuchařka,2008,435
"Novotný, Filip",O Posvícení všechno to voní,2008,48
"Vlk, Václav",Zahradní pece na pizzu a chleba,2008,96
"Michňová, Pavla",Nejlepší omáčky,2008,106
"Peychlová, Bohumíra",Redukční dieta snadno a rychle,2008,58
"Michňová, Pavla",Nejlepší recepty pikantních chutí,2008,106
"Michňová, Pavla",Nejlepší lidové recepty,2008,90
"Turner, Lisa",Jídla která léčí,2008,239
"Dalby, Andrew",Nebezpečné chutě,2008,187
"Havlů, Karina",Domácí sušení,2008,191
"Štiková, Eva",Rybářská kuchařka,2008,75
"Cibulka, Jiří",Konzervujeme ovoce zeleninu houby maso,2008,192
"Trnková, Klára",Tajné bylinkové recepty naší babičky,2008,36
"Trnková, Klára",Tajné staročeské recepty naší babičky,2008,36
"Karmel, Annabel",Vaříme pro kojence a předškoláky,2008,192
,Festival francouzských chutí a vůní,2008,1
,Rodinná encyklopedie pečení,2008,479
"Pigal, Petr",Netrapte se dietami,2008,185
"Froydová, Maria",Kluci v akci 4,2008,219
"Bertinet, Richard",Domácí pečivo,2008,160
,Vše o vaření,2008,432
,Těstoviny pro labužníky,2008,160
,Bramborová kuchařka,2008,320
,Drůbež mnoha chutí,2008,160
"Samwald, Achim",Sušíme ovoce zeleninu bylinky a houby,2008,127
"Bárta, Luboš",Třetí kniha o kráse snoubení vín a pokrmů,2008,247
,Těstoviny,2008,96
,Saláty,2008,96
,Grilování,2008,96
"Škachová, Šárka",Rande s gurmánkou v české kuchyni,2008,205
"Kellow, Juliette",Zázračné potraviny pro děti,2008,127
,Recepty pro diabetiky 6 2009,2008,32
"Horecký, Vladimír",Hrníčková kuchařka 2009,2008,30
"Lorenz-Ladener, Claudia",Zahradní pekárny,2008,134
"Požárová, Lenka",Cukety,2008,58
"Marešová, Miroslava",Opilý beránek v kotlíku a další dobroty z ovčího a kozího masa,2008,108
"Lukáčová, Markéta",Vánoční inspirace,2008,140
,Jídlo,2008,368
,Těstoviny,2008,399
,52 bleskových receptů HRK-HRK,2008,127
"Poncová, Svatava",Velká barevná domácí kuchařka,2008,167
"Jirkovská, Alexandra",Jak (si) léčit obezitu při diabetu - saláty jako hlavní jídlo,2008,98
,Andělská kuchařka,2008,84
"Poláček, Jiří",Domácí kuchyně 2009,2008,30
"Poláček, Jiří",Vaříme rychle a zdravě 2009,2008,30
"Chovancová, Ilona",Hravá kuchařka,2008,252
"Horecká, Zdenka",Vaříme chutně a přece hubneme,2008,175
"Trnková, Klára",Druhý rok s Měsícem,2008,127
"Hofman, Zdeněk",Postrach vod se vrací aneb Rybářská knížka,2008,155
"Královcová, Jana",Chutné saláty pro moderní ženu,2008,120
"Heřmánková, Blanka",Rychlé domácí recepty na každý den po celý rok,2008,425
"Liška, Juraj",Káva,2008,174
"Seinfeld, Jessica",Aby dětem chutnalo,2008,204
,Těstoviny rýže a ještě mnohem více,2008,976
,Zdravá kuchyně,2008,976
"Navarová, Kateřina",Moučníky koláče řezy,2008,213
"Petrová, Věra",Recepty za rozumnou cenu,2008,110
"Podlaha, Přemek",Vítězové z obrazovky,2008,149
"Šebestová, Marcela",199 receptů Čtyřlístku,2008,48
"Malovický, Václav",Kuchyně staré Šumavy,2008,256
"Lánská, Dagmar",Zelenina od A do Z,2008,143
"Dostálová, Jana",Co se děje s potravinami při přípravě pokrmů,2008,53
,Nápadník pro šikovné holky,2008,252
"Kay, Sarah",Rok se Sárou,2008,120
"Havlů, Karina",Vegetariánská kuchařka,2008,143
"Michňová, Pavla",Palačinky omelety placky lívance vdolky,2008,106
"Kopecká-Vytlačilová, Marie",Medové perníky,2008,10
"Přichystal, Aleš",Kuchařka pro žadatele z fondů EU aneb Jak uvařit dobrý projekt,2008,153
,Půjdem spolu do Betléma,2008,1
,Vše kolem vaření,2008,391
"Bridge, Tom",Těstoviny,2008,256
"Bridge, Tom",Kuře,2008,256
"Rytířová, Helena",Nedělní menu,2008,315
,[Vánoční box],2008,1
"Machala, Karel",Kvašená zelenina pro zdraví a vitalitu,2008,157
"Košíková, Irena",V kuchyni s Čirinou,2008,177
"Fujera, Sam",Zrozen ke zdraví,2008,159
,Omáčky,2008,160
,Evropská menu 2009,2008,18
"Kuras, Benjamin",Kulinářská velmoc Británie,2008,190
"Frank, Jiří",Kuchařský zeměpis,2008,176
"Košíková, Irena",S Čirinou na cestách,2008,179
"Košíková, Irena",Vaření s Čirinou aneb Čtvero ročních období v kuchyni,2008,169
"Zifko, Udo",Hýčkejte svou paměť,2008,192
,Culinaria Francie,2008,468
"Pišová, Jana Florentýna",Vánoční kuchařka pro dceru,2008,152
"Zemanová, Hana",Biokuchařka Hanky Zemanové,2008,179
"Trnková, Klára",Tajné novoroční recepty naší babičky,2008,39
"Bondy, Ruth",Boží hody,2008,177
"Canfield, Jack",Slepičí polévka pro matku a dceru,2008,289
"Frantinová, Eva",Pod pokličkou s--,2008,193
,Cukroví z Dony,2008,107
"Berzsiová, Pavlína",Velká domácí cukrářka,2008,448
"Hagmann, Klaus",Bleskové likéry,2008,119
"Kocourková, Zdena",Domácí moučník,2008,173
,Vaření se zámeckou paní,2008,1
,Culinaria Itálie,2008,496
"Steingarten, Jeffrey",Muž který snědl vše,2008,396
"Krátký, Stanislav",Z vařajú po Slovácku anebo Dneskaj vaříme spolem,2008,117
"Požárová, Lenka",Tvaroh,2008,62
"Škvařilová, Eliška",Moučníky a cukroví tentokrát zdravě,2008,186
"Karmel, Annabel",SuperRecepty pro kojence a nejmenší děti,2008,199
"John, Jiří",Vaření piva v Českých zemích & zaniklé pivovary na Sokolovsku,2008,231
"Ripley, Jacqui",Dokonalý dámský domácí večírek,2008,211
"Styler, Christopher",Zoufalé manželky,2008,278
"Kořínková, Lenka",Dieta do kapsy,2008,200
"Froydová, Maria",Fit rodinka,2008,143
"Mandžuková, Jarmila",Výživa v těhotenství od A do Z,2008,99
"Sedláčková, Hana",Technologie přípravy pokrmů 3,2008,87
,Kuchařka 2009,2008,13
,Receptář 2009,2008,29
"Krajč, Jan",Snadná jídla,2008,165
,Kuchařka pro každý den 2 2009,2008,32
,Sama doma 2009,2008,31
,Paštiky a teriny,2008,159
,Zlatá čokoládová kniha,2008,703
,To nejlepší z bylinek 2,2008,34
,Český kapr na talíři,2008,13
"Kiedroňová, Blanka",Vaříme dětem maličkým a malým zdravě a s využitím energií potravin,2008,59
"Wilcock, Fiona",Těhotenská kuchařka,2008,128
"Schejbal, Zdeněk",Asijská kuchařka,2008,125
"Sauer Kolčavová, Gabriela",Mlsáme zdravěji,2008,10
"Sedláčková, Hana",Jogurtová kuchařka,2008,179
"Gils Slavíková, Mirka van",Kouzlo dezertů,2008,158
,Ovoce a zelenina,2008,313
,Muffiny,2008,128
"Runštuk, Jaroslav",Receptury studených pokrmů,2008,815
,Hubněte ve spánku,2008,143
,Největší kniha koktejlů,2008,599
"Cimbura, Stanislav",Rok plný sladkostí 2009,2008,30
"Poláček, Jiří",Zdravé recepty 2009,2008,29
"Poláček, Jiří",Česká kuchyně 2009,2008,29
"Cimbura, Stanislav",Rok plný sladkostí 2009,2008,29
,Kluci v akci 3 - 2009,2008,31
"Poláček, Jiří",Recepty z Dámského klubu 2009,2008,31
"Cimbura, Stanislav",Recepty pro štíhlou linii 2009,2008,16
"Choutka, Miloš",Dobrou chuť 2009,2008,30
"Karkan, Eduard",Ottova kuchařka + daňový kalendář 2009,2008,33
"Hrbková, Alena",Rychlé recepty 2009,2008,16
"Cimbura, Stanislav",Bramborová kuchařka 2009,2008,29
"Choutka, Miloš",Rybí kuchyně 2009,2008,30
"Poláček, Jiří",Česká kuchyně 2009,2008,30
,Bramborová kuchařka 2009,2008,32
"Bauerová, Hana",Šumavská kuchařka 2009,2008,32
"Matějka, Václav",Houbařský kalendář 2009,2008,13
"Sedláčková, Hana",Technologie přípravy pokrmů 5,2008,135
"Proebst, Margit",Malá velká kuchařka,2008,360
,Kulinářské speciality Moravského Kravařska,2008,35
"Vašák, Jaroslav",Hrnečku měř,2008,136
"Langer, Jiří",Slovník vybraných pojmů znakového jazyka pro oblast gastronomie a příprava pokrmů,2008,1
"Hasalová, Soňa",Buchty a koláče,2008,92
"Badal, Milan",Liga destilatérů a kurzy hladovění,2008,129
"Filipová, Eva",Česká kuchyně v moderním pojetí,2008,212
"Šroubek, Karel",Jak se vaří u Šroubka,2008,239
"Průchová, Jarmila",Dvě nové hrozby pro každého,2008,256
"Žaludová, Runka",Domácí paštiky,2008,131
,Tajemství dezertů Carte d'Or,2008,81
,196 receptů,2008,34
,Vánoce,2008,34
,1000 vybraných receptů od A do Z,2008,49
,Víno v kuchyni,2008,81
,Zvěřina,2008,82
"Rodriguez, Judith C.",Velký průvodce dietami,2008,192
,Pro vánoční pohodu,2008,188
"Šandová, Miroslava",Houby v kuchyni,2008,1
"Šandová, Miroslava",Houby v kuchyni,2008,1
"Frič, Přemysl",Celiakie,2008,186
,Houby v kuchyni,2008,26
,Zvěřinové speciality 2009,2008,15
"Řehořková, Pavla",Odvápnění kostí čili Osteoporóza,2008,106
,Houby 2009,2008,29
,Mezikulturní dialog,2008,
,Těstoviny,2008,256
,Pečení,2008,256
,Grilování,2008,224
"Šroubek, Karel",Jak se vaří u Šroubka,2008,239
"Farrow, Joanna",Nejlepší omáčky,2008,128
,Vypěstuj a sněz,2008,80
,Saláty,2008,96
"Šebestíková, Tereza",Přiletěl k nám čáp,2008,95
"Doeser, Linda",Džusy a koktejly,2008,224
"Herrmann, Hubert",Přeměna trávy na hovězí aneb Z pastviny na talíř,2008,159
"Karmel, Annabel",Vařím s maminkou,2008,47
,Evropská menu 2010,2008,18
,Magická chuť moučníků,2008,199
"Melina, Vesanto",Průvodce (začínajícího) vegetariána,2008,429
"Farrow, Joanna",Dobroty z čokolády,2008,128
"Sieberová, Ivana",Vánoční hody vítejme--,2008,20
"Dittertová, Eva",Kuchyně starého Chebu,2008,288
"Bajer, Jiří",Rakytník - jeho pěstování a využití,2008,50
"Pechová, Jaroslava",Hrníčková kuchařka,2008,133
"Pechová, Jaroslava",Hrníčková kuchařka,2008,146
"Pechová, Jaroslava",Hrníčková kuchařka,2008,135
,Yerba maté,2008,
"Rákosníková, Jitka",Knedlíky,2008,87
"Norman, Jill",Bylinky a koření v kuchyni,2008,336
,Praktický průvodce rekonstrukcí kuchyně,2008,66
"Marečková, Jaroslava Vilemína",Vilemínino zátiší,2008,
"Trnková, Klára",Tajné vánoční recepty naší babičky,2008,39
"Rajniš, Zdeněk",Život je krásný,2008,255
"Frolíková, Jana",2000 nejlepších receptů z české i zahraniční kuchyně,2008,288
"Artz, Vojtech",Vánoční kuchařka,2008,77
,Jak se vařilo a vaří v Nové Pace,2008,61
,Strava jako lék,2008,223
,Krása korejského jídla,2009,263
"Havrda, Lubomír",Staročeská kuchyně Chlumecka,2009,64
,Grilujeme,2009,367
"Kalina, Tomáš",Nudle,2009,71
"Matuška, Robert",Gastrosexuální pátky,2009,175
"Kramer-Priesch, Herta",Laktóza a fruktóza,2009,127
"Peterson, James",Co by měl vědět správný kuchař,2009,432
"Ricciotti, Hope",Kuchařka pro těhotné,2009,192
"Drennan, Matthew",Grilujeme s Weberem,2009,159
"Sherwood, Alice",Kuchařka pro alergiky,2009,224
"Lawson, Nigella",Vaříme expres,2009,318
,Lahůdky z mléka vajec a sýrů,2009,160
,Pochoutky z rýže luštěnin a obilnin,2009,160
"Faktor, Viktor",Tradiční česká kuchyně,2009,93
"Doležalová, Alena",Hity naší kuchyně,2009,109
"Liška, Juraj",Káva,2009,173
"Mikšovic, Alexander",Bar,2009,610
"Schroder, Carla",Linux,2009,596
"Fullerton-Smith, Jill",Pravda o jídle,2009,240
"Zani, Lorenzo",Od večeře ke kříži,2009,183
"Šmikmátorová, Pavla",Receptíky pro kuchtíky,2009,60
,Brambory pokaždé jinak,2009,48
,Chuťovky,2009,48
,Pikantní minutky,2009,48
,Steaky a jiné speciality z vepřového masa,2009,48
,Jednohubky,2009,48
,Bez tuku,2009,48
,Tlustá kniha (nejen) o hubnutí,2009,415
"Stepanova, Iryna",Kluci a holky v akci,2009,113
"Vrábková, Helena",Co vařily naše babičky a co jsme my zapomněli,2009,127
"Vrábková, Helena",Co věděly naše babičky a co jsme my zapomněli,2009,127
"Chaloupka, Vladimír",Houby v kuchyni,2009,255
"Orey, Cal",Zázračná síla octa,2009,327
"Adam, Olaf",Jak hubnout bez hladovění,2009,175
"Trejbal, Jaromír",Z hotelu Ritz do kuchyně Vlasty Buriana,2009,295
"Orey, Cal",Zázračná síla olivového oleje,2009,288
,Špalíček receptů,2009,832
,Špalíček receptů,2009,832
,Chléb z domácí pekárny,2009,287
"Sova, Eduard",Nejen moudrá strava od Sovy III aneb Jak na raka a jeho kumpány,2009,144
"Lesáková, Stanislava",Sladké čarování aneb Cukrářská výroba doma,2009,88
"Hubáčková, Andrea",Víno na talíři,2009,100
"Laskin, Avner",Olivy,2009,128
"Laskin, Avner",Ořechy,2009,128
"Duží, Jana",Knedlíky a omáčky,2009,112
"Poncová, Svatava",Sladké pokušení,2009,112
"Zbořilová, Constans",Staročeské recepty aneb Jak vařily naše prababičky,2009,48
"Gregora, Martin",Jídelníček kojenců a malých dětí,2009,175
"Skřička, Tomáš",Dieta u pacientů se střevními vývody a po operaci střev,2009,68
"Palička, Milan",Sladkovodní kuchařka,2009,215
"Havlů, Karina",Vaříme v titanovém nádobí,2009,157
"Beckett, Fiona",Jídlo víno přátelé,2009,160
"Duží, Jana",Masíčko pitíčko a jiné dobrůtky,2009,112
"Duží, Jana",Selská kuchyně,2009,112
"Cutler, Bunty",211 věcí které zvládne každé bystré děvče,2009,269
"Klescht, Vladimír",Projezte se ke štíhlosti,2009,160
"Nekola, Karel",Kuchařka na cesty,2009,96
,Dobrou chuť aneb Co chutná v Česku,2009,247
"Palička, Milan",Ryba domácí na váš stůl aneb Recepty ze sladkovodních ryb,2009,210
"Sklenář, Zbyněk",Magistraliter receptura v dermatologii,2009,441
"Mandžuková, Jarmila",Kuchařské švindly aneb Co čím a jak nahradit,2009,126
"Žurman, Alexandr",Guláše a jejich příbuzní,2009,116
"Vašák, Jaroslav",Královské kuře,2009,101
"Vašák, Jaroslav",Kuchařský fortelník aneb Abeceda dobrých rad jak v kuchyni neprohrát,2009,199
,Pro jarní pohodu,2009,168
"Grotto, David W.",101 potravin které vám mohou zachránit život,2009,399
"Casparek-Türkkan, Erika",Vánoční pečení,2009,127
,Nevšední večeře pro všední den,2009,320
"Winnerová, Alena",Grilování,2009,224
"Duží, Jana",Čínská kuchyně,2009,112
,52 šťavnatých receptů s ovocem,2009,127
"Lánská, Dagmar",Ovoce na stovky chutí,2009,126
"Maderia, Crystal June",Nová kuchařka s mořskými řasami,2009,151
"Horsáková, Monika",Pod pokličkou 4,2009,220
,Recepty naší rodiny,2009,349
"Trnková, Klára",Tajné slavnostní recepty naší babičky,2009,38
"Trnková, Klára",Tajné nedělní recepty naší babičky,2009,38
"Trnková, Klára",Tajné nedělní recepty naší babičky,2009,38
"Trnková, Klára",Tajné zahrádkové recepty naší babičky,2009,39
"Hackstein, Yara",Malé dobroty pro váš stůl,2009,294
"Long, Walter",Dar od mistrů čínské kuchyně,2009,61
"Poncová, Svatava",Recepty kuchařky Svatavy,2009,174
,Čerstvé ovoce a dezerty,2009,160
,Lehké obědy a svačiny,2009,160
,Slepičí polévka pro otce a syna,2009,247
"Hunter, Fionna",Zdravá a chutná strava pro silné kosti,2009,128
"Myers, Elaine",Zdravá a chutná strava pro ženy 50+,2009,128
"Dusy, Tanja",Brunch a bufet,2009,125
"Van Straten, Michael",Jak zhubnout do malých večerních,2009,112
"Jikoko, Cherry",Love menu,2009,63
"Chaloupka, Vít",Chaloupkova moderní zdravá kuchařka,2009,368
"Mačingová, Antónia",Zhubněte jednou provždy,2009,239
"Froyda, Martin",Jak chutná Itálie,2009,126
"Frühauf, Pavel",Výživa batolat,2009,46
"Hofhanzlová, Judita",Atopický ekzém alergie astma,2009,173
"Michopulu, Hana",Kuchařka Zpátky domů,2009,255
"Thierry, Janet",Tofu pro labužníky,2009,81
,Kuchařka Národů Podyjí,2009,188
"Mandžuková, Jarmila",Škola pečení moučníků,2009,155
"Havlů, Karina",Rajčata na 170 způsobů,2009,123
"LeBlanc, Beverly",Jednoduché a dokonalé saláty,2009,224
"Rowe, Barbara",Kuchařka pro zdraví,2009,192
"Decaux, Cécile",Domácí chléb a jiné pečivo,2009,127
"Horecká, Zdenka",Saláty mnoha chutí,2009,189
"Kašpar, Oldřich",Pod pokličkou španělské a latinskoamerické kuchyně,2009,34
,Pro letní pohodu,2009,181
"Štefaňáková, Radka",Hubnutí po česku,2009,197
"Janičatová, Monika",Dětská pohádková kuchařka,2009,93
,Knedlík - Kloß - Knödel aneb Knedlíkové nebe,2009,151
"Arndt, Monika",Vaříme pro děti,2009,245
"Illková, Olga",Zdravá výživa malých dětí,2009,191
"Středa, Leoš",Univerzita hubnutí,2009,251
"Středa, Leoš",Univerzita hubnutí,2009,1
,Recepty pro diabetiky 7 2010,2009,32
,Chléb a domácí pekárny,2009,512
"Lane, Rachel",Jen 5 do hrnce,2009,704
"Kuntzmannová, Miroslava",Kuchařka plzeňských strašidel,2009,71
,Rychlá a snadná kuchyně,2009,409
,Lehká a zdravá kuchyně,2009,407
,Rodinná kuchařka,2009,409
"Selby, Anna",100 nej tajemství diet,2009,128
"Bartimeus, Paula",100 nej léčivých potravin,2009,128
"Bardi, Carla",Špagety,2009,320
"Poláček, Jiří",Vaříme rychle a zdravě 2010,2009,29
"Karas, Jan",Fit recepty Olgy Šípkové 2010,2009,30
"Georgieva, Ivana",Jídlem ke zdraví I,2009,56
"Mrázová, Dája",Domácí pekárna,2009,103
"Pokorný, Karel",Nablýskaná krása v kuchyních našich prababiček,2009,172
"Karas, Jan",Domácí kuchyně 2010,2009,30
"Karas, Jan",Moučníky a sladkosti 2010,2009,30
,Hornická kuchařka z Ostravska,2009,95
,Jako doma,2009,56
"Smolková, Táňa",Slavíme s dětmi svátky,2009,82
,Grilování,2009,191
,Makoku,2009,77
"Bourdain, Anthony",Bez servítku,2009,288
"Kunová, Václava",Obezita,2009,100
"Heroldová, Lenka",Pivní kuchařka,2009,151
"Speck, Brigitte",Vaříme malým neposedům,2009,96
"Pohlreich, Zdeněk",Bravo šéfe,2009,60
"Jakouběová, Vladimíra",V babiččině kuchyni od Tří králů do Vánoc,2009,159
,Slavojská kuchařka s pohádkovou příchutí,2009,112
"Kuras, Benjamin",Jak nejíst přátele,2009,192
"Tomsová, Lenka",Cesty které voní jídlem,2009,309
,Gastro 2009,2009,1
,Letní kuchařka Spolku paní dam a dívek při Městské knihovně Louny,2009,15
"Trnková, Klára",Třetí rok s Měsícem,2009,127
"Šebestíková, Tereza",Vaříme dětem,2009,63
"Kejřová, Anuše",Zlatá úsporná kuchařka,2009,647
,Culinaria Španělsko,2009,488
"Šafránková, Irena",Vaříme snadno a rychle,2009,110
"Fotopulos, Fotis",Kuchařka pro přátele aneb Jak si kdo uvaří tak se nají,2009,100
,Vaříme ve woku,2009,159
"Iburg, Anne",Výživa dětí,2009,96
"Lánská, Dagmar",Koření pro chuť a vůni aneb Bez koření není vaření,2009,159
"Šottnerová, Dagmar",Slavíme s dětmi,2009,94
"Barnes, Lisa",Vaříme malým dětem,2009,143
"Sajler, Filip",31x vyzkoušeno,2009,143
"Briggs, Margaret",Česnek & cibule,2009,160
"Briggs, Margaret",Červená řepa mangold a špenát,2009,159
"Mumm, Debbie",Můj receptář,2009,40
"Sedláčková, Hana",Technologie přípravy pokrmů 4,2009,93
"Neoralová, Blanka",Zdravá strava pro diabetiky,2009,30
"Hajská, Petra",Vaří Jirka Babica 2010,2009,32
,Stolečku prostři se - Strava jako intelektuální fenomén v muzeu,2009,156
"Kuntzmannová, Miroslava",Na vlnách chuti,2009,77
"Tobičík, Radko",1000 výborných receptů,2009,367
,Slepičí polévka pro matku a syna,2009,263
"Grillparzer, Marion",Glyx dieta,2009,232
"Kocián, Jan",1000 receptů k úpravě rybích jídel a malý atlas našich ryb,2009,309
"Georgieva, Ivana",Jídlem ke zdraví II,2009,55
,Dieta alli,2009,346
"Skopová, Kamila",--ale máma to vařila líp,2009,113
"Synková, Hana",Všechno je jedlé,2009,431
"Filgasová, Eva",Už zase nevím co uvařit,2009,130
"Momčilová, Pavla",Celozrnné domácí kynuté pečivo,2009,154
,Evropa hoduje v 27 obrazech,2009,1
,Kniha domácích receptů,2009,330
"Clissold, Lorraine",Proč Číňané nepočítají kalorie,2009,240
"Gedda, Gui",Provence,2009,352
"Hauner, Dagmar",Velká kuchařka pro diabetiky,2009,192
,Myslivecký 2010,2009,17
,Recepty pro děti 2010,2009,17
,Rybářský 2010,2009,17
"Malý, Jaroslav",Houby i pro zdraví 2010,2009,13
"Horecká, Zdenka",Domácí těstoviny a jídla z nich,2009,295
"Drobný, Milan",Málo z kapsy hodně do žaludku,2009,149
"Hajská, Petra",Rok plný sladkostí 2010,2009,29
"Poláček, Jiří",Zdravé recepty 2010,2009,29
"Vašák, Jaroslav",Zavařujeme ovoce a zeleninu,2009,167
"Poláček, Jiří",Česká kuchyně 2010,2009,30
,Sladká kuchařka 2010,2009,32
"Poláček, Jiří",Báječné recepty 2010,2009,16
"Talandová, Věra",Sluneční živá strava,2009,116
"Runštuk, Jaroslav",Receptury teplých pokrmů,2009,564
"Egon, Jan",Labužníkův rok =,2009,112
"Poláček, Jiří",Česká kuchyně 2010,2009,29
"Hajská, Petra",Koláče slané sladké 2010,2009,33
"Doležal, Vladimír",Vaříme těstoviny 2010,2009,32
"Hajská, Petra",Saláty pro štíhlou linii 2010,2009,16
,Portál o BIO receptech a BIO potravinách,2009,
"Zavan, Laura",Italská kuchyně,2009,252
"Magnier-Moreno, Marianne",Moučníky,2009,256
"Havlů, Karina",Vaříme v remosce,2009,170
"Vassallo, Jody",Asijská kuchyně,2009,256
"Mokrá, Alena",Zdravá strava pro oslabenou slinivku,2009,31
"Neoralová, Blanka",Zdravá strava pro diabetiky a nejen pro ně,2009,168
"Gerstner, Miloš",Hory dávají chléb aneb Krkonošská kuchařka,2009,184
"Požárová, Lenka",Zapálená kuchařka 2010,2009,14
"Steingarten, Jeffrey",Nejspíš to bude tím co jsem snědl,2009,182
"Macháček, Vlastislav",Dobrou chuť 2010,2009,14
,Konzumní brambory na poli zahradě a v kuchyni,2009,206
,Kluci v akci 4 - 2010,2009,31
,Kuchařka pro každý den 3 2010,2009,32
,Receptář 2010,2009,31
,Sama doma 2010,2009,31
"Poláček, Jiří",Recepty z Dámského klubu 2010,2009,31
"Augustín, Jozef",Dobrou chuť,2009,220
"Štěpnička, Miloš",Rybí receptář Miloše Štěpničky,2009,165
"Doležal, Vladimír",Myslivec a rybář v kuchyni,2009,197
"Matějka, Václav",Houbařský kalendář 2010,2009,13
,Pečeme s láskou 2010,2009,13
"Rákosníková, Jitka",Česká domácí kuchařka,2009,195
"Kabátová, Zita",Prvorepubliková kuchařka Zity Kabátové,2009,214
"Béliveau, Richard",Zdravým vařením proti rakovině,2009,267
,Adventní a vánoční kuchyně našich babiček a prababiček IX,2009,1
,Vánoce s vůní vanilky,2009,1
"Bukovský, Igor",Hned to bude,2009,256
"Filipová, Eva",Znovu objevené recepty,2009,197
"Matoulek, Martin",Tuky v léčbě obezity,2009,11
"Šmikmátorová, Pavla",Receptíky pro kuchtíky,2009,60
"Mokrá, Alena",Vaříme zdravě bez cukru,2009,244
,Telecí maso skopové jehněčí kůzlečí,2009,82
,Nepečené dorty řezy a drobné zákusky,2009,101
,Ochutnejme Hranicko,2009,48
,Zdobení vánočních perníčků,2009,1
,Chez Erik,2009,104
"Lucque, Riccardo",Bravo šéfe,2009,61
"Škrábalová, Jaroslava",Mlsná kuchařka aneb Fakt je to dobrý,2009,95
"Wilhelm, Jiří",Výkrmná dieta profesora Wilhelma,2009,157
,1000 vybraných receptů od A do Z,2009,50
"Novotný, Petr",Chuťovky Petra Novotného,2009,163
"Svoboda, Jaroslav",Houbařův Hradec Králové aneb Houboatlas,2009,155
,Úsvit zenu,2009,125
,Kuchařka od Zlaté koruny,2009,113
"Baugniet, Rebecca",500 - pizzy chleby a placky,2009,288
"Baugniet, Rebecca",500 - koláče a dortíky,2009,288
"Kirk, Paul",500 - recepty na grilování,2009,288
"Gregor, Pavel",Diety při onemocnění hypertenzí (vysoký krevní tlak),2009,31
"Trnková, Klára",Tajné babiččiny rady a recepty pro dobré hospodyňky,2009,79
,Peču pečeš pečeme,2009,26
,194 recepty,2009,34
,Nejlepší cukroví,2009,34
,Brambory,2009,240
,Kuře,2009,240
,Wok,2009,240
,Ryby a plody moře,2009,240
,Čokoláda,2009,240
"Faktor, Viktor",Švejkova kuchařka,2009,288
,Těstoviny,2009,240
"Škachová, Šárka",Rande s gurmánkou 2010,2009,31
"Tee, Susanna",1 těsto 100 muffinů,2009,221
,Kuchyně hmyzem zpestřená,2009,1
,Vánoce,2009,34
,Zlatá vařečka,2009,34
"Schleip, Thilo",Histaminová intolerance,2009,118
"Porubenská, Marie",Drobné rady pro domácnost,2009,157
"Matušková, Martina",Bezlepková dieta,2009,104
"Horecká, Zdenka",Magická chuť masa,2009,199
,Saláty 2010,2009,15
,Kuchařka pro vegetariány 2010,2009,29
"Kramár, Tibor",Řízky,2009,184
,Brambory,2009,256
"Novotný, Petr",Chuťovky Petra Novotného,2009,163
"Preston, Penny",Vaříme dětem,2009,128
"Drew, Helen",První kniha pro mlsné jazýčky,2009,48
,Jak lépe prožít rok,2009,2
,Minikuchařka moravských receptů,2009,33
"Babica, Jiří",Babicovy dobroty,2009,187
"Škachová, Šárka",Gurmánkacz,2009,
,Koření a bylinky v kuchyni,2009,84
,Ryby a plody moře v kuchyni,2009,82
,Kuchařka Flop aneb Vaříme levně podle vašich 310 receptů,2009,111
"Mandžuková, Jarmila",Vánoční netloustnutí aneb Lehké vánoční cukroví,2009,109
"Berka, Rudolf",Jak na kapra,2009,107
"Fraňková, Slávka",Kulturní šok,2009,32
,Moučníky a dorty,2010,232
"Matějíčková, Jitka",Medoviny sirupy šťávy,2010,64
"Matějíčková, Jitka",Ve znamení česneku a cibule,2010,104
,365 receptů na celý rok,2010,480
"Brown, Ellen",Nápoje pro imunitu,2010,208
"Bohlmann, Friedrich",Přehledný průvodce jak zhubnout 5 kilo,2010,144
"Pössl, Martin",Káva jako životní styl,2010,116
,Ryby a rybolov v našich vodách,2010,360
,Jídlo z naší zahrádky,2010,208
"Hrubý, Milan",Dieta u chronických onemocnění ledvin,2010,148
"Storey, Alice",Saláty,2010,240
"Pickford, Louise",Grilování,2010,240
"Lewis, Sara",Chleba,2010,128
"Zemanová, Veronika",Gurmánské jednohubky,2010,192
"Kejvalová, Lenka",Výživa dětí od A do Z 2,2010,140
"Chourová, Iva",Makrobiotická kuchařka,2010,342
"Herinková, Nina",Vaření pro milostná setkání,2010,24
"Štift, Jiří",Šéfkuchařův rok,2010,159
,Špalíček receptů,2010,832
"Dusy, Tanja",Koktejly pro každého,2010,125
"Peleška, Stanislav",Zelenina na zahrádce a v kuchyni,2010,183
"Kittler, Martina",Rychlokurs vaření,2010,192
"Dusy, Tanja",Suši bar,2010,125
,Můj receptář,2010,48
"Frič, Václav",Bravo šéfe,2010,61
"Doležalová, Alena",Oblíbené kuřecí recepty,2010,101
,Snídaně oběd večeře,2010,153
,Jídlo léčí,2010,351
,Kouzelná kuchyně pro lepší hladinu krevního cukru,2010,360
"Brown, Simon",Makrobiotika pro každý den,2010,160
"Čermák, Josef",Moje těstoviny =,2010,108
"Lamschová, Petra",Jídlo jako životní styl aneb 100 otázek odpovědí a receptů,2010,187
"Popprová, Andrea",Jaro je tu,2010,92
"Navrátil, Dalibor",Bravo šéfe,2010,62
"Kynychová, Hana",Zachraňte si život s Hankou Kynychovou,2010,156
"Roztočil, Rudolf",Večeře pro maminku,2010,104
"Kocourek, Jiří",Vietnamská kuchyně,2010,38
"Gugetzer, Gabriele-Sabine",Předkrmy a dezerty,2010,125
"Jakouběová, Vladimíra",V babiččině kuchyni od Tří králů do Vánoc,2010,159
"Kovář, Jan",Diety při zvýšené hladině cholesterolu (hypercholesterolémie),2010,31
"Mandžuková, Jarmila",Výživa dětí chutně pestře moderně,2010,166
"Nejdl, Josef",Tradiční jídla česko-bavorského příhraničí =,2010,95
"Orsáková, Štěpánka",Ochutnejte Českou republiku,2010,159
"Dreyer, Eva-Maria",Bylinky plody a houby,2010,173
"Gregora, Martin",Kuchařka pro rodiče malých dětí,2010,175
"Lužná, Dagmar",Vaříme pro děti podle makrobiotických zásad a nejen pro ně,2010,280
"Vedral, Jiří",Francouzsko-český gastronomický slovník,2010,16
"Bohlmann, Friedrich",Vaříme zdravě při zvýšeném cholesterolu,2010,128
"Živsová, Jitka",Uvařeno za pár minut,2010,179
"Pazdírková, Renáta",Fenylketonurie a mateřství,2010,53
"Kleiner, Susan M.",Fitness výživa,2010,304
"Wittmann, Katrin",Maso a zvěřina,2010,320
"Mihulová, Marie",Jóga a strava,2010,237
"Teplan, Vladimír",Dieta a nutriční opatření u chorob ledvin a močových cest,2010,353
"Lobrano, Alec",Gurmán v Paříži,2010,430
"Mandžuková, Jarmila",Rychlovečeře,2010,109
"Lagorce, Stéphane",Kuchařské umění od A do Z,2010,719
,Nejoblíbenější koktejly,2010,128
"Bardi, Carla",Pizza s vtipem a fantazií,2010,124
,Barbecue,2010,191
,Koktejly,2010,191
,Na stole za pár minut,2010,191
,4 ingredience,2010,191
"Bardi, Carla",Špagety,2010,320
"Janotová, Lucie",Vybrané faktory ovlivňující zdravotní nezávadnost potravin a pokrmů,2010,165
,52 expres receptů do 20 minut,2010,127
,Jehněčí skopové a kůzlečí recepty,2010,91
,Zlatá kniha salátů,2010,337
"Janků-Sandtnerová, Marie",Lahůdková kuchyně,2010,205
"Jayasundera, Z.",Vařím s láskou,2010,132
"Raichlen, Steven",Jak grilovat,2010,490
"Lansky, Vicki",Mami tati krmte mě správně,2010,221
"Hrevušová, Radka",Houby,2010,91
"Fehringer, Andrea",Menu à la příroda,2010,81
"Lánská, Dagmar",Slivoně v naší kuchyni,2010,79
"Schenková, Bela",Polívkář z boudy,2010,93
"Rujner, Jolanta",Bezlepková a bezmléčná dieta,2010,108
"Kiedroňová, Blanka",Vaříme dětem zdravě a s využitím energií potravin,2010,138
,Pečeme 100x jinak,2010,136
"Vašák, Pavel",Labužnické příběhy aneb Učeň mistra Savarina,2010,179
"Momčilová, Pavla",Jarní a zimní zeleninové menu,2010,146
"Marquardt, Trudel",Vaříme zdravě bez lepku,2010,128
"Wagnerová, Magdalena",Domácí zavařování,2010,125
"Vašák, Jaroslav",Čertovská kuchařka,2010,250
"Vašák, Jaroslav",Afrodiziakální kuchařka aneb Kuchařka (nejen) pro zaláskované,2010,186
"Ježek, I. P.",VIP kuchařka aneb Receptury jídel která se nedají jíst,2010,148
"Vašák, Jaroslav",Humoristická kuchařka pod názvem Slaměný vdovec,2010,210
"Mandžuková, Jarmila",Grilování,2010,156
"Elefteriadu, Martha",Řecká kuchyně Marthy Elefteriadu,2010,173
"Černý, Ladislav",Grilujeme aneb Vše o grilování,2010,118
"Babková, Jiřina",Tak vidím život aneb Příroda ta mocná čarodějka,2010,53
,Chutnou stravou proti cukrovce,2010,319
"Marek, Vlastimil",Meditace,2010,221
"Vašák, Jaroslav",Ryby pro každý den,2010,135
,PKU-dietacz,2010,
,Jesenicko-nyská kuchařka,2010,61
,Blesková kuchařka,2010,191
,Recepty pro celou rodinu,2010,191
"Málková, Iva",Hubneme s rozumem tvořivě,2010,193
,Koláče,2010,160
,Vůně domova - pečení,2010,510
,Recepty pro diabetiky 8 2011,2010,32
,Nedělní moučníky 2011,2010,31
"Klofátová, Barbora",Vegetariánská kuchařka po česku,2010,196
"Kameník, Josef",Trvanlivé masné výrobky,2010,262
,Jen ze 4 surovin,2010,176
,Jen 100 kilokalorií,2010,176
,Zdravé recepty,2010,
"Pohlreich, Zdeněk",(Prostřeno) bez servítků,2010,245
"Sováková, Anna",Sovákova kuchařka aneb Život s králem fóru,2010,276
"Zhao, Zhuo",Léčivá čínská kuchyně,2010,198
"Fritzsche, Doris",Vaříme zdravě pro diabetiky,2010,128
"Skopová, Kamila",Vánoční svátky o století zpátky aneb Tradice Vánoc v české kuchyni,2010,55
"Myšičková, Barbara",Biomenu,2010,207
"Poláček, Jiří",Zdravé recepty 2011,2010,29
,Receptář 2011,2010,30
,Báječné recepty 2011,2010,16
"Hajská, Petra",Saláty pro štíhlou linii 2011,2010,16
,Vaření se zámeckou paní,2010,1
"Moc, Jiří",Putování s Jožkou Šmukařem za písničkou a za vínem,2010,158
,Alchymie v kuchyni,2010,140
"Herynek, Petr",České Vánoce v kuchyni,2010,159
"Formáčková, Marie",Hermelínová kuchařka,2010,202
"Thielemann, Thomas",Biokuchařka,2010,211
"Poláček, Jiří",Česká kuchyně 2011,2010,29
"Hajská, Petra",Rok plný sladkostí 2011,2010,29
"Poláček, Jiří",Recepty z Dámského klubu 2011,2010,30
,Evropská menu 2011,2010,18
"Hajská, Petra",Rok plný sladkostí 2011,2010,30
"Poláček, Jiří",Česká kuchyně 2011,2010,30
"Formáčková, Marie",Velká babiččina kuchařka,2010,486
,Med,2010,79
,Česnek,2010,79
,Antioxidanty,2010,111
,Na nože,2010,50
,Na nože,2010,78
"Horecká, Zdenka",Praktická hrníčková kuchařka,2010,136
"Rystonová, Ida",Byliny na dýchací cesty,2010,192
"Baier, Jiří",Receptář,2010,79
"Kohout, Pavel",Celiakie,2010,129
,Nové trendy v gastronomii,2010,1
"Živsová, Jitka",Minutky a zákusky,2010,120
"Hajská, Petra",Vaří Jirka Babica 2011,2010,31
"Hrubá, Daria",Kuchařská pohotovost 2011,2010,31
"Sznapka, Petr",Guláš pokaždé jinak 2011,2010,31
,1001 chutí které musíte poznat než umřete,2010,960
"Korečková, Květa",České Vánoce v kuchyni,2010,118
,Recepty naší rodiny,2010,233
"Rytířová, Helena",Kuchařka pro kluky a holky,2010,59
"Muhr, Gisela",Nejchutnější vánoční cukroví,2010,48
"Canfield, Jack",Slepičí polévka pro lidskou duši,2010,302
"Rosa de Pauli, Jana",Pečeme chléb a pečivo aneb Malá domácí pekárna,2010,78
"Zemanová, Hana",BioAbecedář Hanky Zemanové,2010,422
"Šebelová, Marie",Zařízení závodů,2010,71
"Šindelková, Alena",Kuchařské práce,2010,91
"Jayasundera, Z.",Vařím s láskou,2010,131
"Volfová, Milena",Chléb v hlavní roli,2010,170
"Bardi, Carla",Koláče & dorty s vtipem a fantazií,2010,124
,Speciality které vás proslaví,2010,409
,Pohoštění které nikdy nezklame,2010,409
,Dezerty pro svátek i všední den,2010,411
,Vaříme s vtipem a fantazií,2010,409
"Vano, Robert",Kuchařka pro kluky,2010,197
,Zlatá kniha pečení,2010,478
"Kabačenko, Serhij",Dětská kuchařka,2010,127
"Kochová, Lucie",Velká kniha o Vánocích,2010,202
"Zapletalová, Hanka",Živá strava,2010,20
"Gils Slavíková, Mirka van",Cheesecakes,2010,63
"Partyková, Vilma",Vaříme nemocným rakovinou a nejen pro ně,2010,271
"Prasad, Raman",Vaříme zdravě bez lepku cukru a mléka,2010,224
,Čtenáři v akci,2010,59
,Polévky,2010,165
"Strunz, Ulrich",Spalte tuky správným jídlem,2010,144
"Zindelová, Michaela",Česká vánoční kniha,2010,338
"Šebek, Luboš",Technologie kuchařských prací,2010,151
"Guha, Alexandr",Pravé české míchačky,2010,155
"Strnadelová, Vladimíra",Radost ze zdravých dětí,2010,416
"Mikšík, Michal",Houbařský kalendář 2011,2010,30
,Rybářský kalendář s recepty 2011,2010,32
"Besserová, Miroslava",Když hvězdy vaří dětem,2010,117
"Lamschová, Petra",Hezky česky hravě a zdravě aneb Česká klasika ve zdravém kabátku,2010,186
"Poláček, Jiří",Česká kuchyně 2011,2010,29
"Poláček, Jiří",Česká kuchyně 2011,2010,30
"Karas, Jan",Moučníky a sladkosti 2011,2010,30
"Karas, Jan",Recepty Olgy Šípkové 2011,2010,30
"Šmikmátorová, Pavla",Receptíky pro kuchtíky,2010,60
"Vašák, Jaroslav",Kuchařka pro důchodce,2010,259
"Vašák, Jaroslav",Kuchařské vychytávky,2010,340
"Murtingerová, Eva",555 teplých předkrmů 19 a 20 století,2010,342
"Murtingerová, Eva",Slavnostní slané deserty,2010,185
"Christ, Sven",Recepty pro maminky a miminka,2010,160
"Schäfer, Christiane",Pečeme zdravě bez lepku,2010,128
"Davies Veselá, Petra",Kniha o kávě,2010,238
"Málková, Iva",Hubneme s rozumem tvořivě,2010,125
"Formáčková, Marie",Zdravý život,2010,188
"Lawson, Nigella",Vánoce s Nigellou,2010,287
"Matějka, Václav",Houbařský kalendář 2011,2010,13
"Pössl, Martin",Čaj jako životní styl,2010,81
"Siegel, Bernie S.",365 receptů pro duši,2010,371
,Speciality z masa,2010,34
,231 recept,2010,34
,Peču pečeš pečeme,2010,26
"Koura, Robert",Poctivá česká kuchařka,2010,71
,Klášterní recepty,2010,193
"Zavadilová, Radmila",Cvičení z veterinární farmakologie a základy receptury,2010,155
"Pilaske, Rita",Bylinkové čaje,2010,95
"Fabešová, Iveta",Iveta & sladká Francie,2010,158
"Habustová, Milena",Prostřený stůl Rožnovanů,2010,95
"Vaiglová, Šárka",Těstoviny v naší kuchyni,2010,251
"Píchová, Jarmila",Med v kuchyni labužníka,2010,294
"Janů, Renáta",Arabská kuchařka,2010,217
,Recepty & pranostiky v křížovkách,2010,334
,Hradistenet,2010,
"Šafránková, Anna",Síla česneku,2010,138
,Moje šetrná kuchyně,2010,14
,Nejlepší recepty,2010,167
"Toufar, Pavel",Vánoce na Moravě,2010,140
,Velká kniha princezen,2010,192
"Jacobson, Sarina",Jogurt,2010,128
"Filipová, Eva",Instinkt v kuchyni,2010,96
"Schwartz, Oded",Konzervování,2010,191
"Treuille, Eric",Chléb,2010,168
"Lenková, Jana",Nevšední hrátky s dobrotami,2010,85
"Požárová, Lenka",Jak jsem proje(d)la svět aneb Zcestopisy [sic] s recepty,2010,1
"Gregor, Pavel",Diety při onemocnění hypertenzí (vysoký krevní tlak),2010,32
"Vrabec, Vilém",Velká kuchařka,2010,724
,Minikuchařka moravských receptů II,2010,82
"Thierry, Janet",Dnes vařím já,2010,81
"Fehrer, Roswitha",Vaření podle pěti elementů v souladu s ročními obdobími,2010,286
"Podhůrský, Zdeněk",Uvař co umíš,2010,92
"Ray, Sondra",Jediná dieta která funguje,2010,119
"Frej, David",Ájurvédské recepty pro zdraví,2010,189
"Antol, Marie Nadine",Ocet,2010,212
"Kuntzmannová, Miroslava",Titanové indukční nádobí,2010,109
,Celozrnné vánoční pečivo,2010,39
,Sladké pečení,2010,399
"Navrátilová, Marie",Jen tak o životě--,2010,127
"Ruggiero, Mauro",Mare nostrum,2010,207
"Choutka, Miloš",Dezerty 2011,2010,14
"Škachová, Šárka",Rande s gurmánkou 2011,2010,14
"Škachová, Šárka",Sladký rok 2011,2010,31
"Choutka, Miloš",Naše kuchařka 2011,2010,31
"Škachová, Šárka",Rande s gurmánkou 2011,2010,31
"Strnadová, Věra",Kuchařka pro každý den 2011,2010,30
"Malovický, Václav",Co chutná mezi Orlicí Labem a Cidlinou,2010,240
"Škachová, Šárka",Rande s gurmánkou 2011,2010,30
"Strnadová, Věra",Kuchařka pro každý den 2011,2010,30
"Poláček, Jiří",Nápojová kultura,2010,90
"Flašková, Marie",Šumavské babky buchty a placky,2010,1
"Flašková, Marie",Ještě je čas se učit,2010,1
"Kočí, Pavel",Hexion Speciality Chemicals,2010,135
"Jaros, Patrik",Co dům dal,2010,256
,Jen 10 minut,2010,176
,Tradiční kuchařka z Krkonoš aneb Co se vařilo v Pasekách v Jablonečku a ve Studenci,2010,31
"Horecká, Zdenka",Kuchařská kniha vaření a pečení,2010,183
"Vašák, Jaroslav",Nostalgická kuchařka a nostalgický gastronomický slovníček,2010,287
,Slavnostní nepečené a bleskové dorty,2010,127
"Habustová, Milena",Prostřený stůl Rožnovanů,2010,95
"Richtárová, Eva",S ovocem a zeleninou zdravěji,2010,239
,Prostřeno,2010,4
,Naše hobby,2010,
"Ridi, Emanuele",S Italem v kuchyni,2010,3
"Vondráčková, Martina",Magráta,2010,
,Ovocná a zeleninová abeceda,2010,117
"Vašák, Jaroslav",Dějiny kulinářství,2010,147
"Tarcalová, Ludmila",Chutě a vůně slovácké kuchyně,2010,2
,Grand Restaurant Festival,2010,
"Maurer, Pavel",Gurmancz,2010,
"Motalová, Veronika",Recepty 2011,2010,29
"Forshaw, Louise",Jak to žije - pečení,2010,10
"Pírko, Dalibor",Grily krby udírny,2010,72
"Manďáková Svašková, Eva",Zdravé a rozumné hubnutí,2010,213
"Botek, Jan",Novoveská kuchařka aneb Jídla dávná i současná,2010,119
"Vašáková, Jana",Míny a Týny pohádková kuchařka,2010,41
,Život bez nemocí,2011,416
,Ryby zvěřina víno,2011,143
,Vůně domova,2011,738
"Beer, Jan",Singl kuchařka aneb Recepty pro jednočlennou domácnost,2011,286
"Doležalová, Alena",Pomazánky,2011,100
"Steingarten, Jeffrey",Ještě bych něco snědl,2011,213
"Georgieva, Ivana",Jídlem ke zdraví III,2011,43
"Suchodolová, Veronika",Rychlé a zdravé večeře pro školáky,2011,135
"Binder, Egon M.",Udírny a uzení ryb,2011,100
"Dvořák, Otomar",Magická kuchařka,2011,125
,Kuchařka pro diabetiky a nejen pro ně,2011,287
"Pišová, Jana Florentýna",Kuchařka pro dceru,2011,389
"Pišová, Jana Florentýna",Kuchařský zápisník pro dceru,2011,153
"Bohdalová, Jiřina",Jiřina Bohdalová v kuchyni hvězd,2011,275
"Záhorská, Darina",Zdraví v souvislostech a acidobazická rovnováha,2011,181
,Maso,2011,173
"Kučera, Vladimír",Dětenický fenomén aneb Hodování v krčmách,2011,149
"Gerlach, Hans",Marmelády a želé,2011,166
"Purviance, Jamie",Grilujeme s Weberem na dřevěném uhlí,2011,239
"Mertlík, Vladimír",Zápisník hladového muže,2011,141
"Schinharl, Cornelia",Rychlokurs vaření pro vegetariány,2011,160
"Vaněk, Roman",S vařečkou kolem světa,2011,143
"Schlesinger, Chris",Grilování,2011,336
"Pohlreich, Zdeněk",Zdeněk Pohlreich v akci aneb Šéfkuchař který snědl vtipnou kaši,2011,127
,Pokrmy z jednoho hrnce,2011,224
,TOP recepty,2011,95
"Hobday, Cara",Foodstyling,2011,176
"Bardi, Carla",Špagety,2011,320
"Beer, Jan",Kuchařka pro psí miláčky,2011,90
"Orey, Cal",Zázračná síla čokolády,2011,326
"Guiliano, Mireille",Francouzky netloustnou,2011,270
"Hertoghe, Thierry",Hormony štěstí,2011,286
"Vašák, Jaroslav",Netradiční gastronomie,2011,227
"McVicar, Jekka",Vaříme s bylinkami,2011,351
"Havlů, Karina",Vaříme v remosce,2011,170
"Poštulka, Vladimír",Labužníkovy historky,2011,347
"Summ, Ursula",Sestavte si pokrmy dělené stravy,2011,144
,Vaříme pro zdravé srdce,2011,320
,Rychlé pokrmy,2011,160
,Chutná zelenina,2011,160
,Tradiční řešení pro moderní život,2011,360
,Léčivé bylinky ve vaší zahradě a kuchyni,2011,251
"Pape, Detlef",Hormonální dieta,2011,188
"Casparek-Türkkan, Erika",Vaříme zdravě a rychle pro diabetiky,2011,128
"Lange, Elisabeth",50 nejlepších rad jak zhubnout,2011,112
"Frolíková, Jana",Rychlé večeře pro moderní ženu,2011,118
"Tan, Terry",Asijská kuchyně v kostce,2011,288
"Žurman, Alexandr",Polévky,2011,65
"Pohlreich, Zdeněk",Šéf na grilu,2011,203
"Berzsiová, Pavlína",Velká domácí cukrářka,2011,448
"Dostálová, Ilona",Přirozeně bez lepku a bez mléka,2011,141
,Sousedé na talíři,2011,106
"Málková, Iva",Hubneme s rozumem v praxi,2011,158
"Rystonová, Ida",Byliny na srdce cévy krev,2011,187
"Bušina, Radek",Barmanem od A do Z,2011,111
"Lehari, Gabriele",Jak uchovávat potraviny,2011,127
,Saláty,2011,157
"Lekešová, Marie",Jak se dříve žilo a co se jedlo v Hluku aneb Opomíjená jídla a zvyky,2011,161
"Noe, Marie",Dobré věci nejsou špatné,2011,254
"Zindelová, Michaela",Česká velikonoční kniha,2011,391
"Mandžuková, Jarmila",Vaříme šetříme (kapsu i čas),2011,150
"Hrubešová, Markéta",Tak vařím já,2011,188
"Úlehlová-Tilschová, Marie",Česká strava lidová,2011,444
"Karmel, Annabel",Výživa pro nejmenší,2011,128
"Živsová, Jitka",Uvařeno za pár minut,2011,183
"Hanšpachová, Jana",Citrusová kuchařka,2011,116
"Bardi, Carla",Pizza s vtipem a fantazií,2011,124
"Trischberger, Cornelia",Kuchařka pro lenochy,2011,142
"Simpson, Jeff",Psí pamlsky,2011,128
"Vašák, Jaroslav",Bylinková kuchařka,2011,169
"Foršt, Jaroslav",Bio&dítě,2011,155
"Au, Franziska von",Domácí recepty proti nemocem,2011,319
"Daiber, Claudia",Domácí likéry,2011,65
,Kuchařka pro nemocné psychózou,2011,87
"Baowei, Guo",Léčení impotence tradiční čínskou medicínou,2011,145
"Horecká, Zdenka",Pomazánky,2011,128
"Horáčková, Libuše",Kuchařka naší babičky - polévky a předkrmy,2011,30
"Gayler, Paul",Steaky,2011,142
"Palas, Jaroslav",Myslivecká kuchařka,2011,142
"Milatová, Růžena",Kuchařka při onemocnění slinivky,2011,87
"Pospíšil, Jiří",Rybí speciality v Poodří,2011,104
"Lane, Rachel",Zlatá kniha dezertů,2011,608
"Sedlmayerová, Anna",Jak se vařívalo a žilo v jihočeské hájovně,2011,113
,Zelenina mléko vejce a luštěniny ve výživě a přípravě pokrmů,2011,95
"Podlaha, Přemek",Receptář prima nápadů aneb To nejlepší z televizního pořadu Televize Prima,2011,160
"Michopulu, Hana",Recepty z farmářského trhu,2011,275
,Jaro v kuchyni našich babiček a prababiček I,2011,1
"Jiskra, Martin",Dvanáct chutí roku,2011,173
"Smith, Gilly",Fenomén Jamie Oliver,2011,301
"Field, Shoni",Svět koření,2011,80
"Field, Shoni",Svět bylinek,2011,80
"Jayasundera, Z.",Vařím s láskou,2011,131
Peyo,Šmoulí polévka,2011,56
"D'Acampo, Gino",Dieta po italsku,2011,191
"Vašák, Jaroslav",Dětská kuchařka,2011,169
"Platl, Zdeněk",Recepty pro každý den 2012,2011,33
"Thierry, Janet",Vaříme podle pěti elementů,2011,81
"Hrevušová, Radka",Pekárnománie,2011,180
"Salamony, Sandra",1000 nápadů na zdobení dortů a dezertů,2011,320
"Čermáková, Martina",Veg mňamky,2011,119
"Těšínský, David",Recepty pro diabetiky IX 2012,2011,32
"McGuire, Margaret",Lexikon čarodějnických dovedností,2011,95
"Lužná, Dagmar",Makrobiotický léčebný talíř aneb Nemoc není nepřítel I,2011,366
,Česnek,2011,79
"Englichová, Věra",Dieta bez sacharidů,2011,106
"Tinzová, Bohumila",Tajemství slezské kuchyně,2011,64
"Guiliano, Mireille",Francouzky netloustnou,2011,278
"Gans, Heinz K.",Konzervujeme po celý rok,2011,224
"Kotlaba, František",Atlas hub,2011,96
,Brambory,2011,157
,Velká kniha o vaření,2011,544
"Pustelnik, Anastazja",Moučníky sestry Anastázie,2011,271
"Beranová, Magdalena",Jídlo a pití v pravěku a ve středověku,2011,511
"Franklin, Anna",Magické slavnosti letního slunovratu,2011,220
,Zlatá kniha pečení,2011,478
"Smith, Christine",Fondue,2011,127
"Goodman, James",Sushi,2011,128
,Nejoblíbenější koktejly,2011,128
,Evropská menu 2012,2011,18
"Guiliano, Mireille",Francouzky netloustnou,2011,270
"Momčilová, Pavla",Retro kuchařka,2011,141
"Vašák, Jaroslav",Vařím si sám,2011,69
"Kaltenthaler, Birgit",Chutné recepty pro miminko i celou rodinu,2011,159
"Hošková, Miloslava",Hanácká kuchařka,2011,155
"Brown, Debbie",50 tipů na dětský dort,2011,112
"Gültas, Luca-Moritz",Kuchařka pro studenty,2011,143
"Major Sládková, Hana",Babiččiny recepty 2012,2011,31
"Major Sládková, Hana",Babiččiny dobroty 2012,2011,31
"Gabriel, Richard",1000 rad a triků v kuchyni,2011,364
,Báječné recepty 2012,2011,30
"Poláček, Jiří",Dobrou chuť 2012,2011,15
"Březinová, Ivona",Hrnečku vař,2011,133
,Gastronaut,2011,95
,To nejlepší z pořadu Rady ptáka loskutáka,2011,168
"Poláček, Jiří",Česká kuchyně 2012,2011,30
"Siba, Stefan",Vaříme s Jirkou Babicou 2012,2011,30
"Spěvák, Jindřich",Receptář 2012,2011,30
"Hajská, Petra",Recepty pro štíhlou linii 2012,2011,30
"Hajská, Petra",Rok plný sladkostí 2012,2011,30
"Hrbková, Alena",Kluci v akci 2012,2011,30
"Poláček, Jiří",Recepty z Dámského klubu 2012,2011,30
,TOP recepty,2011,95
"Thierry, Janet",Evropa mnoha chutí,2011,81
"Bohne, Burkhard",Bylinky do kuchyně,2011,127
"Volk, Renate",Vaříme s bylinkami,2011,127
"Šebestová, Marcela",Rodinná kuchařka Čtyřlístku,2011,48
"Rystonová, Ida",Byliny na močové cesty,2011,180
"Skopová, Kamila",Rok na vsi aneb Kalendářové vyprávění Dorotky a Jakuba z 19 století,2011,97
"Hajská, Petra",Rok plný sladkostí 2012,2011,29
"Poláček, Jiří",Česká kuchyně 2012,2011,29
,100 nejkrásnějších receptů časopisu FOOD,2011,222
"Nydahl, Ole",O smrti a znovuzrození,2011,270
"Vašák, Jaroslav",Netradiční vegetariánská kuchařka,2011,186
"Rytířová, Helena",Párty kuchařka pro kluky a holky,2011,59
,Krajová kuchařka z regionů Moravy,2011,93
"Hoňková, Iva",Čarodějnická kuchařka pro děti,2011,64
"Kuffer, Sabrina",Benny Blu vaří,2011,31
"Divišová, Monika",Zdravé hubnutí po porodu,2011,104
"Mikule, Tomáš",Vaříme s Italem 2012,2011,31
"Hebr, Josef",Jak vařila paní Stella 2012,2011,31
"Hrbková, Alena",Recepty Zdeňka Pohlreicha 2012,2011,15
"Choutka, Miloš",Sladké potěšení 2012,2011,31
"Adámková, Věra",Zvěřina pro zdraví,2011,25
"Černá, Monika",Nutriční hodnota bramborových hlíz a vlivy působící na její změny =,2011,48
"Schreiberová, Tereza",Chuť Jeseníků,2011,92
,Jak se hubne v Čechách aneb 101 otázek z Dietatour,2011,136
"Oliver, Jamie",Jamie Oliver 30 minut v kuchyni,2011,287
"Doležalová, Alena",Moučníky podle vyzkoušených receptů,2011,188
"Svobodová, Marie B.",Kuchařská škola čili Důkladné navedení k samostatnému naučení se vaření a správné hospodárnosti,2011,910
"Horecká, Zdenka",Saláty pro každou příležitost,2011,277
"Horecká, Zdenka",Moučníky,2011,191
"Paluvová, Kristina",Domácí knedlíky a omáčky,2011,128
"Horecká, Zdenka",Kuchařka,2011,183
"Horecká, Zdenka",Hrníčkové moučníky,2011,191
"Šponarová, Kájina",Chytrá kuchařka,2011,78
"Šponarová, Kájina",Osudová kuchařka,2011,78
"Bodensteiner, Susanne",Kuchařka na hubené časy,2011,142
"Štěpnička, Miloš",Velký rybí receptář Miloše Štěpničky,2011,229
"Babica, Jiří",Babicovy dobroty,2011,187
,Party,2011,163
"Doležal, Vladimír",Hrníčkové moučníky 2012,2011,28
"Loukotková, Jarmila",Jarmila Loukotková vzpomíná vypráví a vaří,2011,183
"Vašák, Jaroslav",Nejlepší recepty,2011,639
"Tinzová, Bohumila",Slezská kuchyně pro den všední i sváteční,2011,74
"Opatrná, Dáša",Kuchařka i pro tatínky III,2011,130
"Gebhardt, Kathrin",Pečeme s konopím,2011,107
"Talandová, Věra",Zdravé sladkosti,2011,64
"Landaw, Jonathan",Princ Siddhártha,2011,93
"Berry, Mary",Dezerty a cukroví,2011,264
"Strnadelová, Vladimíra",Radost z jídla,2011,324
"Chvátalová, Helena",Kuchařka pro báječné tchyně,2011,217
"Smola, Judith",Jak se pečou skřítčí dorty,2011,187
"Muzikářová, Irena",Rady začínající hospodyňce,2011,159
"Adam, Olaf",Odolejte pokušení sladkých a tučných jídel,2011,175
"Trischberger, Cornelia",Kuchařka pro pohodáře,2011,144
"Šafránková, Anna",Cibule jako lék,2011,127
"Hýžová, Anna",Škola živé stravy,2011,110
"Jayasundera, Z.",Vařím s láskou,2011,112
"Schlotter, Katrin",Culinaria Čína,2011,484
"Babica, Jiří",Sváteční vaření u Babiců,2011,73
"Formáčková, Marie",Pivní kuchařka,2011,220
,Jak šmakuje Moravskoslezsko,2011,94
"Biron, Britta",Sladké Vánoce,2011,81
"Karas, Jan",Domácí kuchyně 2012,2011,30
"Karas, Jan",Vaříme zdravě 2012,2011,30
"Karas, Jan",Moučníky a sladkosti 2012,2011,30
"Mikšík, Michal",Houbařský kalendář 2012,2011,30
"Ripcsik, Eva",Kuchařka --plná receptů pro smysluplný život,2011,202
"Mandžuková, Jarmila",Vánoční cukroví,2011,174
"Mandžuková, Jarmila",Potraviny pro zdravou výživu od A do Z,2011,157
"Flaws, Bob",Tao zdravého stravování,2011,125
"Ripcsik, Eva",Kuchařka,2011,202
,Nejlepší koktejly,2011,288
"Simpson, Neil",Pekelný šéfkuchař Gordon Ramsay,2011,302
"Marečková, Jaroslava Vilemína",Cukr na nitku,2011,276
,Adventní a vánoční kuchyně našich babiček a prababiček X,2011,1
"Trnková, Klára",Tajné narozeninové recepty naší babičky,2011,39
"Trnková, Klára",Tajné houbové recepty naší babičky,2011,38
"Malovický, Václav",Co chutnalo a chutná v Pošumaví,2011,280
"Fabešová, Iveta",Slavnostní pečení s Ivetou,2011,191
,Bábovky,2011,107
"Carroll, Richard",Zdobené muffiny,2011,80
"Sauer Kolčavová, Gabriela",Nápadité a šetrné vaření,2011,13
"Karkan, Eduard",Dorty Pavlíny Berzsiové 2012,2011,31
"Mandžuková, Jarmila",Jídlo a pití podle hvězd,2011,159
"Choutka, Miloš",Naše kuchařka 2012,2011,29
"Choutka, Miloš",Naše kuchařka 2012,2011,31
"Škachová, Šárka",Domácí kuchyně 2012,2011,29
"Škachová, Šárka",Domácí kuchyně 2012,2011,31
"Kotyza, Jakub",Vaříme doma 2012,2011,29
"Kotyza, Jakub",Vaříme doma 2012,2011,31
"Škachová, Šárka",Sladký rok 2012,2011,31
,Ryby a plody moře,2011,155
"Holub, Karel",Umění a gastronomie,2011,491
"Bellefontaine, Jacqueline",100 skvělých receptů pro domácí pekárnu,2011,256
"Jelínek, Vlastimil",Kuchařinka,2011,1
,Možnosti stravovacích zařízení k redukci emisí oxidu uhličitého,2011,59
"Mačingová, Antónia",Schůdková metoda hubnutí,2011,213
,Luštěniny,2011,107
,Pomazánky,2011,107
,Řezy,2011,107
"Flousková, Zdeňka",Tradiční kuchařka z Krkonoš aneb Co klohnily naše báby a pantáta s haverlantama zrouna spoucali,2011,39
,Nejlepší domácí zákusky III,2011,34
,Letní recepty,2011,98
"Všetíčková, Eva",Grilování,2011,82
"Trnková, Klára",Pátý rok s Měsícem,2011,79
,Kuchařka moravských vinařek,2011,399
"Grobauerová, Jana",Vaříme ve znamení Měsíce 2012,2011,29
"Horecký, Vladimír",Hospodyňka 2012,2011,33
,Moučníky 2012,2011,29
,Kuchařka Flop aneb Vaše rodinné klenoty,2011,103
,Ryby,2011,107
,Léčivý kalendář pro rok,2011,1
"Hrdý, Miloslav",Všechno je na něco česnek je na všechno,2011,24
"Trnková, Klára",Zahradnický zápisníček,2011,1
,Klatovská vánoční kuchařka,2011,39
"Koudelka, Oldřich",Vzpomínání od myslivecké plotny,2011,144
,Kuchařka české a moravské vesnice,2011,125
"Grofová, Zuzana",Dieta pro vyšší věk,2011,155
,Viet Food Friends,2011,1
,Kuchařka lékařů českých,2011,1
"Studničková Šípková, Olga",Tři týdny s Olgou,2011,85
,Ryby,2011,107
"Brewester, Caroline",Rychlé lahodné dezerty,2012,160
"Skybová, Katarína",Fresh diet,2012,132
"Vaněk, Roman",Poklady klasické české kuchyně aneb Jak to ta babička tenkrát vařila,2012,191
"Fabešová, Iveta",Iveta a české sladkosti,2012,187
"Mikšovic, Alexander",Základní barmanský kurz =,2012,126
,Babiččina rychlá a úsporná kuchařka,2012,384
"Zíbrt, Čeněk",Staročeské umění kuchařské,2012,584
"Socha, Radomír",Sbíráme čirůvky aneb Další chutné houby do naší kuchyně,2012,253
"Goldsack, Gaby",Princezna podává čaj,2012,48
"Lange, Elisabeth",Dieta jen tak mimochodem,2012,223
"Pinka, Karel",Úspěšný hostitel,2012,106
"Guiliano, Mireille",Francouzky umí žít,2012,380
"Fanshaw, Jenny",Jídla za pár minut,2012,704
"Moreno, Mike",17denní dieta,2012,255
"Momčilová, Pavla",Stručná celozrnná bio kuchařka,2012,67
"McCloskey, Jess",Lahodné dárky,2012,144
"Porebská, Hana",Jak se neztratit v kuchyni,2012,245
,Hubněte ve spánku,2012,191
"Matthaei, Bettina",Kuchařka podle jógy,2012,143
"Koldová, Miluše",Kouzlo perníčků,2012,103
"Vašák, Jaroslav",Slovácká kuchyně,2012,206
"Au, Franziska von",Domácí recepty proti nemocem,2012,319
,Rychlá jídla z 5 přísad,2012,320
,Kuchařka marketingu pro vzdělávací instituce,2012,102
"Kejřová, Anuše",Malá úsporná kuchařka,2012,343
"Kabačenko, Serhij",Dětská kuchařka,2012,127
"Pohlreich, Zdeněk",Vejce nebo slepice,2012,184
"Lusk, Stanislav",Naše ryby,2012,96
"Gahm, Bernhard",Uzení nakládání a konzervování masa,2012,125
,Aloe vera,2012,79
,Ocet,2012,79
"Dyk, Vladimír",Vše o uzení,2012,120
"Janoušková, Jana",Kuchařka pro tělo i duši (II),2012,151
"Škoda, Martin",Škoda nevařit,2012,219
"Lamschová, Petra",Jídlo jako životní styl II,2012,244
"Bendová, Ludmila",Čínská dietetika v moderním světě,2012,108
"Vašák, Jaroslav",Krkonošská a podkrkonošská kuchyně,2012,182
,Atmosféra Vánoc,2012,285
"Drápal, Dan",Večeře Páně,2012,68
,Dobroty s příběhem,2012,120
"Bojdová, Lenka",Kuchařka pro novomanželky aneb Láska prochází žaludkem,2012,76
,Nápady do kuchyně,2012,63
"Košanová, Marcela",Kuchařka pro čarodějky aneb Jak vyčarovat domácí štěstí,2012,220
"Mandžuková, Jarmila",Dělená strava,2012,104
"Trnková, Klára",Tajné nedělní recepty naší babičky,2012,39
"Trnková, Klára",Šestý rok s Měsícem,2012,30
"Orey, Cal",Zázračná síla medu,2012,343
"Cox, Jeff",Bylinky v kuchyni,2012,192
,Dorty a dezerty,2012,155
"Heisch, Annette",Chutné polévky,2012,159
"Kittler, Martina",Lahůdky z masa,2012,159
,Kuře pokaždé jinak,2012,319
"Karmel, Annabel",100 nejlepších těstovinových pokrmů,2012,147
"Trhoňová, Iva",Remoska v moderní kuchyni,2012,107
"Langerová, Sabina",Žahúři v Jindřichově Hradci,2012,85
"Vašáková, Jana",Velký dietní plán aneb 12 jídelníčků na celý rok,2012,238
"Veit, Elisabeth",Ájurvéda,2012,160
"Martin, Pavel",Grilujeme doma i na zahradě,2012,152
"Bourdain, Anthony",Důvěrnosti z kuchyně,2012,306
"Žák, Lenka",Víme co jíme,2012,175
"Pecháčková, Dita",Deník Dity P,2012,271
,Levné recepty,2012,107
"Talandová, Věra",Přirozená živá strava,2012,91
,TOP recepty,2012,96
"Sedláčková, Hana",Technologie přípravy pokrmů 6,2012,123
"Holubová, Renata",Kulinářská fyzika,2012,67
"Pils, Ingeborg",Kuchařské suroviny,2012,384
"Vašák, Jaroslav",Valašská kuchyně,2012,245
"Lawson, Nigella",Život je hostina,2012,480
,Česko na talíři,2012,197
"Milolidakis, Irini",Tradiční krétská kuchařka,2012,143
"Pohlreich, Zdeněk",Šéf na grilu II,2012,203
,Květinové víly a jejich tajemný svět,2012,200
"Babica, Jiří",Babicovy fotbalové dobroty,2012,125
"Pohlreich, Zdeněk",Šéf na smetaně,2012,119
,Polévky,2012,107
,Dětské laskominy z ovoce a zeleniny,2012,62
"Rosen, Zilly",Morbidní muffiny,2012,80
"Thierry, Janet",Zadáno pro labužníky,2012,81
"Havlů, Karina",Vaříme v titanovém nádobí,2012,157
"Martin, Pavel",Houbová kuchařka,2012,137
,Těstoviny,2012,156
"Kuntzmannová, Miroslava",S trochou nostalgie aneb Jak se vařilo a jedlo za císaře pána,2012,207
"Beneš, Josef Rudolf",CZ-DE-AJ výkladový slovník s popisy pokrmů a nápojů české kuchyně,2012,44
"Jakouběová, Vladimíra",Z babiččiny zahrádky do dědova sklípku,2012,176
"Kimpel, Roger",Grilování,2012,304
"Bauer, Lina",Dobrůtky pro psy,2012,64
"Bardi, Carla",Bábovky pokaždé jinak,2012,128
"Těšínský, David",Recepty pro diabetiky 2013,2012,32
"Sever, Shauna",Marshmallow,2012,92
"Šimková, Hana",České bezlepkové pečení,2012,96
"Lišková, Nana",Kuchařka pro upíry,2012,167
"Zíbrt, Čeněk",Česká kuchyně za dob nedostatku,2012,211
"Oliver, Jamie",Moje Velká Británie,2012,407
"Tepperwein, Kurt",Probuzení do skutečného bytí,2012,206
"Poláček, Jiří",Mezinárodní gastronomie,2012,129
,Bio s chutí,2012,88
"Heisch, Annette",Báječné dorty a jiné moučníky,2012,288
"Štěpnička, Miloš",Udíme ryby s Milošem Štěpničkou,2012,160
,Sushi,2012,85
"Vaněk, Roman",Kouzlo kuchyně Čech a Moravy aneb Dědictví našich babiček,2012,221
"Michelson, Patricia",Sýry,2012,304
"Tvrdá, Alena",Mňaminky od maminky,2012,103
"Hastings, Harriet",Polévané perníčky,2012,159
"Kohout, Pavel",Zácpa - dieta a doporučená opatření,2012,73
"Zavan, Laura",Těstoviny,2012,256
"Saxlová, Magda",Moderní židovská kuchařka aneb Šoulet a jiné básně,2012,119
"Dahl, Roald",Vzpomínky z kuchyně aneb Jak se vaří v Gipsy House,2012,331
"Georgieva, Ivana",Jídlem ke zdraví,2012,137
"Gottlieb, Adam",Recepty z konopí,2012,109
"Holík, Pavel",Nejoblíbenější jídla krále komiků,2012,158
"Pustelnik, Anastazja",Saláty sestry Anastázie,2012,143
,Culinaria Francie,2012,468
"Shabtay, Shahaf",Osm chutí Asie,2012,178
"Moskowitz, Isa Chandra",Jíme zdravě,2012,278
"Vašáková, Jana",Jezte česky,2012,236
"Říha, Vladimír",Stévie sladká,2012,54
"Sklenář, Zbyněk",Magistraliter receptura ve stomatologii,2012,335
"Poláček, Jiří",Česká kuchyně 2013,2012,30
"Poláček, Jiří",Česká kuchyně 2013,2012,29
"Hajská, Petra",Bramborová kuchařka 2013,2012,29
"Hajská, Petra",Rok plný sladkostí 2013,2012,29
"Vaiglová, Šárka",Zapejkačky nové i tradiční,2012,199
"Poláček, Jiří",Nejlepší recepty z dámského klubu 2013,2012,30
"Hrbková, Alena",V kuchyni se Zdeňkem Pohlreichem 2013,2012,15
"Spěvák, Jindřich",Receptář 2013,2012,30
"Rytířová, Helena",Světová kuchařka pro kluky a holky,2012,59
"Požárová, Lenka",Zapálená kuchařka Lenka Požárová 2013,2012,30
,Grilování 2013,2012,30
,Evropská menu 2013,2012,18
,Naše kuchyně 2013,2012,13
"Jayasundera, Z.",Vařím s láskou,2012,131
,Vánoce,2012,156
"Junková, Eliška",Kuchařka Elišky Junkové,2012,107
"Dolejš, Roman",Svět na pánvi aneb Cesta k šéfkuchařské čepici,2012,208
"Lazarová, Monika",Sladké mlsání z mámina notýsku,2012,200
"Jachnin, Petr",Jachninovy taštičky,2012,111
"Vašák, Jaroslav",Chodská kuchyně,2012,151
"Vašák, Jaroslav",Borůvková kuchařka,2012,97
"Vaccariello, Liz",Dieta plochého bříška,2012,343
,Velká kniha vaření,2012,496
,Den bez masa,2012,240
,Pečeme perníčky,2012,80
"Chourová, Iva",Makrobiotická kuchařka,2012,342
"Brumovská, Aida",Stůl plný dobrot,2012,117
"Schmidtová, Eva A.",Čítanka o jídle aneb Jak se tenkrát jídávalo,2012,205
,Makronky,2012,80
"France, Christine",1 těsto 100 palačinek lívanců a vaflí,2012,224
Nyanaponika Thera,Jádro buddhistické meditace,2012,259
"Polačko, Martin",Když vaří táta,2012,230
"Thompson, Jack",Vaříme pivo,2012,164
"Trnková, Klára",Tajné zeleninové recepty naší babičky,2012,39
"Čermáková, Dana",Hvězdy kuchyně,2012,223
"Villa, Mariagrazia",Vejce,2012,127
"Villa, Mariagrazia",Rajčata,2012,127
,Vaše krabičková dieta,2012,219
"Hamilton, Andy",Chlast za hubičku,2012,274
"Berzsiová, Pavlína",Hrníčkové pečení aneb Sladké recepty bez vážení,2012,286
"Sládková, Jana",Tradiční venkovská kuchařka,2012,726
"Fialová, Juliana Anna",Tradiční česká kuchařka,2012,557
"Šafránková, Anna",Vaříme bez cholesterolu,2012,130
"Setchfield, Neil",No fuj,2012,238
"Jager, Prashanti de",Kurkuma,2012,128
"Doležal, Vladimír",Hrníčkové moučníky 2013,2012,28
"Pohlreich, Zdeněk",Už dost šéfe,2012,198
"Horecká, Zdenka",Sladká hrníčková kuchařka,2012,128
"Paluvová, Kristina",Guláše na mnoho způsobů,2012,128
"Mikšovic, Alexander",Bar do kapsy,2012,256
"Kindl, Roman",Netradiční kuchařka,2012,112
"Ridi, Emanuele",Léto s Italem,2012,261
,Sladkých 50 receptů z Městské knihovny Louny,2012,100
"Čapov, Ivan",První česko-moravská chirurgická kuchařka aneb Jak to dělám já (chirurgové sobě),2012,239
"Ulíková, Jana",Originální krabičková dieta,2012,191
,Gastronaut 2013,2012,99
"Škachová, Šárka",Domácí kuchyně 2013,2012,32
"Poláček, Jiří",Česká kuchyně 2013,2012,29
"Karas, Jan",Sladké recepty 2013,2012,30
"Pišová, Jana Florentýna",Kuchařka pro dceru 2013,2012,30
"Vodochodský, Ivan",Domácí kuchyně 2013,2012,30
"Trnková, Klára",Babiččiny nepostradatelné rady pro vaření,2012,71
"Babica, Jiří",Jiří Babica na cestách,2012,194
"Pišová, Jana Florentýna",Hovory s řezníkem,2012,343
"Salfellner, Gabriela",Nejlepší recepty ck dvorní kuchyně,2012,80
"Sapík, Jaroslav",Můj divotvorný hrnec,2012,170
"Perlmutter, David",Posilovna pro mozek,2012,245
"Jan, Libor",Jihomoravské vaření s vínem,2012,143
"Joachim, David",Jídlo jako lék na vysoký tlak,2012,288
"Levá, Renata",Nebyla jsem velká byla jsem tlustá,2012,254
,Regionální kuchařka,2012,29
"Rytířová, Helena",Kuchařka pro tebe,2012,319
,Fotokuchařka Asie,2012,224
"Purviance, Jamie",Velká kniha grilování s Weberem,2012,320
"Jonáš, Petr",MasterChef,2012,261
"Čeřovský, Miroslav",O lahůdkách pro spotřebitele,2012,11
,Jak šmakuje Moravskoslezsko 2012,2012,106
"Motalová, Veronika",Česká kuchařka,2012,136
"Trnková, Klára",Vánoce z babiččina kapsáře,2012,95
"Málková, Iva",Nakupujeme s rozumem vaříme s chutí,2012,302
"Linduška, Petr",No deť,2012,111
,Pečuj a vypečeme tě zpráva o neplacené práci v ČR,2012,79
"Mikyta, Tomáš",Jihoamerická kuchyně pro studenty,2012,56
"Bittermann, Josef",Velký český kuchařský lexikon,2012,783
"Hrdý, Miloslav",Česnek ničím nenahradíš,2012,168
"Klánová, Eva",Gastronomie v toku času I,2012,244
"Bardi, Carla",Špagety,2012,320
"Zábranská, Ivana",Vaříme dětem,2012,66
"Scheer, James F.",Magie semínek chia,2012,175
"Červená, Helena",Jak se dříve vařívalo,2012,31
"Hronek, Miloslav",Strava těhotných a kojících,2012,151
"Grofová, Zuzana",Dieta na podporu hojení ran,2012,190
"Ulbrich, Tomáš",Technologie přípravy pokrmů,2012,110
"Tuhý, Radan",Život s dietou,2012,
"Rystonová, Ida",Byliny na jídlo a čarování,2012,414
,Sladké a slané recepty pro každý sváteční den,2012,121
"Doležalová, Alena",Kuchařka - hrníčkové moučníky,2012,101
,Prostřeno ViP,2012,246
"Stupka, Petr",Kuchařské čarování Petra Stupky,2012,160
"Stupka, Petr",Kuchařské čarování,2012,160
"Gottlieb, Adam",Recepty z konopí,2012,109
"Sedláček, Rostislav",Hrnečku měř 2013,2012,31
,Kuchyně našich krajů 2013,2012,31
,Máme rádi brambory,2012,111
,Sladké hrníčkové moučníky,2012,191
,Okupační kuchařka,2012,54
"Trnková, Klára",Lunární kalendář našich babiček 2013,2012,30
"Doležalová, Alena",Domácí krabičková dieta,2012,3
"Kushi, Michio",Makrobiotikou ke skutečnému zdraví,2012,614
,Gourmet,2012,98
"Vaněk, Roman",Kouzlo kuchyně Čech a Moravy aneb Dědictví našich babiček,2012,221
"Carluccio, Antonio",Dva italští gurmáni,2013,208
"Janků-Sandtnerová, Marie",Klasická česká kuchařka,2013,423
"Beaupré, Christine de",Recepty malého Mikuláše,2013,125
"Veruzabová, Ivana",Česká a slovenská kuchařka,2013,115
"Pighin, Gerda",Chutně bez cholesterolu,2013,127
"Guzek, Gaby",Plísňová onemocnění,2013,215
"Matthaei, Bettina",Vegetariánská kuchyně pro labužníky,2013,200
"Suchý, Ondřej",Pokrmy kořeněné smíchem,2013,166
"Altshul, Sara",Léky z kuchyně,2013,384
"Joyce, Jennifer",Menu pro vysoké podpatky,2013,185
"Müller, Sven-David",Chutně pro diabetiky,2013,96
,Zdravě vařit zdravě jíst,2013,479
"Strawbridge, Dick",Konzervování a zavařování,2013,176
"Strawbridge, Dick",Nakládání a uzení,2013,176
"Rösler, Julius",Myslivcova kuchařka,2013,70
"Talpová, Zdenka",Rychlé večeře,2013,143
"Velemínský, Miloš",Anticholesterolová kuchařka,2013,139
"Pohlreich, Zdeněk",Bravo šéfe,2013,60
,40 velikonočních receptů,2013,99
"Samant, Michaela",Jak chutná masala,2013,136
,Drůbež,2013,156
"Froböse, Ingo",Zhubněte navždy,2013,160
,Kuchařka za babku,2013,34
"Fletcher, Nichola",Klobásy párky a salámy,2013,224
"D'Acampo, Gino",Italská kuchyně jednoduše a rychle,2013,175
"Simonsohn, Barbara",Stévie,2013,238
"Coy, Johannes F.",Výživou proti rakovině,2013,192
"Peterson, James",Co by měl vědět správný kuchař,2013,432
"Ripley, Fay",Co bude dnes k večeři,2013,239
"Šímová, Miluše",Tvoříme z těsta od jara do zimy,2013,79
"Beckett, Fiona",O sýrech,2013,160
"Vijayakar, Sunil",Neodolatelné nanuky,2013,78
"Procházková, Simona",Buďme zdraví na jaře i v létě,2013,147
"Gianfrancesco, Richard",Potraviny z vlastní zahrady,2013,256
"Krajčíková, Kamila",Bezlepková kuchařka 3,2013,80
"Grabherr, Thibault",Z prezidentské kuchyně,2013,1
"Bretherton, Caroline",Pečeme,2013,544
"Baláková, Alena",Tradiční recepty --bez lepku--,2013,182
"Schäfer, Birgit",Vaříme zdravě pro děti bez mléka vajec pšenice a sóji,2013,128
,Recepty prima nápadů,2013,205
,Muži sobě,2013,277
"Hansch, Susanne",Benny Blu peče,2013,32
Činul,Cesta k probuzení v tradici korejského buddhismu,2013,187
"Steen, Celine",500 veganských receptů,2013,494
"Vaiglová, Šárka",Saláty a pomazánky,2013,199
"Poschet, Jutta",Dieta pro posílení imunity,2013,152
"Duve, Karen",Jíst slušně,2013,261
"Manning, Drew",Z hubeňoura tlouštíkem a zase zpátky,2013,255
"Vašák, Jaroslav",Slezská kuchyně,2013,215
"Cordain, Loren",Paleo dieta,2013,263
"Hoerner, Lionel",Hravé těstoviny,2013,44
"Roberts, Annalise G.",Život bez lepku - kuchařka pro pevné zdraví,2013,301
Jan Braai,Grilování,2013,200
"Piętak, Stanislav",Křest a Večeře Páně,2013,23
"Hrevušová, Radka",Guláše z hrnce i kotlíku,2013,109
"Hirsch, Siegrid",Kniha osvědčených bylinkových receptů,2013,191
"Okamura, Tomio",Velká japonská kuchařka,2013,150
"Raduševa Herber, Renata",Kouzelný rendlíček našich babiček,2013,191
"Neumannová, Eva",Adamova dieta,2013,131
"Vašák, Jaroslav",Ovocná kuchařka,2013,127
"Michaels, Jillian",Ovládněte svůj metabolismus,2013,271
"Preece, Rob",Odvaha cítit,2013,156
"Pollan, Michael",Dilema všežravce,2013,367
"Doležalová, Alena",Bifteky řízky a další výborná masíčka,2013,109
"Lamschová, Petra",Velký dietní plán II aneb Jezte chytře od ledna do prosince,2013,214
,Grilování,2013,156
"Doležalová, Alena",Stévie místo cukru,2013,172
"Jarošíková, Blanka",Vaříme z přírody,2013,220
"Pohlreich, Zdeněk",Vařte jako šéf,2013,196
"Kolláriková, Zdeňka",Moje BIO pochoutky,2013,108
"Skopová, Kamila",Chrudimský kuchtánek aneb Gastronomické putování po kraji chrudimském,2013,129
"Křížková, Hana",U stolu s Hankou Křížkovou,2013,109
"Mosley, Michael",Dieta jinak,2013,253
"Purviance, Jamie",Kuřecí maso,2013,144
"Purviance, Jamie",Vegetariánské grilování,2013,144
,České masné výrobky,2013,108
,Vegetariánská strava v léčbě diabetu,2013,326
"Havlů, Karina",Karina vaří s Deníkem,2013,200
,Jídla z pánve a woku,2013,159
,Čerstvé saláty a zálivky,2013,159
"Lucque, Riccardo",Italská kuchyně,2013,173
,Vaření v páře,2013,64
"Zázvorková, Stella",Se Stellou v kuchyni,2013,278
"Berry, Mary",Škola vaření pro celou rodinu,2013,493
"Fulton, Venice A.",OMG dieta,2013,277
"Filipová, Eva",S Evou v ráji,2013,210
,Suši,2013,96
"Novotná, Irena",Jak chutná Prácheňsko,2013,20
"Kovář, Ladislav",Vaříme z hub,2013,199
"Čechová, Marie",Základní hrníčková kuchařka,2013,254
"Carr, Kris",Bláznivá sexy dieta,2013,272
"Kovářů, Dagmar",Bezlepková a bezmléčná dieta,2013,119
"Šimková, Hana",České bezlepkové slavnostní pečení,2013,95
"Assitan, Katri",Africká kuchařka,2013,104
"Mrázková, Eva",Hurá do kuchyně,2013,64
"Bellersen Quirini, Cosima",Domácí uzeniny,2013,143
,Grilování,2013,240
,Saláty,2013,240
,Ovocné koktejly,2013,240
,Zmrzliny,2013,236
,Koktejly,2013,240
,Moderní kuchyně,2013,239
"Boom, Felix",Kuchařka osamělého muže,2013,148
"Delevová, Inka",Papričky a knedle aneb Od malíře na talíře,2013,99
"Procházková, Kamila",Celoroční plánovací kuchařka,2013,184
"Fleetwood, Jenni",Med,2013,96
"Kabačenko, Serhij",Dětská kuchařka,2013,127
,Česká kuchyně 2014,2013,14
"Jaros, Patrik",Nejchutnější drobenkové koláče pro každou příležitost,2013,95
"Šichtařová, Markéta",Citlivá kuchyně aneb Štíhle zdravě bez alergie bezlepkově bez mléka bez chemie i pro začátečníky a úžasně chutně,2013,254
"Lawson, Nigella",Chuť domácí kuchyně,2013,485
"Fehringer, Andrea",Menu à la Alnatura,2013,72
"Pawlowská, Halina",Zeptej se mámy aneb 100 receptů jak se dožít 100 let,2013,229
,Česká kuchyně 2014,2013,29
,Česká kuchyně 2014,2013,30
"Hrbková, Alena",V kuchyni se Zdeňkem Pohlreichem 2014,2013,15
"Hrbková, Alena",Rok plný sladkostí 2014,2013,30
"Froyda, Martin",Kluci v akci 2014,2013,30
,Grilování 2014,2013,30
,Receptář 2014,2013,30
,Na houbách 2014,2013,30
,Těstovinová kuchařka 2014,2013,29
"Hrbková, Alena",Rok plný sladkostí 2014,2013,29
,Moučníky,2013,155
"Harper, Bob",Pravidla hubnutí,2013,292
"Vaiglová, Šárka",Slané a sladké koláče a pizzy,2013,199
"Skopová, Kamila",Rodinné stříbro aneb Klenoty domácí kuchyně,2013,239
,Sběr a zpracování tradičních planě rostoucích rostlin (Traditional and wild),2013,28
,Cukety & dýně,2013,79
"Mayes, Frances",Vaříme s toskánským sluncem,2013,223
"Richtárová, Eva",(Ne)krabičková dieta,2013,335
,Raději vidličky než nože,2013,212
"Galbičková, Jana",Kuchařka Podorlicka,2013,42
,Mamma mia aneb To nejlepší od italských matek,2013,157
"Kavka, Miloš",Ryby ostatní vodní živočichové a výrobky z nich,2013,28
"Příhoda, Josef",Chléb a pečivo,2013,19
"Moriyama, Naomi",Japonky nestárnou ani netloustnou,2013,252
,Sůl,2013,79
,Česnek,2013,79
"Selmi, Elisa",Italština pro gourmety,2013,103
"Georgieva, Ivana",Jídlem k rovnováze a zdraví,2013,134
"Těšínský, David",Recepty pro diabetiky XI 2014,2013,32
"Le Billon, Karen",Francouzské děti jedí všechno,2013,283
"Petráková, Blanka",Luhačovické kuchyně,2013,122
,Těstoviny,2013,608
,Kuchařka proti stárnutí,2013,255
"Lužná, Dagmar",Makrobiotické nedělní vaření,2013,247
"Procházka, Zdeněk",Recepty ze zámeckých kuchyní aneb Pochoutky ze šlechtických sídel konce 19 století =,2013,143
"Soeffker, Sigrid",Vaříme a pečeme zdravě pro děti bez lepku,2013,128
"Verma, Vinod",Ájurvédská kuchařka,2013,215
"Mayer, Joachim",Bylinky do kuchyně,2013,124
,Tak chutná Hanácké Slovácko,2013,95
"Pohlreich, Zdeněk",Česko vaří s Pohlreichem,2013,197
"Temrová, Pavla",Realitní kuchařka,2013,143
"Koch, Herman",Večeře,2013,286
"Fournier-Rosset, Jany",Recepty svaté Hildegardy,2013,139
"Tomášková, Markéta",Pohádková kuchařka,2013,51
"Ridi, Emanuele",Pasta e basta,2013,220
,Celiakie,2013,128
"Bardi, Carla",Čokoláda,2013,416
,Vafle a palačinky,2013,240
,Košíčky a muffiny,2013,240
,Rychlé moučníky,2013,240
,Cukroví,2013,240
,Zdobení dortů,2013,240
,Minidortíky,2013,240
,Sexy moderní česká kuchyně,2013,207
"Milan, Peter S.",Vánoční dobroty,2013,47
,Recepty naší rodiny,2013,237
"Silk, Danny",Kultura cti,2013,160
"Olša, Jaroslav",Exotické kouzlo kuchyně Malajsie =,2013,141
,Regionální kuchařka Hané a Jeseníků,2013,24
"Dvořáková, Blanka",Food blogeři,2013,223
"Kovaříková, Blanka",Kuchařka plná vzpomínek,2013,297
"Fabešová, Iveta",Sladké a veselé s Ivetou,2013,106
"Gedda, Gui",Provence,2013,352
"Myšičková, Barbara",Fishmenu,2013,240
"Canfield, Jack",Slepičí polévka pro duši,2013,321
"Škachová, Šárka",České tradiční recepty 2014,2013,32
"Choutka, Miloš",Hrnková kuchařka 2014,2013,32
"Doležal, Vladimír",Hrníčkové moučníky 2014,2013,28
"Přecechtěl, Tomáš",Veletucet medových receptů,2013,57
"Vaněk, Roman",Klenoty klasické evropské kuchyně,2013,263
"Oliver, Jamie",15 minut v kuchyni,2013,287
,Koktejly,2013,703
"Sladká, Alena",Úvod základů přednášek technologie přípravy stravy,2013,191
"Pospěchová, Petra",Regionální kuchařka,2013,280
"Požárová, Lenka",Cukety,2013,56
"Požárová, Lenka",Rajčata,2013,56
"Požárová, Lenka",Dýně,2013,56
"Požárová, Lenka",Lilek,2013,56
"Hýžová, Anna",Škola živé stravy,2013,216
"Bartošová, Denisa",Láska prochází kuchyní,2013,176
"Doležalová, Alena",Neodolatelné krémové moučníky,2013,197
,Slané pečení,2013,156
,Bon appétit aneb Lekce francouzské kuchyně,2013,158
"Šímová, Irena",Filozofie jídla,2013,126
"Kuntzmannová, Miroslava",Kuchařka pod párou,2013,155
"Beránek, Martin",Naše francouzská kuchyně,2013,99
"Zelená Křížová, Helena",(Nejen) Horácká kuchařka aneb Povídání o jídle vaření zvycích a tradicích,2013,116
"Strnadelová, Vladimíra",Radost ze zdravých dětí,2013,437
"Matwikow, Bohdan",Revoluce v dietách aneb Co vám v ordinaci neřeknou,2013,214
"Teprt, Lubomír",Kuchařka z farmářských trhů,2013,123
"Poštulka, Vladimír",Příběhy a recepty nejslavnějších televizních kuchařů světa,2013,123
,Cestování za jídlem,2013,244
"Malijevský, Igor",Hladová kuchařka,2013,115
"Ferriss, Timothy",Čtyřhodinový šéfkuchař,2013,662
"Strnad, Vladimír",Vaříme s Chody,2013,143
"Kostelka, Lubomír",Nejen v hospodách s Vláďou Menšíkem,2013,266
"Ripcsik, Eva",Kuchařka šťastného života,2013,200
"Kinterová, Jitka",Pečeme sváteční sladkosti,2013,83
"Pospíšilová, Iva",Nejlepší recepty michelinského kuchaře Romana Pauluse,2013,146
"Fialová, Silvie",Recepty s příběhem,2013,222
"Villa, Mariagrazia",Brambory,2013,127
"Grazia, Mario",Čokoláda,2013,127
"Di Niso, Gianfranco",Koktejly,2013,127
"Grazia, Mario",Těstoviny,2013,127
"Villa, Mariagrazia",Saláty,2013,127
"Mintalová, Zora",Pečeme na Vánoce,2013,127
"Black, Jessica",Protizánětlivá strava,2013,241
"Forbes, Kevin",Domácí vaření piva,2013,160
"Karkan, Eduard",Koláče na celý rok 2014,2013,31
Abhajadátta,Životy osmdesáti čtyř mahásiddhů =,2013,217
"Brussová, Kateřina",Sladká kuchařka,2013,162
"Faktor, Viktor",Hlemýždi ve světových kuchyních,2013,207
"Rozmarová, Olga Růžena",Staročeská myslivecká kuchyně,2013,381
"Verny, Jules",Cesta kolem světa v 2krát osmdesáti receptech,2013,135
"Rawlings, Hana",Sladký design,2013,243
"Suchý, Vladimír",Kuchyně mnoha tváří,2013,285
,Desatero dobré hospodyně,2013,88
"Milatová, Růžena",Kuchařka při onemocnění dnou,2013,76
"Pokorová, Petra",Výživa dialyzovaných pacientů,2013,139
"Virtue, Doreen",Kuchařka syrové stravy,2013,173
"Horecká, Zdenka",Domácí těstoviny a recepty na jídla z těstovin,2013,295
"Carpenter, Autumn",Zdobení dortů,2013,328
,Ovocné a nepečené hrníčkové moučníky,2013,240
"LaBau, Elizabeth",Sladká kniha domácích bonbonů,2013,160
,Párty kuchařka pro děti,2013,60
"Pechová, Jaroslava",Hrníčková kuchařka,2013,200
"Pechová, Jaroslava",Hrníčková kuchařka,2013,146
"Čermáková, Dana",Pohlreich,2013,143
"Szalaiová, Romana",Babiččiny pochoutky,2013,1
,Kuchařka krajových receptů,2013,105
"Sklenář, Zbyněk",Magistraliter receptura ve stomatologii,2013,335
"Mach, Ivan",Nedietář 2014,2013,114
"Karas, Jan",Česká kuchyně 2014,2013,29
"Šebelová, Marie",Potraviny a výživa,2013,114
"Karas, Jan",Vaříme zdravě 2014,2013,30
"Karas, Jan",Vaříme s chutí 2014,2013,30
,Sladké recepty 2014,2013,30
,Domácí kuchyně s Ivanem Vodochodským 2014,2013,30
"Pišová, Jana Florentýna",Kuchařka pro dceru 2014,2013,1
"Ihnačák, Marcel",Zelenina moje láska,2013,247
,Sladké mámení,2013,32
Adirádža dása,Krišnova vegetariánská kuchařka,2013,301
"Légl, Miroslav",Vaříme bez soli,2013,407
"Košíková, Irena",Vaří Čirina,2013,151
"Lunch, Lydia",Máš-li hlad tak ho hlaď,2013,175
"Chaloupka, Vít",Hubneme s alkoholem aneb Jak skloubit alkohol s dietou správnou výživou a formováním postavy,2013,127
,Domácí kuchařka s dobrými radami,2013,352
,Jednoduché hrníčkové moučníky,2013,190
,Z farmy až na talíř,2013,111
,Snadné muffiny,2013,206
,Snadné těstoviny,2013,206
,Snadné kuře,2013,206
,Lahodná čokoláda,2013,256
"Corrett, Natasha",Opravdu zdravě,2013,192
"Gongol, Tomáš",Zákon o ochraně osobních údajů a nakládání s citlivými údaji,2013,1
"Zapletalová, Hanka",Nevšední gurmán aneb Kuchařka pro zdravé tělo i duši,2013,179
"Kratochvílová, Vendula",Svět v kuchyni,2013,12
,Holky jdeme vařit,2013,96
"Malovický, Václav",Bez vody neuvaříš,2013,256
"Dvořáková, Anna",52 lákavých inspirací na pečení na plechu,2013,127
"Babica, Jiří",Aston představuje,2013,52
,Kuchařka II české a moravské vesnice,2013,111
"Trnková, Klára",Lunární kalendář našich babiček 2014,2013,30
"Karásková, Taťána",Gastronomie - technologie výroby,2013,127
,Vaříme s Cambridge Weight Plan zdravě rychle chutně,2013,145
"Kanselová, Marie",Sladké hrníčkové moučníky 2014,2013,28
"Kindl Nováková, Táňa",Poetická kuchařka,2013,31
"Trnková, Klára",Sedmý rok s Měsícem,2013,30
"Francová, Eva",Kuchařka ze Svatojánu,2013,1
,Sushi,2013,85
"Mazánek, Jiří",Píseň mého srdce,2013,1
"Havlíček, Petr",Superjídelníček,2013,1
"Oliver, Jamie",Jamie Oliver 30 minut v kuchyni,2013,287
"Oliver, Jamie",Jamie Oliver 30 minut v kuchyni,2013,287
,Albert v kuchyni,2013,207
,Zepter receptář,2013,144
"Varady, Krista",Dieta každý druhý den,2014,220
"Lazarová, Monika",Moderní česká kuchařka aneb Návrat k domácí stravě,2014,180
"Müller, Sven-David",Chutně při artróze a artritidě,2014,85
"Sano, Makiko",Suši dieta,2014,128
"Fuhrman, Joel",Skoncujte s cukrovkou,2014,256
"Dowden, Angela",Dieta 52,2014,144
"Armbrust, Bernd",Chléb,2014,166
"Kinclová, Pavlína",Správná kuchařka s fantazií,2014,176
"Müller, Sven-David",Chutně po infarktu,2014,93
"Carluccio, Antonio",Dva italští gurmáni jedí po italsku,2014,192
"Pospíšilová, Zuzana",Hravá škola vaření,2014,87
"Weimer-Koschera, Susanne",Bezlepkové recepty pro děti,2014,116
"Štift, Jiří",Dobrého kari není nikdy dost--,2014,221
,Muffiny,2014,128
"Peterson, James",Jednoduchá kuchyně,2014,256
"Vašák, Jaroslav",Česká domácí kuchařka,2014,679
,Nudle a těstoviny,2014,160
,Nákypy a gratinovaná jídla,2014,160
"Stádník, Petr",Kulinářská inspirace,2014,352
"Kotrba, Miroslav",Velká diabetická kuchařka,2014,193
"Pustelnik, Anastazja",100 nových moučníků sestry Anastázie,2014,207
"Rogge, Anne",Dárky z přírody,2014,144
"Petrová, Jana",Základy výživy pro stravovací provozy,2014,307
"Prokop, Petr",Rajčata,2014,78
"Bezděk, Jaroslav",Výroba uzenin specialit a konserv,2014,159
"Reichel, Dagmar",Vaříme malým dětem,2014,142
O-rgyan,Planoucí záře,2014,508
"Wignall, Judita",Živá kuchyně cesta ke zdraví,2014,192
"Vašák, Jaroslav",Pomazánky,2014,151
"Müller, Sven-David",Chutně při revmatismu,2014,80
"Coates, Wayne",Zázračné semínko chia,2014,247
"Dowden, Angela",Dieta 5  2,2014,160
"Doležal, Vladimír",Z babiččina receptáře,2014,253
"Barnard, Neal D.",Jídlo pro váš mozek,2014,280
"Cohen, Jean-Michel",Pařížská dieta,2014,282
"Hamilton, Amanda",Jez posti se hubni,2014,295
"Blažčíková, Kateřina",Tajemství Pepka námořníka,2014,125
"Vašák, Jaroslav",Regionální kuchařka z Čech Moravy a Slezska,2014,202
,Koláče,2014,160
,Polévky,2014,165
,Sýry,2014,157
"Pišová, Jana Florentýna",Kuchařka pro dceru,2014,389
"Váchová, Růžena",Recepty nejen ze staré Šumavy,2014,148
"Habisreutinger, Julei M.",Chutně a zdravě i po šedesátce,2014,319
"Floriánková, Marcela",Zdravý životní styl a jídelníček pro seniory,2014,168
"Lawson, Nigella",Vaříme expres,2014,318
"Koudelka, Karel",Vařili jsme pro Českého lva aneb Byli jsme v žitě,2014,117
"Kobylinský, Jaroslav",Ohňová kuchařka,2014,63
,Laskončina kuchařka pro malé kuchtíky,2014,31
"Fuhrman, Joel",Superimunita,2014,326
"Vonderstein, Sabine",Nejchutnější ovocné koláče pro každou příležitost,2014,96
"Polman, Marcus",Dokonalý steak,2014,176
"Frič, Václav",Jak nakupovat a zpracovávat maso,2014,159
"Gregora, Martin",Jídelníček kojenců a malých dětí,2014,189
"Forejtová, Jitka",Grilujeme po česku,2014,111
"Havlová, Vladimíra",Kuchařka při onemocnění jater,2014,79
,Malá škola zavařování,2014,192
"Lane, Rachel",Grilování doma i na zahradě,2014,416
"Winnerová, Alena",Saláty,2014,213
"Llosa, Patty de",Praxe přítomnosti,2014,286
"Hrubešová, Markéta",Rebelka,2014,139
"Žižlavský, Roman",Poutníkova kuchařka,2014,220
"Doležalová, Alena",Rychlovky v kuchyni,2014,117
,Tajemství východu aneb To nejlepší z asijské kuchyně,2014,158
"Marečková, Olga",Nemoci žaludku a dvanáctníku,2014,129
"Kushi, Michio",Makrobiotické těhotenství a péče o novorozeně,2014,387
"Cordain, Loren",Současná paleo dieta,2014,303
,Tábornická kuchařka,2014,68
"Bačíková, Hana",Kváskové pečivo slané,2014,66
,Hezky česky z domácích surovin,2014,144
"Lohmann, Maria",Zásaditý doktor,2014,139
"Pohlreich, Zdeněk",Rozpal to šéfe,2014,199
,České masné výrobky,2014,106
"Michaels, Jillian",Udělejte radikální řez,2014,279
"Pawlowská, Halina",Chuť do života,2014,259
"Miles, Hannah",Božský cheesecake,2014,144
,Kvalita a gastronomie ryb a rybích výrobků,2014,247
"Lamschová, Petra",Velký dietní plán III aneb Jídlo pro každou příležitost,2014,241
"Málková, Iva",Obezita,2014,191
"Hirsch, Siegrid",Nejlepší ovocná zeleninová a bylinková smoothies,2014,143
"Dupin, Olivia",Bez lepku a chutně,2014,224
"Suchá, Kateřina",Velká sýrová nakládačka,2014,123
"Zemanová, Veronika",Kuchařka pro mého muže,2014,175
"Zanin, Melanie",Mražený jogurt,2014,80
"Galbičková, Jana",Kuchařka Orlických hor,2014,152
"Maurer, Pavel",Nejezte blbě,2014,125
"Jonáš, Josef",Tak chutná štěstí,2014,161
"Zrůstková, Radmila",Zdravě a syrově,2014,207
,Cupcakes a muffiny,2014,64
,Makronky,2014,64
"Dvořáková, Anna",Pečeme s láskou už 10 let,2014,143
"Eckmeier, Jérôme",Veganské pochoutky,2014,192
,To nejlepší z Pošli recept,2014,144
"Vašák, Jaroslav",Recepty našich babiček,2014,333
"Pišová, Jana Florentýna",Snídaně u Florentýny,2014,336
"Žalud, Jiří M.",Hadí uštknutí a jiné recepty a příběhy,2014,206
,Pečte s námi,2014,171
,Řecká odysea aneb Slavné báje a recepty,2014,141
"Jayasundera, Z.",Vařím s láskou,2014,131
"Jayasundera, Z.",Vařím s láskou,2014,112
"Der Haroutunian, Arto",Vegetariánská kuchařka,2014,287
"Klicpera, Petr",Padesát let s vařečkou,2014,135
"Kabačenko, Serhij",Dětská kuchařka,2014,127
"Simon, Francesca",Darebák David a jídlo,2014,107
,Modulová kniha,2014,245
"Socha, Radomír",Dřevní houby v přírodě a kuchyni,2014,379
"Bajer, Jiří",Rakytník,2014,157
"Grillparzer, Marion",Rychlý detox,2014,125
"Berg, Aloys",Snižte si cholesterol,2014,125
,Nápadník pro šikovné holky,2014,252
"Wright, Jeni",Škola kuchařských technik,2014,351
"Brát, Jiří",Řepkový olej jako součást výživových doporučení,2014,33
"Kohoutková, Iva",Pečeme bez lepku,2014,158
"Barnard, Neal D.",Jídlem proti bolesti,2014,375
"Talandová, Věra",Živá strava,2014,96
"Hruška, Ladislav",Vaříme s Láďou Hruškou,2014,157
"Sullivan, Karen",Fantastické dorty,2014,256
"Mačuda, Jiří",Tradiční strava na Znojemsku a v dolnorakouském příhraničí =,2014,200
Adyashanti,Pád do milosti,2014,197
"Dahlke, Rüdiger",Stávám se veganem,2014,125
,Úžasné dezerty,2014,159
,Pochoutky z vajec a mouky,2014,159
"Klaeger, Cornelia",Domácí dobroty,2014,319
,Brambory,2014,76
"Stuber, Hedwig Maria",Pečeme sladké i pikantní,2014,239
DJ BBQ,BBQ kuchařka,2014,124
,Veganská strava pro děti a těhotné a kojící ženy,2014,31
,Česká kuchyně 2015,2014,13
"Lužná, Dagmar",Makrobiotické dobroty babiček Dáši a Světlany aneb Jak příjemně strávit čas s dětmi a ještě si pochutnat,2014,79
"Velan, Libor",Jak chutná Východní Slovácko,2014,150
"Šebesta, Martin",Nové recepty z Dámského klubu 2015,2014,30
,Párty,2014,30
,Receptář 2015,2014,30
,Česká kuchyně 2015,2014,30
,Zavařování,2014,157
,Na houbách 2015,2014,30
,Grilování 2015,2014,30
,Rok plný sladkosti 2015,2014,30
,Česká kuchyně 2015,2014,29
,Rok plný sladkostí 2015,2014,29
,Zelenina na talíři 2015,2014,29
,Alnatura kuchařka,2014,92
"Klečková, Helena",Kuchařka pro (úplné) začátečníky,2014,69
"Canfield, Jack",Slepičí polévka pro duši,2014,328
"France, Christine",Dobré jídlo připravené jednoduše zdravě,2014,223
,Kuchařka Zdravé 5,2014,52
"Novotná, Jitka",Když vaří múzy,2014,223
"Smith, Rodney",Vykročit ze sebeklamu,2014,296
"Carpender, Dana",500 paleo receptů,2014,422
"Karmel, Annabel",Rychlé a snadné recepty pro kojence a batolata,2014,151
"Vašák, Jaroslav",Valašská kuchařka,2014,144
"Baier, Jiří",Léčivé a zrádné síly hub,2014,286
,Chuť & vůně domova,2014,79
"Luu, Uyen",Pravá vietnamská kuchyně,2014,143
"Gregora, Martin",Kuchařka pro rodiče malých dětí,2014,189
"Jelínek, Tatiana",Sladkosti bez výčitek,2014,141
"Oberbeil, Klaus",Ovoce a zelenina jako lék,2014,294
"Šimková, Hana",Bezlepková bezmléčná a bezsojová kuchařka,2014,104
"Georgieva, Ivana",Jídlem k radosti aneb Jednou týdně s Ivou,2014,62
"Kaniová, Stanislava",Mimibazar na talíři,2014,219
,Honzo vstávej aneb Vaříme česky od rána do večera,2014,156
"Barnett, Michael",Jednota,2014,71
"Berman, Karen",Jablečná kuchařka,2014,378
"Francová, Eva",Kuchařka ze Svatojánu,2014,355
"Sitwell, William",Dějiny jídla ve 100 receptech,2014,356
"Pavleje, Markéta",Kitchenette,2014,176
"Bishop-Weston, Tony",Veganská kuchařka,2014,128
"Hackstein, Yara",Malé dobroty pro váš stůl,2014,294
,Sborník vyzkoušených receptů nízkobílkovinných jídel,2014,180
"Clower, William",Jezte čokoládu a zhubněte,2014,268
"Skopová, Kamila",Hody půsty masopusty,2014,201
"Konečná, Karolina",Kuchařka z ostrova Sardinie,2014,317
"Dahlke, Rüdiger",Strava pro klid v duši,2014,232
"Šmikmátorová, Pavla",Víš co jíš,2014,94
,Pečeme perníčky,2014,80
,Škola světové kuchyně,2014,255
"Vybíralová, Helena",Helenčino pečení,2014,85
,Hamburgery,2014,64
,Marmelády,2014,62
"Stupka, Petr",Česká kuchyně,2014,75
"Pinnock, Dale",Doktor šéfkuchař,2014,191
"Doležalová, Alena",Cukroví,2014,189
,V sedmém nebi,2014,255
"Hájková, Dana",Nechci chybovat,2014,106
"Wegener, Růžena",Gurmánská živá strava,2014,226
"Clark, Nancy",Sportovní výživa,2014,392
"Robertson, Robin",Rychlá veganská kuchařka,2014,230
"Achrer, Josef",Učebná kniha uzenářství a řeznictví,2014,161
"Ponocná Kamberská, Karolina",Karolína,2014,205
"Trnková, Klára",Lunární kalendář našich babiček 2015,2014,30
"Tretter, Miloš",1001 receptur cocktailů,2014,231
"Trnková, Klára",Hubneme s Měsícem,2014,71
"Těšínský, David",Recepty pro diabetiky XII 2015,2014,32
"Hadjiandreou, Emmanuel",Poctivý domácí chléb,2014,175
,Tajemství syrové stravy,2014,202
,Knut - ústecký labužník,2014,224
"Fibich, Ondřej",Bramborákový receptář z Chluman,2014,27
"Polák, Jiří",Mikulášské čarování,2014,184
"Beranbaum, Rose Levy",Bible domácího pečení,2014,727
"Forštová, Lucie",Česká studentská kuchařka,2014,127
,Sváteční menu,2014,157
"Sieberg, Daniel",Digitální dieta,2014,213
"Mlček, Jiří",Gastronomické technologie II,2014,98
"Šporková, Sylva",Vánoce,2014,196
"Koko Kokešová, Veronika",Menu podle Koko,2014,230
"Dahlke, Rüdiger",Strava pro klid v duši,2014,192
"Brazier, Brendan",Vegan v kondici,2014,325
"Mutlová, Stáňa",Sladké bary,2014,166
"Prošková, Zdenka",Kuchařka pro psy na každý den,2014,152
"Oliver, Jamie",Vařte chytře jako Jamie,2014,287
"Wheatley, Abigail",Holky dneska vařím já,2014,64
"Wheatley, Abigail",Kluci dneska vařím já,2014,62
,Nože v kuchyni,2014,224
"Vokiel Čmolík, Jiří",Vegetariánské orgie,2014,95
"Drábek, Josef",Foto kuchařka Josefa Drábka,2014,199
"Lankašová, Taťána",Dieta pro mlsouny aneb Inspirace pro bezradné diabetiky a zoufalé boubelky,2014,130
"Strýčková, Jana",Draci v hrnci,2014,83
"Požárová, Lenka",Kuchařka z románu s vůní kávy a špetkou skořice,2014,237
"Joulwan, Melissa",Dobře živeni,2014,160
"Galbičková, Jana",Kuchařka Orlických hor,2014,149
"Ihnačák, Marcel",Radost vařit,2014,247
"Hlinovský, Alexander",Nejlepší zabijačkové speciality,2014,95
"Grazia, Mario",Miluji těstoviny,2014,271
"Macháčková, Hana",Kuchyně a zvyky v severovýchodních Čechách a Dolním Slezsku =,2014,117
"Rossi, Alice",Ispirato da Italia,2014,192
,Renesance ječmene,2014,66
"Kořínková, Lenka",Moje nejlepší recepty,2014,309
"Kurečková, Sylva",Pečeme a vaříme bezlepkově s Nominalem,2014,125
,Hravě bez lepku,2014,75
"Burda, Alexandr",Opavské Slezsko,2014,67
"Perlmutter, David",Moučný mozek,2014,342
"Hauner, Dagmar",Velká kuchařka pro diabetiky,2014,192
"Houba, Miroslav",Kuchařka,2014,150
"Strunecká, Anna",Babské rady profesorky Strunecké,2014,219
"Villa, Mariagrazia",Dýně,2014,127
,Naše první kuchařka,2014,187
"Shelton, Penni",Pročištění syrovou stravou,2014,240
"Villa, Mariagrazia",Džemy a zavařeniny,2014,127
"Villa, Mariagrazia",Grilování,2014,127
"Raab, Miroslav",Molekulární kuchyně aneb Molekuly které vaříme jíme a pijeme,2014,143
"Lamschová, Petra",Jídlo jako životní styl III aneb Naučte se správně jíst,2014,197
"Vaněk, Roman",Klenoty klasické evropské kuchyně,2014,263
"Michaels, Jillian",Ovládněte svůj metabolismus,2014,239
,Slovenské masné výrobky,2014,211
"Kramár, Tibor",Guláše,2014,280
"Balcarová, Katka",Místo vejce banán,2014,140
"Dugas, Dionýz",Babiččiny bylinky 2015,2014,31
"Karkan, Eduard",Hrníčkové recepty na celý rok 2015,2014,30
"Rytířová, Helena",Velká kuchařka pro kluky a holky,2014,115
"Vajda, Jan",Laskončina kuchařka,2014,31
"Kuntzmannová, Miroslava",Ulice vaří s vámi,2014,111
"Besserová, Miroslava",Vánoční recepty českých herců,2014,175
"Štěpnička, Miloš",Vaříme ryby v Norsku,2014,110
"Marek, Vlastimil",Zen pro každého,2014,200
"Rystonová, Ida",Byliny na potenci,2014,231
"Slater, Nigel",Jídlo,2014,413
"Grant, Hannah",Kuchařka Grand Tour,2014,331
,Optimalizace používání pesticidů proti škůdcům a chorobám v systému integrované produkce cibulové a kořenové zeleniny a salátu,2014,137
"Šťastná, Ladislava",Obrovská láska aneb Nežel námahy ni píle starati se o své milé,2014,96
"Hruška, Jan",Technologie přípravy pokrmů,2014,82
"Bez, David",Saláty s láskou,2014,299
"Galchus, Rita",Domácí klíčky,2014,159
"Winterová, Kateřina",Vaříme podle Herbáře,2014,1
"Wignall, Judita",Živá kuchyně - snadno a rychle,2014,176
"Háva, David",Traditional Czech cuisine 2015,2014,14
"Karas, Jan",Česká kuchyně 2015,2014,29
,Kuchařka krajových receptů 2014,2014,116
"Milfaitová, Blanka",Příběh opravdové vášně,2014,325
,Vaříme s chutí 2015,2014,30
"Karas, Jan",Vaříme zdravě 2015,2014,30
"Krensky, Arthur",Kluci v akci 2015,2014,30
"Stupka, Petr",Kuchařské čarování,2014,160
"Wilson, Jemma",Sladká kuchařka,2014,124
"Vašák, Jaroslav",Putování s vařečkou,2014,159
,Kuchařka ne(jen) pro muže 2015,2014,30
,Sladké recepty 2015,2014,30
,Domácí kuchyně s Ivanem Vodochodským 2015,2014,30
"Mollerová, Jana",Kuchařka tradičních českých pokrmů pro domácnosti i restaurace,2014,54
,Ceny české gastronomie,2014,
,Pečeme s láskou 2015,2014,14
,Kuchařka pro princezny,2014,96
,Kluci jdeme vařit,2014,96
,Hrnková kuchařka 2015,2014,14
"Doležal, Vladimír",Hrníčkové moučníky 2015,2014,28
"Škachová, Šárka",Česká kuchyně 2015,2014,32
,Hrnková kuchařka 2015,2014,32
"Matoulek, Martin",Dieta a pohyb v léčbě cukrovky,2014,12
"Hříbek, Jakub",Hříbky podle Jakuba Hříbka,2014,24
"Šťastný, Radovan",Večeře,2014,1
"Kanselová, Marie",Pečení pro potěšení,2014,192
"Choutka, Miloš",Česká kuchyně 2015,2014,29
"Jančár, Ondřej",Vícejazyčný slovník odborné terminologie v gastronomii,2014,88
"Choutka, Miloš",Recepty nejen pro bohaté 2015,2014,29
"Choutka, Miloš",Saláty 2015,2014,29
"Choutka, Miloš",Hrníčkové vaření 2015,2014,29
"Choutka, Miloš",Dezerty 2015,2014,29
"Choutka, Miloš",Česká kuchyně 2015,2014,29
"Choutka, Miloš",Bramborová kuchařka 2015,2014,29
"Soják, Petr",Kuchařka pro lektory zážitkově orientovaných kurzů aneb (Ne)vaříme z vody,2014,149
,Menu pro každý den,2014,183
"Vaněk, Roman",Klenoty klasické evropské kuchyně,2014,263
"Hebr, Josef",Kuře pokaždé jinak 2015,2014,29
"Trnková, Klára",Recepty z babiččiny zahrádky,2014,70
"Zapletalová, Hanka",Nevšední gurmán,2014,200
"Child, Julia",Umění francouzské kuchyně,2014,895
"Zajíc, Tomáš",Nová aditiva pro zvýšení nutriční hodnoty a prodloužení skladovatelnosti rybího masa,2014,38
"Vašáková, Jana",Od pondělí do pátku,2014,167
"Popp, Tomáš",Vaříme cestujeme a žijeme šetrně ale fajnově,2014,183
"Pechan, Lydie",Vaříme rádi,2014,35
,Sborník příspěvků  konference Hospodaření a nakládání s majetkem management používání a údržby PVT,2014,1
,Sushi,2014,85
,Senioři sobě II,2014,42
"Vaněk, Roman",Snadno & rychle,2014,173
"Potůčková, Katka",Vaříme levně a chutně podle Ládi Hrušky,2014,175
"Oliver, Jamie",Jamie Oliver 30 minut v kuchyni,2014,287
"Rubášová, Petra",Domácí sýry,2015,143
"Sinclair, Mima",Moučníky z hrníčku,2015,95
"Vyskočilová, Anife",To jsem já Anife,2015,189
"Hagara, Ladislav",Houby,2015,440
"Wan, Gok",Domácí čínská kuchyně,2015,238
"Braune, Tanja",Půst s polévkou,2015,125
"Stroner, Regine",Dárky z mojí kuchyně,2015,144
"Guiliano, Mireille",Francouzky zrají jako víno,2015,275
"Carluccio, Antonio",Italská pasta - nejen těstoviny,2015,224
"Gils Slavíková, Mirka van",Dezerty jedna báseň,2015,125
"Barnett, Michael",Všeobjímající podstata,2015,215
"Vrabec, Vilém",Velká česká kuchařka,2015,1
"Katz, Sandor Ellix",Síla přírodní fermentace,2015,255
"Bourgeault, Cynthia",Modlitba usebrání,2015,191
"Kintrup, Martin",Veganské vaření,2015,144
"Šmatová, Ivana",Moučníky bez lepku,2015,103
"Hrčková, Anna",Tradiční jídla a speciality z Poodří a Podpolání,2015,59
"Formáčková, Marie",Receptář přípravy pokrmů,2015,51
Dpal-sprul,Slova mého dokonalého učitele,2015,558
"Roux, Michel",Vůně francouzské kuchyně,2015,271
"Fuhrman, Joel",Jez abys žil,2015,333
"Sádlo, Jiří",Mlsné čenichání jihovýchodním směrem,2015,194
"Stříbrná, Daniela",Dieta a inzulín trochu jinak,2015,47
"Zapletalová, Hanka",Nevšední gurmán,2015,274
"Haasová, Marie",Reflexní tepelná izolace Haasová - Menhart® aneb Velká kuchařka nové izolace 3 tisíciletí,2015,143
,Nápady pro malé šikulky,2015,128
,Pošli recept,2015,144
"Beranová, Magdalena",Jídlo a pití v pravěku a ve středověku,2015,553
"Krasemann, Barbara",Dárky s kořením z mojí zahrady,2015,128
"Formáčková, Marie",Receptář přípravy pokrmů,2015,47
"Formáčková, Marie",Receptář přípravy pokrmů,2015,48
,Nápady na dárky z mojí kuchyně,2015,144
"Formáčková, Marie",Receptář přípravy pokrmů,2015,51
"Vlková, Jana",Květinová kuchařka,2015,281
"Schäfer, Christiane",Recepty pro zdravé trávení,2015,128
"Mengerová, Olga",Redukční recepty --bez lepku--,2015,187
"Šimková, Hana",Paleo strava pro české jedlíky,2015,104
"Smith, J. J.",Smoothies,2015,175
"Rettigová, Magdalena Dobromila",Kafíčko a vše co je sladkého,2015,127
,Levně a chutně,2015,157
,Rýže,2015,157
"Chupíková, Eva",Čáry máry v kuchyni,2015,71
Břicháč Tom,Jak jsem zhubl 27 kg a jak můžete i vy,2015,171
"Wildsmith, Lindy",Domácí nápoje s alkoholem i bez něj,2015,200
"Linn, Denise",Mystika vaření,2015,309
"Demchuk, Anna",Veganství máme v rodině,2015,14
"Davis, William",Život bez pšenice,2015,318
"Formáčková, Marie",Technologie přípravy pokrmů,2015,47
"Formáčková, Marie",Receptář přípravy pokrmů,2015,47
,Gastronomický slovník česko-esperantský =,2015,33
,Moderní bramborové variace,2015,159
,Lahodná drůbež a zvěřinové hody,2015,159
"Pavlas, Jan",Chilli kuchařka pro labužníky,2015,205
"Zajíček, Zdeněk",Pohádková kuchařka Muzea strašidel a Pohádkového statku,2015,72
,Bez masa,2015,157
"Frič, Václav",Jak nakupovat a zpracovávat maso,2015,175
,Pošli recept,2015,144
,Maso,2015,173
,Saláty,2015,157
"Vernerová, Monika",Bezlepková dieta,2015,79
"Gugetzer, Gabriele-Sabine",Originální jedlé dárky,2015,127
,V hlavní roli zelenina,2015,319
"Lewis, Sara",Salátový bar,2015,176
"Dufková, Alena",Specifika stravování v multikultuře z pohledu zdraví a ošetřovatelské péče,2015,48
"Rytířová, Helena",Moje studentská kuchařka,2015,63
,Farní kuchařka,2015,151
"Carr, Francois",Probuzení,2015,144
"Draper, Brian",Duchovní inteligence,2015,223
"Pohlreich, Zdeněk",Grilování,2015,251
"Formáčková, Marie",Pivní kuchařka,2015,220
"Formáčková, Marie",Hermelínová kuchařka,2015,202
"Feyfrlíková Černá, Monika",Kuchyně pozdního středověku,2015,88
"Poláčková, Blanka",Pomazánky svačinky chuťovky,2015,152
"Newman, Joni-Marie",Veganská kuchyně,2015,176
"Winnerová, Alena",Špagety =,2015,62
,Ubrousku prostři se aneb 112 jídel která milujeme,2015,156
"Kuntzmannová, Miroslava",S trochou nostalgie aneb Ta naše kuchyně česká,2015,207
"Uhrin, Roman",77 inspirací pro zdravý život,2015,183
"Stuber, Hedwig Maria",Vaříme slané i sladké,2015,535
"Zmrzlý, David",Veganská kuchařka,2015,152
"Wilson, Sarah",Sladký život bez cukru,2015,213
,Paulínky v kuchyni,2015,95
"Chopra, Deepak",Po čem skutečně hladovíme,2015,348
"Hay, Louise L.",Měj se ráda,2015,332
"Staabs, Nicole",Detox,2015,144
"Vrbka, Svatopluk",Moudra a 13² + 13 receptů mikulovského staříka,2015,148
"Turner, Mich",Úžasné dorty,2015,272
"Adams, Ashley",Vaříme bez mléka,2015,192
"Mazánek, Jiří",Tantra,2015,109
"Kuras, Benjamin",EpiKuras,2015,305
"Rákosníková, Jitka",Kuchařka první republiky,2015,215
"Zobačová, Hana",Tři kuchaři vaří,2015,31
"Dunlop, Kerryann",Moje rodinná kuchařka,2015,125
,Nutella®,2015,62
"Hošková, Miloslava",Hanácká kuchařka,2015,130
"Nadel, Jessica",Zelená kuchyně pro každý den,2015,176
"Kenney, Matthew",Raw dezerty pro každý den,2015,142
"Joiner-Bey, Herb",Léčivá moc lnu a lněného oleje,2015,215
"Rodrigues, Maria de Lurdes Bravo da Costa",Goánská kuchařka,2015,158
,Bylinky,2015,158
"Gerstnerová, Irena",SOS kuchařka,2015,257
"Taková, Eva",Kuchyně Dětem vstup povolen,2015,133
"Bahbouh, Charif",Syrská kuchyně =,2015,135
"Légl, Miroslav",Mezinárodní kuchyně bez soli a jiné chemie,2015,361
"Lamschová, Petra",Vařte zdravě jako my,2015,177
"Partyková, Vilma",Vaříme nemocným rakovinou a nejen pro ně,2015,271
"Sedláčková, Hana",Babiččino pečení,2015,208
"Just, Nicole",Vaření pro vegany,2015,192
"Hrevušová, Radka",Sladké moučníky z domácí pekárny,2015,160
"Svatek, Martin",Česká kuchyně - lehká a elegantní,2015,191
"Kittler, Martina",Dýně,2015,64
"Dölle, Alexander",Burgery,2015,64
"Dusy, Tanja",Smoothies,2015,62
"Hess, Reinhardt",Houby a lesní plody,2015,144
"Aschenbrandt, Karsten ""Ted""",Domácí klobásy,2015,128
"Momčilová, Pavla",Kváskový chleba,2015,110
"Mills, Ella",Lahodně s Ellou,2015,261
"Pecháčková, Dita",Kuchařka,2015,309
"Herynek, Petr",Perníčky s láskou pečené,2015,104
"Burns, Walter",Encyklopedie koktejlů z celého světa,2015,320
"Škvařilová, Eliška",Malá kuchařka pro velké vaření,2015,45
"Temrová, Pavla",Realitní kuchařka,2015,179
"Hrušková, Marie",Těstoviny,2015,19
,Bon Appetit 2016,2015,14
"Bukovský, Igor",Hned to bude andílku,2015,200
"Danielka, František",Vzorné řeznictví a uzenářství,2015,160
"Cross, Joe",Šťávový restart podle Joea Crosse,2015,318
"Johnson, Eric",Momentum hybná síla,2015,178
"Holinka, Ondřej",Kuchařka pro supertátu,2015,155
"Soule, Amanda Blake",Rytmus rodiny,2015,271
"Scrivner, Jane",Dopřejte si detox,2015,243
,Houby,2015,119
,Česká kuchyně 2016,2015,13
"Šedivý, Petr",Pekařská technologie,2015,266
,Neodolatelné snídaně,2015,158
,Domácí pizza a pikantní pečivo,2015,159
,Muffiny a cupcaky,2015,63
"Cameron, Robert",Dieta pro muže pijícího pivo víno a alkohol,2015,82
"Mayle, Peter",Tajnosti francouzského pekaře,2015,127
"Rapley, Gill",Vím co mi chutná,2015,189
"Socha, Radomír",Ryzce,2015,279
,Domácí chleby a pečivo,2015,142
"Ross, Jenny",Léčení syrovou stravou,2015,263
"Jameson, Gardner",Dieta pro ženy pijící pivo víno a alkohol,2015,82
"Boutenko, Victoria",Zelené smoothie recepty,2015,180
"Špetlíková, Vendula",Vaříme s Vendy,2015,249
"Vašák, Jaroslav",Gastronomický rádce od A do Ž,2015,527
"Vašák, Jaroslav",Gastronomický kvíz v němž najdete více než 700 otázek a odpovědí které rozšíří a doplní Vaše znalosti z gastronomie a kulinářství,2015,196
"Karasová, Eva",Moučníky pro návštěvu na oslavu a posezení s přáteli,2015,127
"Hájková, Eva",Hravě o živé stravě,2015,249
"Ponocná Kamberská, Karolina",Karolína,2015,206
"Hyman, Mark",Řešení hladiny krevního cukru,2015,383
"Záruba, Jiljí",Receptář 2016,2015,30
,Vaříme dětem 2016,2015,30
"Voleman, Radko",Párty 2016,2015,30
"Beránková, Tereza",Cukrárna 2016,2015,30
,¡Viva la vida aneb Žhavá jídla z Mexika až do Chile,2015,156
"Haschka, Tori",Pryč s cukrem,2015,175
"Thomas, Alena",Děláme si to doma sami 2,2015,213
"Šimková, Hana",Česká pohanková kuchařka,2015,92
"Strýčková, Jana",Draci v hrnci chrlí nové nápady,2015,83
"Belovičová, Mária",Dieta u jaterních onemocnění,2015,119
"Bellersen Quirini, Cosima",Fermentace,2015,126
"Hrubešová, Markéta",Markéta vaří Rettigovou,2015,149
"Packová, Anna",Receptury ze soutěží školních jídelen,2015,500
,Domácí kuchařka 2016,2015,30
,Grilování 2016,2015,30
"Šebesta, Martin",Recepty z dámského klubu 2016,2015,30
"Poláček, Jiří",Česká kuchyně 2016,2015,30
,Sladké dobroty,2015,63
"Runštuk, Jaroslav",Receptury teplých pokrmů,2015,580
"Green, Daniel",Paleo dieta,2015,172
"Beránková, Tereza",Rok plný sladkostí 2016,2015,29
"Poláček, Jiří",Česká kuchyně 2016,2015,29
,Levné recepty 2016,2015,29
"Rošický, Václav",Řeznictví a uzenářství,2015,300
,Vaříme po celý rok 2016,2015,29
"Šmalcová, Anna",Sladké dárky,2015,204
"Martišová Baková, Gabriela",Dobrodružství v kuchyni děti vaří samy,2015,127
"Francová, Eva",Kuchařka ze Svatojánu,2015,359
"Dahlke, Rüdiger",Peace food,2015,191
"Dočkalová, Daniella",Velký život s otiskem Duše aneb Intuitivní kuchaření nejen bez lepku,2015,138
"Vokrouhlík, Lukáš",Rychlovky s Kajdou,2015,161
"Carrara, Lorena",Vegetariánská středomořská kuchařka,2015,238
Břicháč Tom,Rychlovky a chuťovky Břicháče Toma,2015,190
"Marek, Vlastimil",Návod na použití člověka,2015,221
,Pečení pro malé princezny,2015,96
,Už vařím s mámou,2015,96
"Winnerová, Alena",Pomazánky,2015,101
"Kalousová, Pavla",Kuchyně a stolničení na šlechtických sídlech =,2015,395
,Recepty naší rodiny,2015,227
"Reinhart, Peter",Pekařský učeň,2015,285
"Klopfštoková, Pavlína",Odborné kreslení pro obor vzdělání Cukrář,2015,106
"Lanská, Dagmar",Angličtina pro číšníky a kuchaře,2015,358
"Cadji, Sarah",Čerstvé šťávy z ovoce a zeleniny,2015,143
,Recepty světové kuchyně 2016,2015,29
"Laštůvka, Jiří",Houby 2016,2015,29
,České koláče buchty a bábovky 2016,2015,29
,České tradiční recepty 2016,2015,29
"Choutka, Miloš",Hrníčková kuchařka 2016,2015,29
,Rybář 2016,2015,29
,Vaříme s humorem 2016,2015,16
"Šindelář, Vlastimil",Pěstujeme bylinky,2015,78
,Houby,2015,78
"Thomas, Biju",Portables,2015,271
"Viger, Lisa",Živá strava jednoduše a levně,2015,176
"Karpíšková, Bára",Bjukitchen,2015,384
"Jarošová, Lenka",Vařit zdravě může každý,2015,125
"Tremlová, Ivana",Kuchařka pro nejmenší,2015,207
"Žák, Lenka",Pečeme z kvásku,2015,179
"Hruška, Ladislav",Láďa Hruška se vrací,2015,157
"Weber, Anne-Katrin",Moje skvělé recepty z francouzského bistra,2015,192
"Pišová, Jana Florentýna",Kuchařka pro dceru,2015,402
"Vybíralová, Helena",Helenčino pečení,2015,95
,Česká raw food,2015,166
,Moje sladká kuchařka,2015,213
,Uvaříme máčku poďte na lízačku,2015,52
"Phipps, Catherine",Jídlem proti rakovině,2015,256
"Major Sládková, Hana",Babiččino sladké pečení,2015,279
,MasterChef Česko,2015,189
"Connell, Heather",Poznejte paleo superpotraviny,2015,224
"Villa, Mariagrazia",Pizza,2015,127
"Villa, Mariagrazia",Cupcake,2015,127
"Villa, Mariagrazia",Koláče a dorty,2015,127
"Villa, Mariagrazia",Parmigiano reggiano,2015,127
"Trenchi, Cinzia",Hamburgery,2015,127
"Smallwood, Vicki",Sestav si svůj burger,2015,96
,Česká vařečka 2016,2015,16
"Choutka, Miloš",Sladké dobroty 2016,2015,16
,Malí kuchtíci 2016,2015,16
"Přibylová, Růžena",Babiččiny rady do kuchyně,2015,202
"Berzsiová, Pavlína",Dnes nepeču,2015,191
"Ferguson, Rosemary",Juice,2015,192
,Korejská rychlá a jednoduchá kuchařka,2015,181
"Vaněk, Roman",Pražská kuchařka,2015,686
"Pohlreich, Zdeněk",Moje domácí kuchyně,2015,174
"Šmikmátorová, Pavla",Malý mezinárodní mistr šéfkuchař,2015,95
"Veselá, Iva",Zdravá vánoční kuchařka,2015,149
"Klamtová, Veronika",Sladká rawmance,2015,150
,Cukroví,2015,157
,Nejlepší světová street food,2015,224
"Oliver, Jamie",Pohoda v kuchyni,2015,406
"Frej, David",Šťávy a míchané nápoje z přírody,2015,215
"Bartošová, Denisa",Láskominy Denisy Bartošové,2015,193
"Fer, Ol‘ga",Kuchařský bál,2015,161
"Balcarová, Katka",Místo kapra hlíva,2015,140
"Machala, Karel",Kvašená zelenina,2015,179
"Buštová, Jana",Kuchařka bez mléka a vajec,2015,96
"Palička, Milan",Recepty ze sladkovodních ryb,2015,210
"Novotná, Petra",Vaříme s dětmi pro děti,2015,202
"Krupárová, Martina",Kuchařka pro malé šéfkuchaře a šéfkuchařky,2015,52
"Savill, Antoinette",Vaříme bez pšenice lepku a laktózy,2015,205
"Říha, Filip",Jsem život,2015,133
"Kansel, Jan",Česká vařečka 2016,2015,30
"Doležal, Vladimír",Bramborová kuchyně 2016,2015,30
"Kansel, Jan",Magická chuť masa 2016,2015,30
"Kansel, Jan",Pečeme s potěšením 2016,2015,30
"Kansel, Jan",Gulášové recepty 2016,2015,30
"Doležal, Vladimír",Bramborová kuchyně 2016,2015,30
"Šindler, Michal",Gastronomie a technologie přípravy pokrmů,2015,198
"Pawlowská, Halina",Rodinná kuchařka,2015,253
"Tremlová, Ivana",Kuchařka pro,2015,203
"Tomášková, Markéta",Montérská kuchařka,2015,40
"Březinová, Dagmar",Prostřeno na Podkarpatské Rusi,2015,98
"Chesneau, Frédéric",S kuchařem kolem světa,2015,236
"Filipová, Eva",Jezte chytře,2015,223
"Skokan, David",Easy weekends,2015,171
,Zápisník na recepty,2015,127
"Scudelotti, Chiara",Tradiční slavnostní dorty s krémy náplněmi a zdobením,2015,47
"Scudelotti, Chiara",Slané dorty s chutnými náplněmi,2015,47
"Ferri, Maria",Jak připravit domácí dorty a koláče,2015,47
"Kansel, Jan",Česká vařečka 2016,2015,30
"Kansel, Jan",Kuře 2016,2015,30
,Prosečská kuchařka,2015,44
"Drahokoupil, Zdeněk",Rybář 2016,2015,18
,Čím překvapit návštěvu 2016,2015,18
"Těšínský, David",Recepty pro diabetiky XIII 2016,2015,32
"Hartwig, Melissa",Whole30,2015,421
"Ilies, Angelika",Mug Cakes,2015,64
"Gruber, Julia",36 smoothies pro duši,2015,80
"Kintrup, Martin",Vaříme pro vegany,2015,64
"Mandžuková, Jarmila",Budíková dieta aneb Jíst ve správný čas a hubnout,2015,119
"Borkovcová, Marie",Hmyz na talíři,2015,163
"Marádová, Eva",Příprava pokrmů I,2015,142
"Marádová, Eva",Příprava pokrmů II,2015,140
"Berková, Jana",Kvásková kuchařka,2015,127
"Miles, Kristine",Bible zelených smoothie,2015,191
"Lamschová, Petra",Jde to i bez pšenice,2015,128
,Rychlé večeře,2015,157
"Loren, Sophia",In cucina con amore =,2015,260
,Kuchařka k dietě pro lidi pijící pivo víno a alkohol,2015,150
"Spindler, Hermann",Recepty z Lukas Klinik,2015,275
"Trnková, Klára",Lunární kalendář našich babiček 2016,2015,30
"Großhauser, Mareike",Sportovní výživa pro vegetariány a vegany,2015,136
"Weinstein, Norman",Krájím krájíš krájíme,2015,223
"Svobodová, Vendula",zdRAWě hRAWě,2015,84
"Skořepová, Luba",Maminčina kuchařka,2015,191
"Fúčelová, Mária",Kuchařka pro začínající lezce,2015,125
"Čeřovský, Miroslav",O lahůdkách pro spotřebitele,2015,11
"Marečková, Jaroslava Vilemína",Zatracené kyselo,2015,213
"Dugas, Dionýz",Babiččiny bylinky,2015,30
,Kuchařka naší vesnice,2015,30
"Fořt, Petr",Aby dětem chutnalo,2015,1
"Hinchliffe, Sandra",Domácí konopné recepty,2015,138
"Michael, Pamela",Bylinková kuchařka,2015,319
"Waxman, Denny",Makrobiotika jako životní styl,2015,335
"Kushi, Michio",Makrobiotická strava v prevenci a léčbě rakoviny,2015,518
"Snyder, Kimberly",Detoxikace pro krásu,2015,271
"Gulin, Dunja",Raw kuchařka,2015,142
"Powell, Chris",Chtějte více zhubněte více na celý život,2015,271
"Lien Čepelková, Renata",Jídlo jako lék,2015,199
"Ottolenghi, Yotam",Hojnost,2015,287
"Schobert, Norbert",Norbiho tajemství,2015,255
"Švorcová, Alžbeta",Sladký život bez lepku,2015,180
,Krize duchovního vývoje,2015,271
"Šlajchrt, Viktor",Bonvivánova kulinária,2015,165
"Koukolíček, Petr",Molekulární gastronomie,2015,232
"Strunecká, Anna",Babské rady profesorky Strunecké,2015,219
"Pokorná, Petra",Mandlová kuchařka,2015,127
"Raszková, Tereza",Edukace a reedukace trvale pracovně nezařaditelných v českých věznicích,2015,134
"Tischlerová, Ivana",Domácí likéry z ovoce a ořechů,2015,116
"Doležal, Vladimír",Hrníčkové moučníky 2016,2015,28
"Košťálová, Alexandra",Rádce školní jídelny,2015,50
"Lukašíková, Ivana",Rádce školní jídelny,2015,65
,Hrnkové recepty 2016,2015,16
"Platl, Zdeněk",Sladké potěšení 2016,2015,29
,Zdravé recepty 2016,2015,29
"Platl, Zdeněk",Recepty 2016,2015,29
,Sladké potěšení 2016,2015,29
"Macková, Marcela",Těstohrátky aneb Jihočeské lidové pečivo tradičně i netradičně,2015,116
"Rosen, Kara",Šťávy pro zdraví,2015,144
"Maguire, Kay",Někdo to rád pálivé,2015,144
"Korbelářová, Irena",Kulinární kultura Slezska a střední Evropy,2015,271
,Vaříme dětem,2015,157
"Wignall, Judita",Raw detox,2015,175
"Gurská, Vlaďka",Kuchařka pro děti 2016,2015,34
"Dobrovodský, Vladko",Domácí kuchyně 2016,2015,30
"Dobrovodský, Vladko",Vaříme zdravě 2016,2015,30
,Česká kuchyně 2016,2015,29
"Kalina, Dáša",Vaříme s úsměvem,2015,135
"Dobrovodský, Vladko",Kuchařka (ne)jen pro muže [2016],2015,30
"Dobrovodský, Vladko",Sladké recepty 2016,2015,30
"Dobrovodský, Vladko",Vaříme s chutí 2016,2015,30
,Grilujeme 2016,2015,30
"Bendová, Ludmila",Čínská dietetika v moderním světě,2015,111
"Vrlová, Vanda",Návrat ke kořenům,2015,203
"Malinová, Milena",Výroba perníčků,2015,8
,Dobrou chuť 2016,2015,14
,Česká kuchařka 2016,2015,13
"Fišerová, Jaroslava",Kalendář do kuchyně 2016,2015,13
,Cupcakes a muffiny,2015,64
,Grilování s Ivanem Vodochodským,2015,1
"Vašák, Jaroslav",Jak se vařívalo kdysi a jak dnes,2015,5
"Bellersen Quirini, Cosima",Domácí recepty z farmy,2015,283
,Domácí zmzliny,2015,62
,Dýně,2015,62
Džalángí déví dásí,Prasádam,2015,228
,Sborník příspěvků  konference Hospodaření a nakládání s majetkem management používání a údržby PVT,2015,1
,Oslavy v koloběhu roku Kohoutov,2015,26
"Enders, Kateřina",Smoothie book,2015,1
"Fialová, Daniela",Vaříme s tetou Fialkou a skřítkem Klubkem,2015,128
"Bartošová, Denisa",Láska prochází kuchyní,2015,176
"Vrzalová, Radka",Radčina kuchařka bez lepku,2015,1
"Fallon, Sally",Vyživující tradice,2015,674
"Králová, Ingrid",Vaříme levně a chutně podle Ládi Hrušky 2,2015,175
"Hofhanzlová, Judita",Atopický ekzém alergie astma,2015,175
"Placková, Renata",Úspěšná opatření v nakládání s odpady na úrovni obcí,2015,15
"Wilson, Jemma",Sladká kuchařka,2015,124
,Paulus vs Ihnačák,2015,142
"Bumpkin, Richie",[Desert ghosts],2015,1
"Davies Veselá, Petra",Kniha o kávě,2015,238
Tshogs-gnyis,Bezstarostně a důstojně,2016,220
"Taylor, Genevieve",Luštěniny,2016,143
"Coates, Christian",Fitness labužník,2016,240
,Kuchařská kniha školy vaření,2016,147
"Mirabella, Julia",Lahůdky ze sklenice,2016,143
"Zandt, Doro van",Nanuky,2016,128
,Napečeno bez pečení,2016,128
"Engels, Nina",Quiche a koláče,2016,160
"Sander, Jette",Crème brûlée a panna cotta,2016,126
"Gils Slavíková, Mirka van",V hlavní roli chřest,2016,119
"Mosetter, Kurt",Cukr,2016,192
"Freestone, Peter",Královská kuchařka Freddieho Mercuryho,2016,230
"Velan, Libor",Jak chutná Slovácko =,2016,150
"Bryant, Chris",Domácí chipsy z trouby,2016,159
"Wilson, Laura Agar",Zrno je grunt,2016,255
,Dortíky a dortíčky,2016,256
"Nett, Maja",Müsli,2016,110
"Just, Nicole",Pečení pro vegany,2016,192
"Rettigová, Magdalena Dobromila",Domácí kuchařka,2016,390
"Dušátko, Josef",Domácí řeznická kuchařka,2016,163
"Hazebroek, Jeroen",Grilování a mnohem víc,2016,160
"Gabriel, Richard",Dobré rady do každé kuchyně,2016,364
"David, Marc",Pomalá dieta,2016,227
"Kříž, Martin",Zázračné houby,2016,159
"Doležalová, Alena",Udíme vaříme a konzervujeme podle vyzkoušených receptů,2016,210
Nukunu,Oko hurikánu,2016,121
"Capezzuto, Vito",Malované rolády,2016,48
"Jareš, Adam",Kuchařka místního referenda,2016,67
,Nejlepší recepty z barbecue,2016,220
,Mražené jogurty,2016,96
"Wong, James",Pěstujeme dobrou chuť,2016,223
"Purviance, Jamie",Weber grilování,2016,144
"Purviance, Jamie",Weber grilování,2016,144
,Česnek,2016,79
,Cibule,2016,79
,Antioxidanty,2016,79
"Merhaut, Marek",Národní kultura stravování a kulturní difuze,2016,150
"Milatová, Růžena",Kuchařka při onemocnění slinivky,2016,87
"Deacon, Carol",Pečeme a zdobíme dorty,2016,160
"Pfeiffer, Kelly",Superpotraviny do všech jídel,2016,176
"Vlková, Jana",Notes květinové kuchařky,2016,125
"Gulin, Dunja",Kvašené potraviny pro vitalitu a zdraví,2016,160
"Just, Nicole",Pečeme pro vegany,2016,64
"Wiboltt, Anne-Marie Fryer",Knížka o obilí,2016,55
,Koření,2016,158
"Marhoul, Alois",Kuchař básníkem básník kuchařem,2016,59
"Brahová, Marie",Voňavé perníčky,2016,31
"Freer, Amelia",Jíst mládnout radovat se,2016,271
,Chutě Barmy,2016,61
"Fuhrman, Joel",Žijte bez diety,2016,326
,Kuchařka pro chlapy,2016,128
"Martínková, Zuzana",Kuchařka Suchých autorských čtení,2016,159
"Anděl, Petr",Trápí vás zácpa nebo inkontinence stolice,2016,136
"Peršinová, Eva",Raw food jako zážitek,2016,183
"Hofhanzlová, Judita",Zdravě jíme nevaříme,2016,119
"Adamová, Jitka",Raw pro zdraví a krásu,2016,216
"Poláčková, Blanka",Grilujeme rožníme po celý rok,2016,200
"Vašák, Jaroslav",Medová kuchařka,2016,222
,Krok za krokem,2016,153
,Jaro,2016,158
,Brambory,2016,157
,Party,2016,163
,Ryby a plody moře,2016,155
,Dorty a dezerty,2016,155
"Djoumkam, Therese",Ethno kuchařka pro děti,2016,20
"Štaudová, Veronika",Vanilková kuchařka,2016,104
"Kuranova, Kateřina",České smoothie,2016,159
"Mayhew, Debra",Hřejivé polévky pro tělo i duši,2016,96
"Fletcher, Nichola",Maso,2016,320
"Davis, William",Život bez pšenice,2016,342
"Jirková, Jana",Klíčení semen pro zdraví,2016,112
"Monroe-Cassel, Chelsea",Hostina ledu a ohně,2016,225
"Bailey, Christine",Džusy,2016,160
"Mills, Ella",Lahodně s Ellou každý den,2016,251
"Schöps, Martina",Jedna miska jeden talíř,2016,88
"Maranik, Eliq",Vegan smoothies,2016,143
"Vybíralová, Helena",Helenčino pečení,2016,91
"Dubcová, Lenka",Kuchařka pro dialyzované pacienty,2016,118
"Třešňáková, Renata",Vařit či nevařit,2016,123
"Kintrup, Martin",1 těstoviny - 50 omáček,2016,64
"Museles, Elise",Energie pro zdravý životní styl,2016,176
"Horecká, Zdenka",Kuchařka plná dobrých receptů,2016,184
"Doležalová Zisková, Martina",V ájurvédské kuchyni,2016,271
"Bergmannová, Michaela",Potraviny známé neznámé,2016,47
"Grazia, Mario",Vegetariánská kuchařka,2016,159
"Dahlke, Rüdiger",Jídlo jako šance,2016,303
"Pohlreich, Zdeněk",Prostřeno bez servítků,2016,251
"Šámal, Petr",Sicilská kuchyně,2016,213
"Casparek, Petra",Skvělé saláty,2016,352
"Svoboda, Jan",Chorvatský Pelješac o víně a jídle,2016,140
,Čokoláda,2016,157
"Jayasundera, Z.",Vařím s láskou,2016,131
"Doležalová, Alena",Zavařujeme a nakládáme,2016,220
"Pelikánová, Karla",Hravě zdravě bezlepkově,2016,112
"Schlaich, Jasmin",Lávové koláčky,2016,48
"Šebestová, Marcela",Bramborová kuchařka,2016,137
"Horecká, Zdenka",Hrníčková kuchařka,2016,259
"Havlová, Vladimíra",Osteoporóza,2016,91
"Momčilová, Pavla",Ovládněte své hormony jídlem,2016,111
,Jen za ±100 kalorií,2016,62
"Kirk, Mimi",Moderní odšťavňování,2016,260
"Uhrová, Helena",Jak se dělá cidre calvados pommeau,2016,95
"Pospěchová, Petra",Outdoorová kuchařka,2016,183
"Bailey, Christine",Džusy a smoothies nabité vitamíny,2016,160
"Von Euw, Emily",Raw veganské nepečení,2016,226
"Futóová, Štefánia",Advent a Vánoce,2016,127
"Nodl, Ladislav",Velká domácí kuchařka,2016,528
"Bez, David",Snídaně s láskou,2016,191
"Kasalová, Martina",Zdravá výživa pro celou rodinu,2016,239
"Karmel, Annabel",Vaříme pro kojence a batolata,2016,245
,Paleolitická dieta,2016,128
,Super juicing,2016,128
"Gils Slavíková, Mirka van",Vůně chleba,2016,133
"García, Ángela",Česká kuchařka,2016,243
"Balonová, Jana",Moučníky moderně i tradičně,2016,76
"Talpová, Zdenka",Rychlé večeře,2016,76
"Balonová, Jana",Grilujeme doma i na zahradě,2016,79
"Balonová, Jana",Oblíbené české recepty z babiččiny kuchařky,2016,76
,Česnek,2016,79
,Aloe vera,2016,79
"Balonová, Jana",Oblíbené české recepty z babiččiny kuchařky,2016,76
"Balonová, Jana",Moučníky moderně i tradičně,2016,76
,Kouzelná kuchařka pro děti,2016,127
"Sedláčková, Hana",To nejlepší z drůbeže,2016,192
"Poláčková, Blanka",Polévky,2016,192
"Scott-Aitken, Lynelle",Raw - živá strava,2016,111
"Tremlová, Ivana",Česko vaří a pomáhá,2016,69
"Moldvaer, Anette",Kávové opojení,2016,224
"Dusy, Tanja",Letní kuchyně,2016,254
,Americká krása aneb Objevte všechny chutě Nového světa,2016,156
"Trèfle Nová, Ria",Raw kuchařka,2016,160
"Horecká, Zdenka",Víkendová kuchařka,2016,210
"Turner, Kate",Energetické kuličky,2016,60
"Kintrup, Martin",Paleo vaření,2016,142
"Villa, Mariagrazia",Kuchařka na léto,2016,159
"Pišová, Jana Florentýna",Večeře u Florentýny,2016,302
"Raduševa Herber, Renata",Kouzelný rendlíček našich babiček,2016,191
"Hess, Reinhardt",Zahradní a divoké bylinky,2016,144
"Zábrodská, Kristina",Sladká první republika,2016,239
"Budwig, Johanna",Lněný olej - kuchařka a dieta,2016,247
"Lorenz-Ladener, Claudia",Nakládáme zeleninu,2016,120
"Pfannebecker, Inga",Rychlé recepty Low Carb,2016,64
"Šemík, Richard",Světová kuchyně 2017,2016,29
"Šemík, Richard",Moderní kuchyně 2017,2016,29
,Vaříme s Mírou,2016,87
"Au, Franziska von",Domácí recepty proti nemocem,2016,319
"Sýkora, Petr",Česká kuchařka,2016,159
"Kansel, Jan",České koláče 2017,2016,29
"Raduševa Herber, Renata",Kalendář zdraví Renaty Herber 2017,2016,29
"Kansel, Jan",Party kuchařka 2017,2016,29
"Kubáček, Martin",Devět tříd vaření,2016,37
"Korpádi, Péter",Značkové cukrovinky,2016,31
"Könnyü, Mária",Strašidelný Halloween,2016,31
"Horecká, Zdenka",Pomazánky a saláty,2016,159
Břicháč Tom,Tajemství naší kuchyně,2016,190
,Jako u babičky,2016,68
"Choutka, Miloš",Hrníčková kuchařka 2017,2016,29
,Kuchařka pro pejsky a kočičky 2017,2016,29
"Raduševa Herber, Renata",Medový kalendář Renaty Herber 2017,2016,29
"Šemík, Richard",České tradiční recepty 2017,2016,29
"Choutka, Miloš",Česká vařečka 2017,2016,16
"Choutka, Miloš",Malí kuchtíci 2017,2016,16
"Choutka, Miloš",Sladké dobroty 2017,2016,16
"Masters, Tess",Holka s mixérem,2016,223
,Bezmasé nesladké pokrmy,2016,208
"Plachá, Vítězslava",Někdo to rád dobré,2016,196
,MasterChef Česko,2016,174
"Hruška, Ladislav",Prima vychytávky Ládi Hrušky,2016,141
"Talpová, Zdenka",Rychlé večeře,2016,76
"Balonová, Jana",Grilujeme doma i na zahradě,2016,79
"Riedlová, Michaela",Dobrá sezóna v kuchyni,2016,125
"Šimková, Hana",České bezlepkové pečení,2016,96
"Drlíková, Pavla",Veganské neřesti,2016,68
"Kalousová, Pavla",Kuchyně a stolničení na šlechtických sídlech =,2016,395
"Balfour, Xochi",Přirozeně,2016,255
"Stöttinger, Karin",Míchané saláty ve sklenici,2016,153
"Floriánková, Marcela",Zdravý životní styl,2016,168
"Brucknerová, Eva",Je libo kousek dortu,2016,165
"Fowler, F. L.",Padesát odstínů kuřete,2016,159
"Zemanová, Hana",Nová biokuchařka Hanky Zemanové,2016,321
"Jursík, Miroslav",Optimalizace regulace plevelů v systému integrované produkce košťálové cibulové kořenové zeleniny a salátu,2016,84
"Grenfell-Baines, Milena",Lady Remoska,2016,239
"Velan, Libor",Jak chutná Slovácko a Luhačovické Zálesí =,2016,150
"Child, Julia",Můj život ve Francii,2016,398
"Turecká, Daniela",Nalož to,2016,183
"Krajčíková, Kamila",Bezlepková kuchařka Kamily K,2016,84
"Selbach, Anna",Originální dárky ve skle,2016,71
"Brooks, Felicity",Moje první knížka,2016,32
,Hrníčková kuchařka 2017,2016,14
"Voleman, Radko",Vaříme s dětmi 2017,2016,30
"Doan, Viet Anh",Vietnamská kuchyně,2016,150
"Hruška, Ladislav",Láďa Hruška vaří 2017,2016,30
,Česká kuchyně 2017,2016,30
,Domácí kuchařka 2017,2016,30
"Kansel, Jan",Rok plný sladkostí 2017,2016,30
,Kuchyně správné hospodyně 2017,2016,30
,Vaříme a pečeme zdravě 2017,2016,30
,Grilujeme 2017,2016,30
"Dobrovodský, Vladko",Kuchařka (ne)jen pro muže 2017,2016,30
"Sapík, Jaroslav",Domácí kuchyně 2017,2016,30
"Voříšek, Karel",Štěstí se dá naučit,2016,133
"Hrbková, Alena",Kuchařka pro báječné tchyně 2017,2016,30
"Southall, Ginger",Duhová džusová očista,2016,191
"Pohlreich, Zdeněk",Lehká kuchyně,2016,193
"Ponocná Kamberská, Karolina",Karolína,2016,206
"Francová, Eva",Kuchařka ze Svatojánu,2016,357
"Sasková, Andrea",Vaříme srdcem,2016,107
"Vybíralová, Helena",Helenčino pečení,2016,93
"Soukupová, Jitka",Zdravé talíře,2016,207
"Keogh, Michelle",Domácí sušení,2016,191
,Podzim,2016,158
"Freke, Timothy",Prožitek tajemství,2016,340
"Dobson, Ross",Jídlo + pivo,2016,233
"Joyce, Jennifer",Moje pouliční kuchyně,2016,271
"Šichtařová, Markéta",Citlivá kuchyně aneb Štíhle zdravě bez alergie bezlepkově bez mléka bez chemie i pro začátečníky a úžasně chutně,2016,245
"Macri, Irena",Paleo cesta ke zdraví,2016,217
"Matějka, Štěpán",Divoká kuchařka,2016,171
"Matějka, Štěpán",Zelené smoothie,2016,55
"Rettigová, Magdalena Dobromila",Domácí kuchařka,2016,573
"Bruton, Kathryn",Polévková mánie,2016,160
"Ferguson, Euan",Řemeslné vaření piva,2016,191
"Třešňáková, Renata",Zdravé cukroví,2016,119
"Strýčková, Jana",Draci v hrnci slaví Vánoce,2016,83
,The best of Apetit,2016,230
"Tranová, Phuong Lan",Tak vaří Việt Nam,2016,155
"Vaněk, Roman",Velká kuchařka Čech a Moravy,2016,622
"Kansel, Jan",Rok plný sladkostí 2017,2016,29
"Čechová, Kristina",Moje tělo koučink,2016,191
"Kansel, Jan",Česká kuchyně 2017,2016,29
"Pišová, Jana Florentýna",Vánoční kuchařka pro dceru,2016,200
"Jarník, Karel Josef",Uzenář,2016,174
"Turan, Turan T.",Udíme nasolujeme sušíme,2016,224
"Havlů, Karina",Recepty Remoska®,2016,159
,Chvála české kuchyně,2016,477
"Graimes, Nicola",100 nejlepších receptů nízkosacharidové diety,2016,143
"Šanda, Michal",Masná kuchařka mistra řezníka z Nelahozevsi Antonína Dvořáka,2016,141
"Škoda, Martin",Kuchařka plná akce,2016,228
"Jelínková, Denisa",26 deka veganského štěstí,2016,72
,Levné recepty 2017,2016,29
"Přibylová, Růžena",Levně a chutně po celý rok,2016,296
,Sladké Vánoce s dmBio,2016,90
"Kulhánek, Petr",Z kuchyně do vesmíru aneb Třináctero příběhů neobyčejně obyčejných,2016,231
,Od talíře k talíři Píseckem,2016,12
"Maher, Tanya",Vaření bez vaření,2016,199
"Přibylová, Růžena",Kuchařka naší babičky,2016,296
"Büttner, Ivana",Metabolická kuchařka,2016,83
"Jílková, Cecílie",Najím se a zhubnu,2016,181
"Babáček, Pavel",Kuchařka s koulema,2016,99
"Voleman, Radko",Párty 2017,2016,30
"Hatašová, Lenka",Receptář 2017,2016,30
"Kansel, Jan",Hrníčková kuchařka 2017,2016,30
"Wetterer, Eva-Christiane",Paleo recepty pro každého,2016,40
"Wetterer, Eva-Christiane",36x detox snadno a lahodně,2016,40
"García, Ángela",Česká kuchařka,2016,243
,Deník na recepty,2016,127
,Můj receptář,2016,127
"Gerlach, Hans",Sushi,2016,62
"Trnková, Klára",Babiččiny bylinkové recepty pro voňavé vaření,2016,70
"Grainger, Paula",Čaj nejen o páté,2016,144
,Tvořivý rok,2016,143
"Frýdlová, Petra",La Buchta,2016,208
"Vašková, Svatava",Coolinářka,2016,175
,Zvěřinové hody 2017,2016,29
"Myers, Amy",Autoimunitní řešení,2016,397
"Komůrková, Zuzana",Výživou ke změně,2016,197
"Vašková, Svatava",Vánoční kuchařka pro kluky a holky,2016,61
"Poláčková, Blanka",Speciality ze zvěřiny,2016,251
"Hirneise, Lothar",Velká kuchařka a učebnice olejovo-bílkovinové stravy,2016,340
"Pospíšilíková, Lucie",Kuchařka Delicious blog Lucie,2016,222
"Hradecká, Gabriela",Domácí kváskové pečení,2016,87
"Kramolišová, Michaela",Báječné oslavy (s mámami),2016,100
"Tibballs, Kirsten",Čokoláda,2016,255
"Wolever, Ruth",Vědomá dieta,2016,335
"Karmel, Annabel",Bible dětských pokrmů,2016,343
"Voldřichová, Jana",Vyšívané a malované cukroví,2016,76
,Bon Appetit 2017,2016,14
"Müller, Tobias",Bake & the city,2016,142
"Sapík, Jaroslav",Čtyři roční období na talíři,2016,189
,Grilování 2017,2016,30
"Turecký, David",Regionální kuchařka 2017,2016,30
"Dobrovodský, Vladko",Sladké recepty 2017,2016,30
,Bylinky 2017,2016,30
"Skopová, Kamila",Rok v babiččině kuchyni 2017,2016,30
"Johnston, Cameron",Nejezte polévku tak horkou jak se uvaří,2016,134
,Pečeme s láskou,2016,352
"Franckh, Pierre",7 úspěšných pravidel k získání vysněné postavy,2016,159
"Ostrá, Petra",Nejlepší šéfkuchaři v České republice a jejich top recepty,2016,491
"Resch, Karel",Horácký lidový kalendář,2016,225
"Havlová, Vladimíra",Recepty se sníženým obsahem tuků zejména cholesterolu,2016,97
"Dobrovodský, Vladko",Česká kuchyně 2017,2016,29
"Čapek, Zdeněk",Východočeské Vánoce,2016,26
"Lalbaltry, Juliette",Mini dobroty k čaji,2016,109
"Duffková, Renata",Efektivní nakládání s digestátem a jeho složkami separace při pěstování silážní kukuřice,2016,40
"Canfield, Jack",Slepičí polévka pro duši,2016,405
"Černá, Janina",Cukrfree,2016,191
"Šimková, Hana",Pohádkové nápady pro malé kutily a kuchtíky,2016,86
,To nejlepší od českých a slovenských food blogerů,2016,141
"Oliver, Jamie",Superfood hravě a zdravě,2016,309
"Hemsley, Jasmine",Umění dobrého jídla,2016,319
"Schweiger, Franziska",Pohodové pečení,2016,128
"Andrews, Olivia",Zdravá jídla z pomalého hrnce,2016,239
"Kuntzmannová, Miroslava",Chuť a vůně baroka,2016,79
"Procházková, Simona",Když ženy rozkvetou,2016,137
"Trenchi, Cinzia",Džusy a smoothies,2016,127
"Trenchi, Cinzia",Jogurt,2016,127
"Besserová, Miroslava",Vánoční recepty českých herců,2016,158
"Hofmann, Denis",Život bez lepku,2016,190
"Reynier, Lucie",Detox,2016,111
"Perlmutter, David",Mozek v kondici,2016,302
"Domaradzka, Violetta",Strava pro běžce,2016,223
"Bílá, Lea Sage",Vegan kuchařka,2016,160
,Krajiny prostřených i prázdných stolů,2016,344
"Tadič, Roman",Indiánská kuchařka,2016,274
,Sladké pokušení 2017,2016,14
"Půhoný, Josef",Domácí zabijačka,2016,95
"Veruzabová, Ivana",Česká a slovenská domácí kuchařka,2016,115
"Skarlantová, Jana",Dle kuchyně pozná se hospodyně,2016,214
"Milfaitová, Blanka",Příběh psaný do vody,2016,319
"Vašák, Jaroslav",Jak se vařívalo kdysi a jak dnes A-Ž,2016,971
"Novosádová, Kateřina",BARF kuchařka,2016,188
"Lipman, Frank",Zdraví a fit po celý život,2016,387
"Manning, Anneka",Kurz domácího pečení,2016,279
"Di Niso, Gianfranco",Vinné koktejly,2016,143
"Walsh, Kate",Opravdové jídlo,2016,215
"Berriedale-Johnson, Michelle",Vaříme & pečeme bez lepku,2016,237
"Čapov, Ivan",Druhá česko-moravská chirurgická kuchařka aneb Jak to dělám já (chirurgové sobě),2016,171
"Tůma, Jaroslav",Na houby s Jardou,2016,187
"Plajner, Jan",Tajemství syrové stravy,2016,200
"Berzsiová, Pavlína",Dnes napeču,2016,207
"Mason, Jane",Kváskové pečení,2016,160
"Ottolenghi, Yotam",Jeruzalém,2016,318
"Cranston, Michele",Jednoduchý stůl,2016,255
"Valentino, Arianna",Moje kuchařka,2016,127
"Mancini, Paola",Domácí receptář,2016,127
"Škachová, Šárka",Kuchařka ze vsi,2016,199
,Retrokuchařka,2016,229
,Vaříme společně,2016,103
"Brenn Horová, Anna",Smoothies a ovocné šťávy,2016,123
"Wicks, Joe",Lean in 15,2016,220
"Kocourek, František",Technologie pěstování a ochrany salátu a mrkve v systému integrované produkce,2016,29
"Kocourek, František",Technologie pěstování a ochrany zelí květáku cibule salátu a mrkve při ekologickém pěstování zeleniny,2016,43
"Košťálová, Alexandra",Receptury na mírně slané bezmasé pokrmy,2016,60
"Trenchi, Cinzia",Detox,2016,159
,Pečení,2016,477
"Edgson, Vicki",Vývary,2016,175
"Fišerová, Marie",Je to možné,2016,71
"Fibich, Ondřej",Vypečený pekař z Chluman,2016,43
"Platl, Zdeněk",Sladké potěšení 2017,2016,29
"Platl, Zdeněk",Recepty 2017,2016,29
,Sladké potěšení 2017,2016,29
"Platl, Zdeněk",Recepty 2017,2016,29
,Hrnkové recepty 2017,2016,16
"Fišera, Miroslav",Gastronomie,2016,285
"Hrnčířová, Dana",Rádce školní jídelny,2016,66
"Francová, Eva",Kuchařka ze Svatojánu,2016,359
,Tradiční babiččina kuchařka 2017,2016,30
"Marounek, Dalibor",Babiččiny regionální recepty za pár kaček,2016,175
,Tak chutná duha,2016,79
,Rybí pochoutky Ústeckého kraje,2016,64
"Marounková, Hana",Zhubnout a zbohatnout,2016,57
"Hromas, Michal",Kuchařka ze dvora,2016,239
"Šebestová, Marcela",Babička vaří s vnoučaty,2016,87
,Ohnivý kuře,2016,1
"Šedivý, Petr",Pekařská technologie,2016,333
"Georgieva, Ivana",Každý den něco pro zdraví a dobrou náladu,2016,118
"Arichteva, Lucie",Pěkně vypečená kuchařka,2016,186
"Mlčochová, Veronika",Olejnatá semínka zdravě a chutně,2016,8
,Chceš být zdráv aneb Jednoduché vaření,2016,105
,Kdo má dobré osrdí tomu česnek nesmrdí,2016,143
"Doležal, Vladimír",Hrníčkové moučníky 2017,2016,28
"Broučková, Pavlína",Detoxikační kuchařka,2016,80
,Bylinky,2016,1
"Paskerová, Andrea",Maminčiny recepty,2016,211
"Stříbrná, Daniela",Dieta a inzulín trochu jinak,2016,47
,Různé chutě nevadí,2016,78
"McMillan, Kate",Lahodná jídla z jednoho hrnce,2017,160
"Colella, Joseph",Zdravě bez hladovění,2017,271
"Tourles, Stephanie L.",Raw energie v každém doušku,2017,287
"Baarová, Martina",Procitnutí,2017,99
"Velázquez, Alison",Polévkování,2017,192
"Raynaud, Jean Michel",Vůně francouzského pečení,2017,271
"Fleischman, Will",Domácí uzení masa na grilu i v udírně,2017,191
"Hájková, Veronika",Domácí řecká kuchyně,2017,188
"Dell Plotnárková, Jana",Vaříme trochu jinak,2017,199
,Vaříme s šéfkuchaři,2017,1024
"Guiliano, Mireille",Francouzky netloustnou,2017,278
"Hay, Louise L.",Tajemství dobrého vývaru,2017,349
"Nácovská, Magdalena",Fitness brokolice v kuchyni,2017,167
"Donnermeyer, Anja",Pečeme bez mouky,2017,127
,1000 receptů z celého světa,2017,1024
"Johansen, Signe",Hygge,2017,207
"Abrahámová, Mária",Maková kuchařka,2017,222
"Riedlová, Michaela",Dobrá sezóna na jaře,2017,128
"Temrová, Pavla",Realitní kuchařka,2017,179
"Wagner, Petr",Dieta při cukrovce,2017,135
"Engels, Nina",Zelené pečení,2017,95
"Mazúrová, Zdeňka",Bezlepkové pečení pro každého,2017,160
"Knorr, Stefanie",Kuchařka ze spíže,2017,135
"Kulštejn, Michal",Sacharidové vlny,2017,248
"Koch, Yvonne H.",Astrologie rostlin,2017,232
"Averbuch, Gloria",Výživa fotbalisty,2017,175
"Coopey, Erin",Nový trend infuzování,2017,176
,Kuchařka na život aneb Ze života faráře Vincence Zahradníka,2017,93
"Řehák, Rudolf",Výroba jemného uzenářského zboží,2017,126
"Eschbach, Constanze von",Vývary z kostí,2017,165
"King, Brynley",Zázračná superpotravina kokos,2017,144
"Gaylard, Linda",Čajové opojení,2017,224
"Karda, Jakub",Kublanka vaří doma,2017,161
"Cheadle, Louise",Kniha o čaji matcha,2017,160
"Lazar, Claudia",36x vegetariánské dobroty,2017,72
"Lazar, Claudia",36x sladký život,2017,73
"Koolman, Klaas",36x chia semínka,2017,40
"Doležalová, Alena",Moučníky které se vždy povedou,2017,208
,Vegetariánská kuchařka Maranatha,2017,1
"Hay, Louise L.",Měj se ráda,2017,331
"Zanoncelli, Anastasia",Klášterní léčivé prostředky pro tělo i duši,2017,159
"Yaron, Ruth",Superjídlo pro děti,2017,151
"Davey, Neil",Jak blafovat o jídle,2017,112
"Staabs, Nicole",Detoxikační smoothies,2017,62
"Cramm, Dagmar von",Vaříme pro miminka,2017,62
"Havlová, Vladimíra",Kuchařka při onemocnění žlučníku,2017,78
"Flanagan, Shalane",Běhejte rychle jezte pomalu,2017,242
,Recepty od maminky,2017,144
"Mandžuková, Jarmila",Rychlovečeře,2017,109
"Kochová, Blanka",Originální domácí kuchařka,2017,96
"Zachová, Zuzana",Bezlepková cukrárna,2017,124
"Walek, Pavel",Projezte se k novému tělu (aneb Hladovění nikam nevede),2017,268
"Winter, Zikmund",Kuchyně a stůl našich předků,2017,144
"Galasso, Eleonora",Jak chutná dolce vita,2017,304
"Bílá, Lea Sage",Bez lepku,2017,160
"Korečková, Květa",Vánoční cukroví s láskou pečené,2017,104
"Postránecký, Václav",Gurmánská cesta životem Václava Postráneckého aneb Zatím se jíst ještě musí,2017,160
"McBride, Kami",Léčivé bylinky v kuchyni,2017,238
"Walz, Anna",Dokonalá dýně,2017,111
,Snídaně a svačiny,2017,159
,Vegetariánská kuchařka,2017,159
"Brand, Christoph",Grilování,2017,176
"Balonová, Jana",Zelená smoothie,2017,123
"Ogilvy, Guy",Alchymistova kuchyně,2017,58
"Havlíček, Petr",Super jídlo podle Petra Havlíčka,2017,178
"Přibylová, Růžena",Sezónní kuchařka,2017,160
"Bailey, Christine",Zdravé džusy nabité energií a smoothie dieta,2017,162
"Quon, Erin",Džusy zdravé řešení,2017,110
"McMillan, Kate",Rychlé večeře pro školáky,2017,127
"Funfack, Wolf",Metabolic balance - (ne)dieta,2017,167
"Visagie, Rowena",Fitness jídelníček na míru,2017,192
"Menta, Angelo",Vášeň pro grilování,2017,344
"Davidová, Petra",Kitchen & the city,2017,223
"Maranik, Eliq",Smoothie bowls,2017,144
"Kuhn, Felicitas",Moje nejkrásnější Vánoce,2017,95
Ošó,Krása lidské duše,2017,251
"Fňašek, Antonín",Kuchařka pro diabetiky a nejen pro ně,2017,295
"Milatová, Růžena",Kuchařka při onemocnění ledvin,2017,93
"Havlů, Karina",Vaříme v remosce,2017,191
"Trèfle Nová, Ria",Smoothie,2017,159
"Motlíková, Andrea",V kuchyni vždy otevřeno,2017,366
"Hess, Reinhardt",Grilování,2017,160
"Mosley, Michael",Snižte hladinu cukru v krvi za 8 týdnů,2017,187
"Mills, Ella",Lahodně s Ellou,2017,79
"Lewis, Sara",Přirozeně zdravá kuchyně,2017,128
,Bezlepková kuchyně,2017,128
"Hughes, Jane",Veganská kuchyně,2017,128
"Esterman, Georgina",Sugar-free kuchyně,2017,128
"Moyle, Nick",Děláme si sami,2017,176
"Wills, Judith",Detox kuchyně,2017,128
"Lewis, Sara",Superfood kuchyně,2017,128
"Freer, Chrissy",Pravé a lahodné jídlo,2017,225
"Capezzuto, Vito",Cookie cups s lahodnou náplní,2017,48
"Parsons, Tony",Odhalené tajemství,2017,109
,Thug kitchen,2017,212
"Kohoutová, Lucie",Recepty ze šumavské vesnice,2017,236
"Lužná, Dagmar",Makrobiotické nedělní vaření,2017,249
"Funfack, Wolf",Metabolic balance® kuchařka,2017,143
"Balonová, Jana",Čerstvě a chutně od jara do zimy,2017,125
"Davis, William",Život bez pšenice,2017,370
,Léto,2017,158
"Bodensteiner, Susanne",Grilujeme,2017,64
"Velíšek, Martin",Dějiny citronu aneb Receptura na zátiší,2017,157
"Mills, Ella",Lahodně s Ellou a přáteli,2017,286
"Choutka, Miloš",Česká vařečka 2018,2017,16
"Choutka, Miloš",Sladké dobroty 2018,2017,16
"Strnadová, Věra",Vtipné kaše,2017,189
"Špetlíková, Vendula",Recepty na spokojený život,2017,119
"Geißler, Lutz",Pečeme si sami chleba,2017,263
"Schlaipfer, Michael",Knedlíková revoluce,2017,94
"Iburg, Anne",Detoxikační nápoje,2017,38
"Hruška, Ladislav",Revoluce v grilování,2017,132
"Campbell, LeAnne",Čínská studie v kuchyni,2017,290
"Muhle-Witt, Christa",Zvěřinová kuchařka,2017,235
"Jonáš, Josef",Jak dál po antibiotikách (a během jejich užívání),2017,239
"Momčilová, Pavla",Polévkové štěstí,2017,119
"Pawassar, Irina",Barevné smoothie,2017,144
"Mangold, Matthias F.",Vařit dokáže každý,2017,336
"Hannová, Daniela",Život je raut,2017,143
"Šemík, Richard",Moderní kuchyně 2018,2017,29
"Raduševa Herber, Renata",Medový kalendář Renaty Herber 2018,2017,29
"Raduševa Herber, Renata",Kalendář zdraví Renaty Herber 2018,2017,29
,Zelenina,2017,80
"Liška, Václav",Hodovní zvyklosti a stolové hry doby Jiřího z Poděbrad,2017,61
"Přibylová, Růžena",Zavařování,2017,160
,Vaříme s babičkou,2017,61
"Procházková, Klára",Vaření hravě v období svátků,2017,111
"Fajstavrová, Jana",Z charitní kuchyně,2017,106
"Ferrie, Suzie",Kouzlíme s bylinkami a kořením,2017,303
"Khosrova, Elaine",Kouzlíme se zeleninou,2017,352
"Wicks, Joe",Lean in 15,2017,236
"Cook, Michelle Schoffro",Nastartujte mozek za 60 sekund,2017,400
,Rychlé obědy,2017,160
"Kansel, Jan",Zdravé snídaně & smoothie 2018,2017,29
"Choutka, Miloš",Hrníčková kuchařka 2018,2017,29
"Šemík, Richard",České tradiční recepty 2018,2017,29
"Bellersen Quirini, Cosima",Uzení pro labužníky,2017,128
"Sillani, Febe",Atlas jídla celého světa,2017,71
"Blatteis, Angela",Polévkový detox,2017,276
"Turecká, Daniela",Nakládačka na věčné časy,2017,166
"Kameníková, Anna",Řešíš,2017,90
"Koníčková, Mirka",Levandule,2017,128
"Fialová, Květa",Prostonárodní kuchařka Květy Fialové,2017,158
"Alinče Dvořáková, Martina",Máma mele vločky,2017,186
"Čermáková, Dana",Kamarádky v kuchyni,2017,189
"Daynes, Katie",Otázky a odpovědi o jídle,2017,11
"Atwood, Lisa",Grilování od A do Z,2017,231
"Kučová, Marika",Manželé v kuchyni,2017,237
"Malá, Andrea",Raw,2017,125
"Sullivan, Rebecca",Umění přirozeného domova,2017,191
"Přibylová, Růžena",Pečeme i bez zkušeností,2017,160
"Ponešová, Anita",Levandule,2017,111
"Dostálová, Radmila",Sója a výrobky ze sóji,2017,21
"Kavka, Miloš",Ryby ostatní vodní živočichové a výrobky z nich,2017,25
,Rok plný sladkostí 2018,2017,30
,Prima Fresh 2018,2017,30
"Chödzin, Sherab",Život Buddhy,2017,170
,Hrníčková kuchařka 2018,2017,13
,Receptář 2018,2017,30
,Vaříme dětem 2018,2017,30
,Česká kuchyně 2018,2017,30
,Vychytávky Ládi Hrušky 2018,2017,30
,Grilování 2018,2017,30
,Ohnivý kuře 2018,2017,30
,Hrníčková kuchařka 2018,2017,30
,Domácí kuchařka 2018,2017,30
"Skopová, Kamila",Čechy domov můj aneb Malá vlastivěda o místech lidech řeči krojích zpívání i stravování,2017,197
"Vejmelka, Jiří",Dieta s nízkým obsahem FODMAPs,2017,57
"Přibylová, Růžena",Pečeme s kváskem a kvasnicemi,2017,160
"Přibylová, Růžena",Vaříme bez zkušeností,2017,160
"Zmrzlý, David",Bezlepková kuchařka vhodná i pro vegany,2017,126
"Jirásková, Vladislava Mlada",Síla léčivých polévek,2017,214
"Winnerová, Alena",Těstoviny,2017,197
"Karchová, Barbora",Rawmania,2017,182
"Rundusová, Kamila Kamu",Nejbarevnější kuchařka,2017,434
"Rychlý, Petr",Recepty z pořadu Rady ptáka Loskutáka,2017,148
"Broschová, Tereza",Opravdové jídlo pro děti,2017,161
"Svobodová, Vendula",Pečenka tradičně jednoduše a kdekoliv,2017,73
"Klíma, Petr",Zeleninová kuchařka,2017,204
"Maranik, Eliq",Detox smoothies,2017,144
"O'Reilly, Lucy",Vejce de luxe,2017,171
Tuan,Vietnamská kuchařka s rodinným příběhem,2017,189
"Pohlreich, Zdeněk",Kulinárium,2017,267
"Au, Franziska von",Domácí recepty proti nemocem,2017,319
"Miles, Hannah",Polévka a sendvič,2017,62
,Oleje,2017,64
"Simpson, Jeff",Sušenky pro psy,2017,64
"Procházková, Klára",Hravě na svatého Martina,2017,55
"Pospíšil, Matěj",Sám doma a hladový,2017,154
"Borozidu, Jana",Naše hustý kaše,2017,185
"Müllerová, Linda",A co teda jíš,2017,191
"Vaněk, Roman",Kuře,2017,93
"Malá, Andrea",Divoké byliny a květy,2017,125
"Turek, Bohumil",Vliv kulinární úpravy potravin na jejich nutriční hodnotu,2017,21
"Francová, Eva",Rok ve Svatojánu,2017,345
"Bodlák, Jiří",Příroda léčí,2017,247
"Wittenberg Gašparová, Dominika",Švédská kuchařka,2017,205
"Hřebíčková, Barbora A.",Recepty starých mistrů aneb Malířské postupy středověku,2017,176
"Švecová, Michaela",Fitness recepty,2017,172
,Restaurant Evropa aneb Gurmánský výlet napříč starým kontinentem,2017,168
"Charouz, Jan",Zdravá kuchařka Jana Charouze,2017,96
"Kostková, Tereza",Srdce mého ostrova,2017,104
"Hlaváček, Honza",50 odstínů hantecu,2017,206
"Bühring, Ursel",Recepty z bylinek,2017,144
"Berková, Jana",Kvásková kuchařka bez lepku a bez cukru,2017,125
,Mražené dezerty,2017,126
,Obědy do krabičky,2017,144
,Vejce na 100 způsobů,2017,160
"Butler, Jacqueline",Moderní cukrové květy,2017,157
"Thorisson, Mimi",Francouzská venkovská kuchyně,2017,335
"Greiner, Karin",Moje domácí lékárna z léčivých bylin,2017,143
"Clark, Maxine",Vychytaná pizza,2017,159
"Matějka, Štěpán",Lesní kuchařka,2017,230
"Strýčková, Jana",Draci v hrnci co jedly princezny,2017,85
"Těšínský, David",Recepty pro diabetiky XV 2018,2017,32
"Ridi, Emanuele",Pasta e basta,2017,220
"Vybíralová, Helena",Helenčino pečení,2017,85
"Alix, Jean-Claude",Jde o vaši stravu,2017,149
"Malá, Andrea",Smoothie bowls,2017,125
"Kovácsová, Petra",S jídlem roste chuť,2017,120
"Pitchford, Paul",Přírodní stravou ke zdraví,2017,749
"Říhová, Barbora",Jedlé dárky od rebarboraskitchen,2017,146
"Přibylová, Růžena",Vánoce,2017,160
"Šupáková, Michaela",Cooking with Šůša,2017,142
"Hrubešová, Karolína Katchaba",Nebojte se jíst - a hubnout,2017,180
"Žurman, Alexandr",Guláše a jejich příbuzní,2017,137
"Zemanová, Veronika",Kuchařka pro mého muže,2017,175
"Škoda, Martin",Škoda nevařit,2017,219
"Kazdová, Lucie",Bez lepku,2017,168
"Borowiec, Pavel",Kniha o pivu,2017,233
"Tran, Long",Víc než jen vietnamská kuchařka,2017,127
"Gladstar, Rosemary",Bylinné recepty pro zářivé zdraví,2017,398
"Trenchi, Cinzia",Veganská kuchařka,2017,158
"Widerstrom, Jennifer",Správná strava pro váš osobnostní typ,2017,448
"Zemanová, Hana",BioAbecedář Hanky Zemanové,2017,422
"Jílková, Cecílie",Najím se a zhubnu,2017,150
"Inman, Henrietta",Zdravé dobroty,2017,176
"Mallet, Jean-François",Simplissime,2017,383
"Švorc, Luděk",Povídková kuchařka starého rybáře,2017,188
"Trenchi, Cinzia",Superpotraviny,2017,159
"Sehn, Clarissa",Vegetariánské rychlovky,2017,191
"Schinharl, Cornelia",Rychlé večeře,2017,62
"McMillan, Kate",Burgery,2017,127
"Lehovcová, Dana",Polévka je grunt,2017,74
"Petrášková, Zuzka",Napečeno od Zuzky,2017,76
"Talpová, Zdenka",Rychlé večeře,2017,76
"Nosková, Lada",Štěstí na talíři,2017,268
"Fuggle, Georgina",Luštěniny,2017,176
"Hasalová, Soňa",Buchty a koláče,2017,115
,The best of Apetit,2017,230
,Zima,2017,158
,Krajiny prostřených i prázdných stolů,2017,331
"Trhoňová, Iva",Ruce v mouce,2017,191
"Monroe-Cassel, Chelsea",World of warcraft,2017,217
"Kyčera Kučerová, Veronika",Sláma v botách,2017,191
"Ludwig, David",Máte stále hlad,2017,439
"Zrůstková, Radmila",Domácí nápoje pro zdraví,2017,99
"Frej, David",Stravou proti zánětu,2017,175
"Walterová Benešová, Barbora",Recepty z Benwalterovic farmy aneb Když jídlo skutečně milujete,2017,53
"König, Ilse",Mini mánie,2017,159
"Vogt, Jacqueline",Ryby z našich rybníků a řek,2017,144
"Zunner, Marianne",Vaříme pro vegetariány,2017,62
,Cibule,2017,79
,Česnek,2017,79
"Kožušník, Edvard",Prostě jez,2017,136
"Přibylová, Růžena",Vánoce,2017,160
"Benešová, Olga",Mražené krémy,2017,21
"Menky, Monika",Můj život bez lepku,2017,189
"Kosek, Jan",Nedieta,2017,99
"Bartošovská, Gabriela",Recepty dětem,2017,162
"Heřtová, Dagmar",Bylinky na mém stole,2017,406
"Fiala, Pavel",Mistr opratí Jiří Kocman aneb Kterak kočí z Koles se čtyřspřežím starokladrubských běloušů až do Windsoru dojel s královnou Alžbětou II povečeřel přičemž předtím dvakráte Taxisův příkop ve Velké pardubické steeplechase v sedle překonal a potom princeznu ke sluji draka vezl a další vzpomínky a příběhy,2017,267
"Jacobi, Dana",Superjídlo,2017,223
"Trnková, Klára",Slavnostní recepty naší babičky,2017,119
"Aurell, Brontë",Fika & hygge,2017,171
"Holomková, Stanislava",Fit smoothies,2017,113
"Forslin, Liselotte",Dobré ráno,2017,121
"Ankarloo, Mette",Vaření je hračka,2017,124
"Hellberg, Amanda",Co dům dal,2017,121
"McCartney, Mary",Jídlo,2017,255
"Oliver, Jamie",5 ingrediencí pro rychlá a snadná jídla,2017,317
,Poklady české kuchyně,2017,162
"McMillan, Kate",Pizza,2017,127
"McMillan, Kate",Těstoviny,2017,127
"Hájek, Štěpán",100x Desert,2017,285
"Lien Čepelková, Renata",Jídlo jako lék proti stárnutí,2017,239
,Šťastná italská kuchyně,2017,221
"Dobrovodský, Vladko",Česká kuchyně 2018,2017,29
"Kohoutová, Lucie",Tradiční svátky a recepty ze šumavské vesnice,2017,205
"Dobrovodský, Vladko",Sladké recepty 2018,2017,30
,Vánoce v kuchyni,2017,80
,Cookies 2018,2017,14
"Čechová, Kristina",Moje tělo koučink,2017,254
"Vašák, Jaroslav",První republika u stolu,2017,334
"Macková, Marcela",Těstohrátky aneb Jihočeské lidové pečivo tradičně i netradičně,2017,116
"Kohout, Pavel",Onemocnění slinivky břišní - dieta pankreatická,2017,130
"Svobodová, Marie B.",Kuchařská škola Marie B Svobodové,2017,412
,Erasmus mix chutí aneb Moje Erasmus kuchařka,2017,31
"Lamschová, Petra",Jde to i bez mléka a vajec,2017,138
"Růžička, Oldřich",Herbář pro děti,2017,35
"Georgiou, Claire",Jablečný ocet - očistná kúra,2017,172
"Holomková, Stanislava",Fit smoothie bowls,2017,85
"Ankarloo, Mette",Grilujeme s přáteli,2017,123
"Bardi, Carla",Pravá italská kuchyně,2017,319
"Bednářová, Kateřina",Tvarůžková kuchařka,2017,174
"Volger, Lukas",Vegetariánské burgery na všechny způsoby,2017,188
"Terziotti, Davide",Gin,2017,143
"Žaloudková, Miluše",Mnoho z jednoho aneb Vaříme v římském hrnci,2017,46
"Ottolenghi, Yotam",Ottolenghi,2017,304
"Locke, Amber",Domácí polévkárna,2017,144
"Gergely, Anikó",Culinaria Maďarsko,2017,317
"Hůrková, Kamila",Metodika necílové hmotnostně spektrometrické analýzy (fingerprinting) a metabolického profilování pro odhalení jednotlivých druhů a poddruhů ovoce v ovocných výrobcích,2017,24
"Sapík, Jaroslav",Domácí kuchyně 2018,2017,30
"Eklová, Dani",Grilujeme 2018,2017,30
"Štajnochr, Vítězslav",Zámecké kuchyně,2017,231
"Turecký, David",Kuchařka pro supertátu 2018,2017,30
"Háva, David",Krajová kuchyně 2018,2017,30
"Dobrovodský, Vladko",Vaříme a pečeme zdravě 2018,2017,30
"Dobrovodský, Vladko",Recepty za kačku 2018,2017,30
"Trnková, Klára",Nedělní recepty naší babičky 2018,2017,30
"Medek Kopaninský, Ivo",Čas k dílu čas k jídlu s recepty našich prapředků 2018,2017,16
"Dobrovodský, Vladko",Kuchařka (ne)jen pro muže 2018,2017,30
"Samuel, J. K.",Trhovní kuchařka staročeská,2017,92
"Koren, Drees",Zimní smoothies,2017,125
"Villa, Mariagrazia",Italská kuchařka,2017,159
"Maciejko-Zielińska, Katarzyna",Zdravé sladkosti po celý den,2017,228
"Daniels, Sabrina Sue",Bezlepkové sladké a slané pečení,2017,128
"Mandžuková, Jarmila",Knedlíky,2017,124
"Hlubučková, Barbora",Jíme zdravě s Fitrecepty,2017,1
"Košťálová, Alexandra",Děti v kuchyni vítány,2017,161
,Duchovní probuzení Světlany Hrušovské,2017,1
"Růt, Pavel",Pražská kuchyně,2017,542
"Karpíšková, Bára",Snídaně,2017,136
"Sasková, Andrea",Vaříme srdcem,2017,107
"Petrášková, Zuzka",Napečeno od Zuzky,2017,76
,Cibule,2017,79
,Povídková kuchařka starého rybáře,2017,1
"Rundusová, Kamila Kamu",Nejbarevnější Mexiko,2017,303
"Veverka, Marek",13 děsivých těstovin,2017,1
"Königová, Anna",Kosmetická kuchařka,2017,121
Adirádža dása,Krišnova vegetariánská kuchařka,2017,301
,Dětská gastronomická herna,2017,1
,Kurzy vaření,2017,1
"Malá, Andrea",Vánoční kuchařka,2017,125
"Horký, Pavel",Metodický postup eliminace tepelného stresu u monogastrických zvířat pomocí dietního selenu,2017,25
"Halatová, Vladěna",Tradiční sladké pečení,2017,1
"Třešňáková, Renata",Zdravé cukroví,2017,123
"Kapounová, Zlata",Diety ve školních jídelnách,2017,264
"Charvátová, Barbora",Máma v kuchyni,2017,199
"James, Dominic",Kulinářské cesty po České republice,2017,585
"Chmelíková, Hana",Domácí marmelády od Hanky,2017,202
"Saint Germain, Kateřina",My cooking diary,2017,3
"Walek, Pavel",Zdravě a chutně k vysněné postavě,2017,270
"Holub, Miroslav",Vařte s láskou a jezte s mírou,2017,319
"Doležal, Vladimír",Hrníčkové moučníky 2018,2017,28
"Čapek, Petr",Jak se stát baristou,2017,96
"Levý, Eduard",Sladkovodní ryby,2017,111
"Dusy, Tanja",Smoothies,2017,64
"Trnková, Klára",Tajné nedělní recepty naší babičky,2018,38
"Matthaei, Bettina",Moderní vegetariánská kuchařka,2018,238
"Dittmer, Diane",Kuchařka z lesů a luk,2018,159
"Bretherton, Caroline",Naklíčeno,2018,69
"Morningstar, Amadea",Ájurvédská kuchařka,2018,481
"Mengerová, Olga",Vaříme pro kojence a batolata,2018,168
"Tůma, Václav",Léčivá síla Bali,2018,151
"Bingemer, Susanna",Superpotraviny,2018,191
"Ilies, Angelika",Minutky z masa,2018,143
"Lange, Elisabeth",Zbavte se pálení žáhy,2018,167
"Koch, Michael",Vaříme poctivě po domácku,2018,168
"Manning, Joy",Co by měl kuchař dobře znát,2018,143
"Joshi, Liat Hughes",Odpojte své dítě od sítě,2018,127
"Oškerová, Dita",Kouzlo léčivých bylinek,2018,115
"Quinn, Sue",Lahodná jídla z jednoho plechu,2018,158
"Maranik, Eliq",Smoothies na zahřátí,2018,143
"Vlková, Jana",Kytky k jídlu v receptech i herbáři,2018,221
"Vaněk, Roman",Zelenina a luštěniny,2018,95
"Králová, Katarína",Neštěkej a jez,2018,191
"Fürstler, Angelika",Výhonky a mikrozelenina,2018,195
"Šmikmátorová, Pavla",Receptíky pro kuchtíky,2018,60
"Egressy, Jitka",Tuk není nepřítel,2018,151
"Bezděk, Jaroslav",Výroba uzenin specialit a konserv,2018,155
"Keithová, Jana",Zdravé svačiny do školy i do práce,2018,70
"Müller, Sven-David",Zdravá a chutná strava při onemocnění dnou,2018,95
"Pompa, Robin Nixon",Zdravé děti bez alergií,2018,222
"Milatová, Růžena",Bezezbytková dieta při onemocnění střev,2018,76
"Cuneo, Cinzia",Jídlem proti Alzheimerově chorobě a jiným neurodegenerativním nemocem,2018,223
"Doležalová, Alena",Polévky,2018,219
"Katolická, Jana",Kuchařka pro pacienty s nádorovým onemocněním močového systému,2018,51
"Ballard, Miranda",Uzeninové delikatesy,2018,160
"Oškerová, Dita",Kouzlo léčivých bylinek,2018,113
"Cséfalvay, Ildikó",Maďarská kuchařka,2018,103
"Procházková, Klára",Dezerty hravě,2018,81
"Soukupová, Eva",S Piráty na rybách a houbách aneb Když neberou jdeme na houby,2018,168
"Riedl, Matthias",Vaříme a pečeme pro diabetiky,2018,62
"Farrow, Joanna",Seznamte se matcha,2018,106
"Ryšavá, Jana",Obrázková kuchařka,2018,271
"Procházková, Simona",Zahrádkářem vědomě,2018,123
"Šandorová, Renata Sofia",Vládnu silou lásky,2018,85
"Halmos, Monika",Domácí sirupy a limonády,2018,31
,Velikonoce,2018,78
"Zelinka, Ladislav",Dobrodružství v kuchyni,2018,186
"Selmi, Elisa",Italština pro gourmety,2018,103
"Beyrová, Aneta",Holky jezte zase vdolky,2018,236
"Delvaux, Catherine",100 receptů pro rozkvetlou zahradu balkon i terasu,2018,254
"Taussig, Pavel",Květinový rok,2018,121
,Život z pánve & recepty,2018,46
"Patel, Nitisha",Moderní indická kuchařka,2018,157
"Schäfer, Christiane",Vaříme bez lepku,2018,63
,Jídlo nás spojuje,2018,112
"Hadašová, Klára",Domácí pekař aneb Jak přijít vlastním přičiněním k dobrému pečivu,2018,399
"Broučková, Pavlína",Detoxikační kuchařka,2018,114
,Lehká kuchyně,2018,157
"Doležalová, Alena",Domácí krabičková dieta a „tukožrouti“,2018,205
"Edgson, Vicki",Semínka,2018,176
,Česnek,2018,79
"Talpová, Zdenka",Rychlé večeře,2018,76
"Koren, Drees",Vaříme z české zahrádky,2018,94
"Koren, Drees",Smoothies a jiné zdravé nápoje,2018,94
"Koren, Drees",Pečeme zdravě,2018,94
"Koren, Drees",Italská kuchařka,2018,94
"Koren, Drees",Superpotraviny,2018,94
"Montes, Raphael",Tajná večeře,2018,364
"Dell Plotnárková, Jana",Cukrfree,2018,288
,Culinaria Itálie,2018,380
"Trenchi, Cinzia",Pouliční jídlo,2018,158
"Schäfer, Christiane",Pečeme bez lepku,2018,63
"Sedlářová, Lenka",Sladkosti a slanosti,2018,153
"Greiner, Karin",Superpotraviny - tuzemské divoké rostliny,2018,126
"Mengerová, Olga",Bezlepková dieta,2018,130
"Khom, Pavel",Objev univerzální jednoty,2018,356
"Kohoutková, Iva",Vaříme bez lepku,2018,189
"Huang, Ching-He",Wok snadno a rychle,2018,199
"Herft, Nicole",Zdravá požitkářka,2018,95
,Lahodné dipy,2018,64
"Hrubešová, Karolína Katchaba",Recept(y) na zhubnutí,2018,172
"Wilson, Sarah",Bez cukru v pohodě a napořád,2018,232
"Gajdošík, Jiří",Baked with love,2018,81
"Šedivý, Václav",České masné výrobky,2018,524
"Perlmutter, David",Moučný mozek - celoživotní plán,2018,254
"Procházková, Kamila",Moderní česká kuchyně,2018,69
"Schmelzle, Katrin",Moje zahradní kuchařka,2018,191
"Hejlík, Lukáš",Gastrokroužek,2018,250
,The best of Apetit,2018,228
"Faktor, Viktor",Staropražská kuchařka,2018,111
"Kučerovská, Julie",Kuchařka pro teenagery,2018,189
"Nentwig, Celia",Divoké rostliny,2018,160
"Houba, Miroslav",Luskoviny,2018,94
"Kintrup, Martin",Saláty,2018,62
"Ritter, Claudia",Rostlinná antibiotika si vyrobíme sami,2018,142
,Obědy do krabičky,2018,159
"Mrzenová, Daniela",Velká kuchařka nejlepších šéfkuchařů,2018,601
"Linford, Jenny",Košík plný rajčat,2018,159
"Visram, Shazi",Přírodní superjídlo pro děti a batolata,2018,133
"Martin, James",Francouzské dobrodružství Jamese Martina,2018,191
"Balíková, Marieta",Receptury dětských pokrmů,2018,255
"Svitáková, Ivana",Hasičská kuchařka aneb Dobré jídlo a dobrá rada od hasičů,2018,80
"McMillan, Kate",Plech plný dobrot,2018,111
"Rea, Shiva",Opatruj oheň svého srdce,2018,287
"Kansel, Jan",Zdravé snídaně & smoothie 2019,2018,29
"Choutka, Miloš",Bezlepková kuchařka 2019,2018,29
"Kansel, Jan",Mini zákusky & cukroví 2019,2018,29
"Raduševa Herber, Renata",Renata Herber 2019,2018,29
"Mintělová, Kateřina",Sám sobě pekařem s pekárnou ETA,2018,58
"Purchese, Darren",Šéfkuchaři také milují tousty,2018,165
"Enders, Kateřina",Buddhovy misky,2018,175
"Lund, Kristina",Fika,2018,221
,Grilování,2018,81
"Hrevušová, Radka",Bylinky na talíři i v domácím léčení,2018,211
"Storr, Martin",Dieta při trávicích poruchách,2018,192
"Ekart, Vladimír",To mám rád já,2018,120
"Enns, Anton",Red hot chilli kuchařka,2018,93
"Raduševa Herber, Renata",Kalendář zdraví Renaty Herber 2019,2018,29
"Fibæk, Caroline",Hormony v harmonii,2018,180
"Carreiro, Suzanne",Pes který jedl lanýže,2018,397
"Linford, Jenny",Česnek,2018,159
"Oettle, Susanne",Likéry od jara do zimy,2018,123
"Bailey, Christine",Zdravé zažívání,2018,177
"William, Anthony",Štítná žláza a její léčba,2018,271
"James, Dominic",Kulinářské cesty po České republice,2018,657
"Markus, Parvati",Miluj každého,2018,472
"Koren, Drees",Letní smoothies,2018,125
"Budzyk, Konrad",Hummusy a pasty,2018,207
,Přesnídávky obědy a svačinky,2018,281
"Lomský, František",Superfoods na dlani,2018,127
"Slajerova, Martina",Keto dieta pro začátečníky,2018,208
"Rubášová, Petra",Domácí sýry,2018,159
"West, Zita",Projezte se k těhotenství,2018,160
,Hrnčeku vař,2018,79
"Formáčková, Lucie",Receptář přípravy pokrmů,2018,47
"Formáčková, Marie",Receptář přípravy pokrmů,2018,51
"Formáčková, Marie",Receptář přípravy pokrmů,2018,47
"Formáčková, Marie",Receptář přípravy pokrmů,2018,47
"Steinhauser, Ladislav",Příběhy potravin,2018,434
Břicháč Tom,Máme to rádi zdravě,2018,190
"Cingrošová, Klára",Jak jsme vařili a jedli,2018,157
"Hrubešová, Karolína Katchaba",Food & fitness,2018,362
"Guttersen, Connie",Hubněte sebeláskou,2018,326
"Svatušková, Hana",Cukroví nejen na Vánoce,2018,1
"Poláčková, Blanka",Saláty,2018,168
,Netradiční pečivo,2018,159
"Schmid, Jeremy",Uzení,2018,159
"Fuhrman, Joel",Skoncujte s nemocemi srdce,2018,375
"Rubášová, Petra",Domácí medová kuchařka,2018,135
"Suchý, Ondřej",Vaření s úsměvem 2019,2018,30
"Babica, Jiří",Vaříme s Jiřím Babicou 2019,2018,30
"Dobrovodský, Vladko",Sladké recepty 2019,2018,30
"Dobrovodský, Vladko",Vaříme a pečeme zdravě 2019,2018,30
,Bylinky & čaje,2018,30
"Voborová, Denisa",Avokádo,2018,103
"Marciniewicz, Katarzyna",Sklenice plné dobrot,2018,239
"Ferrigno, Ursula",Citrony a limety,2018,159
"Trenchi, Cinzia",Chytré jídlo,2018,159
,Dietní bible aneb Konec hladovění,2018,178
"Berriedale-Johnson, Michelle",Kuchařka pro alergiky,2018,253
"Dobrovodský, Vladko",Domácí kuchyně 2019,2018,30
,Grilujeme 2019,2018,29
"Dobrovodský, Vladko",Kuchařka (ne)jen pro muže 2019,2018,29
"Dobrovodský, Vladko",Česká kuchyně 2019,2018,29
"Winnerová, Alena",Hotovky,2018,157
"Winnerová, Alena",Zuzanka a Jiřík vaří,2018,96
"Pohlreich, Zdeněk",Fresh kuchyně,2018,204
,Cibule,2018,79
"McMillan, Kate",Kuře,2018,127
"Bailey, Clare",Snižte hladinu cukru v krvi za 8 týdnů,2018,208
"Jerie Lukášková, Martina",Svatojanský lunární kalendář,2018,318
"Vaněk, Roman",Maso,2018,95
"Hlubučková, Barbora",Jíme zdravě ve městě i na venkově,2018,256
"Watanabe, Crystal",Zdravé a hravé svačinky BENTO,2018,144
"Willoughby, Tereza",Bistro doma,2018,183
,Kurkumová kuchařka,2018,128
"Vaněk, Roman",Snadno & rychle,2018,2
"Vaďurová, Kateřina",S knížaty u stolu,2018,271
"Dušátko, Josef",Domácí řeznická kuchařka,2018,163
"Olivier, Michele",Opravdové jídlo pro děti,2018,176
"Minárik, Peter",Dieta pro diabetiky,2018,319
"Koren, Drees",Kuchařka nejen pro vegetariány,2018,125
"Koren, Drees",Salátové variace,2018,125
"Grofová, Zuzana",Lákavá i chutná - úprava stravy u poruch polykání,2018,164
"Honsnejmanová, Dagmar",Mokerský receptář aneb Jak jsme jedli kdysi a jak jíme dnes,2018,143
"Rákosníková, Jitka",Recyklovaná kuchařka Jitky Rákosníkové,2018,152
"Doležalová, Alena",Moučníky které se vždy povedou,2018,208
"Hannah, Susan",Život bez migrény,2018,309
"Koren, Drees",Superzdravá kuchařka,2018,125
"Koren, Drees",Super snídaně,2018,124
"Milatová, Růžena",Kuchařka při onemocnění slinivky,2018,87
"Cramm, Dagmar von",Vaříme pro batolata,2018,64
,Bleskové dezerty,2018,158
"McCabe, Delia",Nakrmte svůj mozek,2018,299
"Waller, Pip",Bylinky pro zdraví a krásu,2018,191
"Vybíralová, Helena",Helenčino pečení,2018,116
"Bednářová, Jaroslava",Herbář aneb Příroda ve vaší kuchyni,2018,323
"Lucque, Riccardo",Italská kuchařka,2018,289
"Slabíková, Kateřina",Zdravé pomazánky,2018,170
"Gerlich, Jaroslav",S Veverkou v kuchyni,2018,90
"Švecová, Michaela",Fitness recepty,2018,207
"Bartáková, Nikola",Postav si svou postavu,2018,184
"Forêt, Rosalee de la",Alchymie bylin,2018,361
"Tichá, Kačka",Voňavý inspiromat,2018,160
"Hasalová, Soňa",Polévky omáčky zálivky dresinky,2018,133
"Ponocná Kamberská, Karolina",Karolína,2018,206
"Kopřivová, Jana",Kopřichařka aneb Vždy to končí jídlem,2018,263
"Zlatoš Turnerová, Tina",Supertělo,2018,192
"Formáčková, Lucie",Příprava pokrmů,2018,47
"Formáčková, Marie",Receptář přípravy pokrmů,2018,1
,Hrníčková kuchařka 2019,2018,13
"Maranik, Eliq",Probiotická smoothies,2018,160
"D'Offay, Timothy",Tajemství domácí čajovny,2018,143
"Bahen, Melissa",Skandinávské oslavy,2018,230
"Mrzenová, Daniela",Velká kuchařka nejlepších šéfkuchařů,2018,597
"Aubrecht, Karel",O šťastných prasátkách,2018,129
"Becker, Peter",Vaříme z divokých bylin,2018,160
"Březinová, Ivona",Hrnečku vař,2018,133
"Entinger, Adelheid",Bylinkové pečení,2018,117
"Dvořáková, Lucie",Dorty Chez Lucie,2018,159
"Carlson, Kristi",Jezte jako Gilmorky,2018,279
"Ligges, Ute",Kouzla s dýněmi,2018,160
"Stahlová, Petra",Moderní veganské dezerty,2018,237
"Ramos, Amy",Keteodieta pro začátečníky,2018,174
,101 burgerů a sliderů,2018,143
"Laudage, Ferdinand",Vaříme si vlastní pivo,2018,120
"Edwards, Natasha",Prospěšný česnek,2018,93
"Seldon, Natalie",Prospěšné ořechy & semena,2018,95
"Coughlin, Hannah",Prospěšný med,2018,94
"Jessop, Lucy",Prospěšné avokádo,2018,95
"Stenzlová, Ivana",Dej tělu šanci k přirozené rovnováze štíhlosti a zdraví,2018,283
"Frenkiel, David",The green kitchen,2018,247
"Gallo, Genny",Atlas jídla,2018,94
"Topinková, Barbora",Jak zhubnout těch blbých 6 kilo,2018,181
"Vašková, Svatava",Tak chutná hygge,2018,170
"Futóová, Štefánia",Pečení s fantazií pro malé i velké,2018,127
"Francová, Eva",Sladkosti ze Svatojánu,2018,219
"Pospíšil, Matěj",Sama doma a hladová,2018,178
"Hálková, Adéla",Bez buchet se nevdáš,2018,159
"Šebestová, Marcela",Babiččino kuchařské umění,2018,127
,Grilování 2019,2018,30
"Poláček, Jiří",Česká kuchyně 2019,2018,30
"Jílková, Cecílie",Najím se a zhubnu,2018,62
"Myllymäki, Tommy",Maso,2018,218
,Domácí kuchařka 2019,2018,30
"Hruška, Ladislav",Vychytaný kalendář 2019,2018,30
"Koplík, Václav",Atlas hub Dúbravy,2018,200
,The best of Apetit,2018,228
"Gauld, Tom",Pečeme s Kafkou,2018,158
,Teď vařím já,2018,22
"Štěpnička, Miloš",Nový velký rybí receptář Miloše Štěpničky,2018,316
"Paltrow, Gwyneth",Je to tak snadné,2018,269
"Ottolenghi, Yotam",Ještě více hojnosti,2018,351
"Hradecká, Gabriela",Bezlepkové kváskové pečení,2018,88
"Macková Hrochová, Petra",Labužníkem na plný úvazek,2018,227
"Nguyen, Bé Hà",Vietnamská kuchařka od Bé Hà a její maminky,2018,118
"Wu, Yansheng",Čínský zen,2018,198
"Matthews, Shaun",Umění vyváženého života,2018,246
"Trnková, Klára",Ovocné dezerty a moučníky naší babičky,2018,60
"Artz, Vojtech",Vánoční kuchařka,2018,80
"Hobbins, Ngaire",Strava pro zdravý mozek,2018,241
"Trenchi, Cinzia",Jídlo pro sportovce,2018,159
"Oliver, Jamie",Jamie Oliver vaří po italsku,2018,405
"Kohoutová, Marcela",Provařená historie,2018,131
"Allam, Paul",Pouliční pekařství,2018,311
"Pfannebecker, Inga",Rychlé rodinné recepty,2018,64
"Schlaich, Jasmin",Müsli tyčinky,2018,48
"Manfredi, Stefano",Nová pizza,2018,247
"Gato, Martin",1500 moderních bylinářských receptů,2018,216
"Hrnčířová, Dana",Rádce školní jídelny,2018,66
"Vašíčková, Daniela",Danky mňamky,2018,184
"Strnadelová, Vladimíra",Radost z jídla,2018,349
"Kajanová, Tatiana",Veselé avokádo,2018,99
"Motte, Mathilda",Mochi,2018,119
"Mandžuková, Jarmila",Vánoční cukroví na poslední chvíli,2018,93
"Grusová, Lucie",Voňavá kuchařka,2018,656
"Guth, Christian",Zelené smoothies,2018,62
"Pospíšil, Pavel",Moje cesta k Michelinu,2018,218
"Winterová, Kateřina",Jíst a žít,2018,245
"Marley, Cedella",Vaříme s konopím,2018,231
"Lien Čepelková, Renata",Dotyk jako lék z pohledu čínské medicíny,2018,191
"Sisson, Mark",Keto reset dieta,2018,440
"Forman, Matěj",Už se vaří má panenko,2018,211
"Novák, Jan",Mák jako potravina a droga,2018,224
"Fatková, Gabriela",Tachovská kuchařka receptů příběhů a vzpomínek =,2018,319
"Štika, Jaroslav",Lidová strava na Valašsku,2018,231
Bezlepková Margottka,Srdcem v kuchyni,2018,229
"Kuntzmannová, Miroslava",S trochou nostalgie 3 aneb Československá retro kuchařka,2018,208
"Hawkins, David R.",Vševidoucí já,2018,261
"Vavrečková Janišová, Jolana",Jídla Světla,2018,1
,Kurzy vaření,2018,1
"Mouratoglou, Christina",Mazi,2018,288
"Štechová, Kateřina",Svíčková jako od maminky aneb Recepty nejen pro diabetiky,2018,314
,Kurz zdravého vaření,2018,1
,Ohnivý kuře II 2019,2018,30
,Babiččiny recepty 2019,2018,30
"Spěvák, Jindřich",Receptář 2019,2018,30
,Hrníčková kuchařka 2019,2018,30
"Poláček, Jiří",Zdravě jíst zdravě žít 2019,2018,30
,Rok plný sladkostí 2019,2018,30
,Příručka mladého zahradníka,2018,64
"Choutka, Miloš",Česká vařečka 2019,2018,16
"Trnková, Klára",Tajné vánoční recepty naší babičky,2018,39
"Trnková, Klára",Babiččiny nedělní sladkosti,2018,27
,Úsporná kuchařka,2018,48
,Vánoční receptář,2018,71
"Vaďurová, Kateřina",S knížaty u stolu,2018,271
"Daniels, Sabrina Sue",Kurkuma,2018,63
"Donhauser, Rose Marie",Avokádo,2018,63
"Donhauser, Rose Marie",Zázvor,2018,63
"Bucharová, Jana",Ovocné stromy,2018,78
"Šebelová, Marie",Zařízení závodů,2018,71
"Šebelová, Marie",Potraviny a výživa,2018,114
"Mahelová, Linda",Můj bylinkový diář,2018,1
"Trnková, Klára",Nedělní recepty naší babičky 2019,2018,30
"Stříbrský Jindřichová, Ivana",Cat & cook,2018,280
"Trnková, Klára",Lunární kalendář našich babiček 2019,2018,30
"Halatová, Vladěna",Hlavní jídla pečivo a speciality,2018,127
"Lišková, Táňa",Závislá na čokoládě,2018,149
,Některý den může být bezmasý,2018,1
,Česneková festivalová kuchařka,2018,171
"Doležal, Vladimír",Hrníčkové moučníky 2019,2018,28
,Od jara do zimy,2018,175
"Bohdalová, Jiřina",Když hvězdy vaří,2018,1
"Šritrová, Lucie",Kuchařka veganská pralesní,2018,31
,Vaříme se sestrou Flavií,2018,76
"Levý, Eduard",Sladkovodní ryby,2018,1
"Vícha, Daniel",Katolické speciality,2019,93
"Břízová, Joza",Vaříme zdravě chutně a hospodárně,2019,498
"Lynch, Tavis",Pěstování hub,2019,143
"Mengerová, Olga",Smoothies,2019,192
"Hagara, Ladislav",Houby,2019,176
"Gundry, Steven R.",Skryté nebezpečí zdravých potravin,2019,279
"Fabiánová, Jana",Krásně zdravá,2019,183
"Vlková, Jana",Pampelišky k jídlu,2019,89
"Müller, Sven-David",Chutně při artróze a artritidě,2019,85
"Balsekar, Ramesh S.",Usiluj o štěstí a získej osvícení,2019,173
"Alborghetti, Roberto",U stolu s papežem Františkem,2019,207
"Segal, Eran",Dieta na míru,2019,301
"Santtini, Laura",Tajemství těstovin,2019,174
"Pattison, Tracey",Zdravá jídla z pomalého hrnce,2019,239
"Grant, Amanda",Děti v kuchyni,2019,129
"Bailey, Christine",Strava pro podporu činnosti mozku,2019,215
"Hann, Judith",Bylinky,2019,239
"Šmikmátorová, Pavla",Pohádková kuchařka,2019,59
"Olsson, Nina",Veggie burgery,2019,160
"Vaněk, Roman",Maso,2019,95
"Ulíková, Jana",Ketodieta,2019,182
"Graham, Douglas N.",801010 - stravovací program,2019,399
"Doležalová, Alena",Fit moučníky a dezerty,2019,170
"Cabrol, Marta",Moje první slůvka,2019,20
"Myers, Amy",Za čím vším stojí štítná žláza,2019,469
"Tyšerová, Dagmar",Hospodaření a nakládání se státním majetkem,2019,230
"Kumai, Candice",Kincugi pro šťastný život,2019,333
,Sushi,2019,85
"Theodorou, Susie",Středomořská kuchařka,2019,191
Ošó,Osvícení je vaše podstata,2019,227
"Müller, Sven-David",Chutně pro diabetiky,2019,96
"Nováková, Michaela",Jídelníčky na hubnutí,2019,191
"Lebenhart, Jakub",Jakubovy recepty pro zdraví,2019,97
"Trhoňová, Iva",Upečeno s láskou,2019,264
"Francová, Eva",Polévky ze Svatojánu,2019,219
"Von Bremzen, Anya",Kukuřice komunismus a kaviár,2019,427
"Korečková, Květa",Vaříme s láskou jíme s chutí,2019,183
"Jas-Baran, Marta",Zdravá výživa pro nejmenší,2019,231
"Walz, Anna",Pečeme chleba,2019,62
"Savill, Antoinette",Lahodně bez lepku a laktózy,2019,187
"Lípa, Jan",Učení Fráni Drtikola,2019,205
"Strauß, Markus",Lesní lékárna,2019,203
"Ikeda, Atsuko",Sushi jednoduše a rychle,2019,159
,Prostřeno 10,2019,181
"Havlová, Vladimíra",Kuchařka při onemocnění žaludku,2019,104
"Stone, Joshua David",Jak dosáhnout vzestupu v tomto životě,2019,342
"Svobodová, Barbora",Hravé fit recepty,2019,139
"Svatušková, Hana",Chuťovky pro každého,2019,42
"Berner, Rotraut Susanne",Děti vaří celý rok,2019,141
"Trenchi, Cinzia",Bylinky a koření,2019,158
"Trenchi, Cinzia",Za studena lisované šťávy,2019,158
"Michopulu, Hana",Chlebíčky a další recepty z bistra Sisters,2019,229
,V Proseccu je vždy pravda,2019,160
"Sedláček, Pavel",Exotické koření s recepty,2019,269
"Vaněk, Roman",Klenoty klasické evropské kuchyně,2019,259
"McMillan, Kate",Lahodné probuzení,2019,127
"Leary, Emily",Snadná cesta dětí ke zdravé stravě,2019,224
,Zkuste to doma sami - kuchyně,2019,190
"Anderson, Tim",Japonská kuchyně,2019,221
"Mills, Ella",Lahodně s Ellou,2019,285
"Zahradníková, Markéta",Od hospody k hospodě,2019,282
"Ratislavová, Iveta",Deník celiačky,2019,141
"Sanfilippo, Diane",21denní cukrový detox,2019,239
"Lužná, Dagmar",Kouzlo kvásku,2019,142
"Pleskačová, Kristína",Babiččina bezlepková kuchařka,2019,129
"Herynek, Petr",České Velikonoce,2019,87
"Wurft, Monika",Moje kniha divokých bylin,2019,142
"Dahlke, Rüdiger",Tajemství životní energie ve veganské stravě,2019,204
,Tradice,2019,261
"Bard, Elizabeth",Večeře v Paříži,2019,164
,Kuchařka pro singles,2019,158
"Lamschová, Petra",Velký dietní manuál,2019,233
"Nichols, Lily",To pravé jídlo při těhotenské cukrovce,2019,147
"Winner, Josef",Recepty do stovky pro 4 osoby,2019,173
"Bestajovský, Martin",Velká kniha lidových obyčejů a nápadů,2019,256
"Jakoubková, Vlasta",Kuchařka našich babiček a prababiček,2019,184
"Tašl, Josef",Odborná nauka pro řezníky a uzenáře,2019,176
,Nejlepší recepty z MasterChef Česko 2019,2019,176
"Müller, Sven-David",Chutně při chronické zácpě,2019,85
"Bräutigam, Gabriele Leonie",Kopřiva,2019,173
"Gregora, Martin",Jídelníček kojenců a malých dětí,2019,192
"Obermajerová, Tereza",Nasladko,2019,109
Kaisen,Podstata vaření,2019,110
"Otys, Lukáš",Kuchařka stylu moderního muže,2019,173
"Hrubešová, Markéta",Tak vařím já,2019,188
"Lex, Viola",Kempinková kuchařka,2019,159
"Sugg, Zoe",Pojďte slavit,2019,255
"Klíma, Petr",Luštěninová kuchařka se spoustou zeleniny,2019,221
"Špaček, Lenka",Zdravě jíst,2019,109
"Coffey, Bennett",Čokoláda každý den,2019,222
"Žantovský, Michael",Kančí na daňčím,2019,165
,Letní kuchařka,2019,141
"Fišerová, Blanka",Živý princ,2019,134
"Kopecky, Robert",Jak se dostat do nebe (aniž doopravdy zemřeme),2019,278
,Kuchařka pro děti,2019,158
"Gajdušková, Alena Anežka",Domácnosti našich babiček,2019,306
"Ottolenghi, Yotam",Ottolenghi simple,2019,308
"Lefébure, Estelle",Stále krásná,2019,171
"Culík Končitíková, Gabriela",99 sladkých teček Marie Baťové,2019,295
,Kuchařka pro ploché břicho,2019,128
"Milatová, Růžena",Bezezbytková dieta při onemocnění střev,2019,76
"Hrevušová, Radka",Vejce pro každý den,2019,107
"Hrbková, Alena",Jak se fotografuje jídlo,2019,154
"Kindlová, Monika",Tradinář,2019,280
"Frej, David",Život bez zánětu,2019,352
"Bartíková, Petra",Medvídek v kuchyni,2019,12
"William, Anthony",Játra a jejich léčba,2019,415
"Bürkle, Silvia",Skryté záněty,2019,171
"Šimková, Hana",Dobroty pro diabetiky,2019,132
"Groulíková, Natalie Sheryl",A koza zůstala celá aneb Bezmasé jídlo není nuda,2019,80
"Brazier, Brendan",Vegan v kondici,2019,325
,Uchovávání úrody,2019,82
"Palková, Libuše",Sex v kuchyni aneb Recepty pro ženy over fifty,2019,202
"Klásová, Valijah",Život s chutí kari - kari s chutí života,2019,150
"Francová, Eva",Saláty ze Svatojánu,2019,199
"Richoux, Celby",Ketogenní kuchařka,2019,268
"Mašková, Žaneta",Krásná kuchařka,2019,118
"Pavlas, Jan",Kuchařka která má duši,2019,204
"Slajerova, Martina",Rychlé keto pokrmy za 30 minut nebo méně,2019,192
"Doležalová, Alena",Rychlé večeře,2019,109
,Rybí pokrmy,2019,165
"Legeza, Martin",12 měsíců v české kuchyni,2019,206
"Kittler, Martina",Lahůdky z masa,2019,144
"Mazúrová, Zdeňka",Bezlepkové slavnosti,2019,183
"Ritter, Claudia",Čarodějné byliny,2019,159
"Berriedale-Johnson, Michelle",Kuchařka pro diabetiky,2019,151
"Hrubešová, Karolína Katchaba",Hubneme jídlem,2019,144
"Ehrenbergerová, Eva",Cesta k opravdovému jídlu,2019,253
"Oškerová, Dita",Kouzlo léčivých bylinek,2019,115
"Luu, Uyen",Pravá vietnamská kuchyně,2019,143
"Trávníková, Dana",Vegetariánský receptník,2019,111
"Pospěchová, Petra",Outdoorová kuchařka,2019,183
"Luňáková, Radka",Dobroty paní Makronkové,2019,151
"Choutka, Miloš",Levné hrníčkové recepty 2020,2019,29
"Kansel, Jan",Zdravé snídaně & Smoothie 2020,2019,29
"Choutka, Miloš",Levné hrníčkové recepty 2020,2019,29
"Kansel, Jan",Mini zákusky & cukroví 2020,2019,29
"Raduševa Herber, Renata",Kalendář zdraví Renaty Raduševa Herber 2020,2019,29
"Choutka, Miloš",Česká vařečka 2020,2019,16
"Axe, Josh",Ketodieta,2019,335
"Šmalcová, Anna",Cupcakes,2019,143
"Fiksová, Klára",Jíme zdravě po celý rok,2019,400
"Karmel, Annabel",Kuchařka pro děti,2019,128
,Kuchařka pro zimní dny,2019,204
"Runštuk, Jaroslav",Receptury teplých pokrmů,2019,581
"Mašek, Libor",Potraviny a nápoje v kostce,2019,211
"Havlová, Vladimíra",Malá diabetická kuchařka,2019,141
"Letten, Matt",Vodka je veganská,2019,222
"Buckingham, Janice",Super jednoduché veganské sýry,2019,123
Camie,Tak trochu jiná kuchařka,2019,134
"Fňašek, Antonín",Kuchařka pro diabetiky a nejen pro ně,2019,295
"Hillenburg, Stephen",SpongeBobova kuchyňská mise,2019,127
"Fordham, Ben",Tacos miluje každý,2019,143
"Černá, Janina",Cukrfree,2019,295
"Rybovičová, Kristýna",Kousek dobrot,2019,159
"Jurková, Maria",Chutně bez lepku mléka a cukru,2019,158
"Kučíková, Marta",Po italsku do hubky,2019,234
"Michalová, Hana",Ovocné moučníky,2019,110
"Synáková, Světlana",Atlas polévek,2019,167
"Štekl, Evžen",Síla moudrosti,2019,208
"Vaněk, Roman",Sladké poklady české a moravské kuchyně,2019,175
"Vybíralová, Helena",Helenčino pečení,2019,116
,Výběr receptur Společnosti pro výživu,2019,313
"Kezele, Adrian Predrag",Překročení karmy,2019,499
"Pohlreich, Zdeněk",Taková normální kuchařka,2019,195
"Zábrodská, Kristina",Víno ve sklence a na talíři,2019,239
"Sekaninová, Štěpánka",Za dobrotami světa s kuchařem Vincentem,2019,38
"Lalbaltry, Juliette",Roztomilé dorty pro děti,2019,92
"Pechmanová, Jana",Jim-nejimcz,2019,191
"Francová, Eva",Luštěniny ze Svatojánu,2019,219
,Rychle chutně,2019,77
,Rychle a zdravě,2019,77
"Martin, James",Britské dobrodružství Jamese Martina,2019,253
"Tuháčková, Dana",Sladká inspirace,2019,222
"Zemanová, Hana",Nová biokuchařka Hanky Zemanové,2019,321
"Jackson, Eve",Jídlo a proměna,2019,193
"Drake, William Daniel",Vaříme s konopím,2019,147
"Neutzler, Wolfgang",Ajurvéda každý den,2019,176
"Sartor, Maria",Domácí uzení,2019,96
"Kulhavá, Iveta",Kukuchařka,2019,71
,Čerstvé saláty a zálivky,2019,144
"Drahokoupilová, Ája",Moje první opravdová kuchařka,2019,400
"Maršálek, Josef",Péct milovat a žít,2019,266
"Kubrová, Lucie",Připraveno do 30 minut,2019,158
"Fatková, Gabriela",Tachovská kuchařka receptů příběhů a vzpomínek =,2019,319
"Doležalová, Alena",Hity domácí kuchyně,2019,170
"Vargaeštok, Marcel",Sushi,2019,110
"Zajíček, Jiří",Život,2019,285
"Šandorová, Renata Sofia",V každém diamant,2019,98
"Poláček, Jiří",Rok plný sladkostí 2020,2019,29
"Poláček, Jiří",Těstoviny 2020,2019,29
,Levné recepty 2020,2019,29
,Česká kuchyně 2020,2019,29
,Zdravě jíst zdravě žít 2020,2019,29
,Česká kuchyně 2020,2019,29
,Grilování 2020,2019,29
"Procházková, Kamila",Domácí špajzka,2019,307
,České masné výrobky,2019,108
,Domácí kuchařka 2020,2019,30
,Receptář 2020,2019,29
"Poláček, Jiří",Hrníčková kuchařka 2020,2019,30
,Recepty na nakládané dobroty 2020,2019,30
"Poláček, Jiří",Rok plný sladkostí 2020,2019,30
"Hruška, Ladislav",Vychytaný kalendář 2020,2019,30
Břicháč Tom,Nejjednodušší plán na 29 dní,2019,189
Břicháč Tom,Nejjednodušší recepty pro každý den,2019,270
"Zajícová, Hana",Sladká tečka,2019,69
"Hnidáková, Lelí",Cupcake,2019,303
"Franklin, Liz",Zeleninové zázraky z jednoho plechu,2019,143
"Ottolenghi, Yotam",Sladké,2019,363
"Malchárková, Blanka",Rychlé fit recepty,2019,159
,Česká kuchařka 2020,2019,15
"Benhaim, Paul",Konopí,2019,440
,Babiččiny recepty 2020,2019,30
"Zhang, Yifang",Jak využít pro zdraví potraviny a byliny podle znalostí tradiční čínské medicíny,2019,255
"Vavrečková Janišová, Jolana",Jídla Světla,2019,322
"Trnková, Klára",Základní recepty naší babičky,2019,92
"Sedlářová, Lenka",Hravě a zdravě,2019,128
"Frenkiel, David",Green kitchen at home,2019,251
,Hrníčková kuchařka 2020,2019,13
"Pitre, Urvashi",Keto dobroty,2019,249
"Stenzlová, Ivana",Šance pro ženu 40+,2019,251
"Czendlik, Zbigniew",Farská kuchařka,2019,338
,Krásné Vánoce,2019,171
"Učíková, Markéta",Levně chutně bezlepkově i bez mléka a vajec aneb Jak jednoduše uvařit a upéct navíc i bez škrobů a rýže,2019,166
"Havlíková, Magdalena",Chilli,2019,297
"Nedoma, Gabriela",Přírodní afrodiziaka,2019,160
,Jedlá soda,2019,189
,Můj zápisník receptů,2019,140
"Bábková, Kristýna",Mňam mami dneska vařím já,2019,202
"Laurin, Petra",Recepty Němců z Jizerských hor =,2019,135
"Heisch, Annette",Chutné polévky,2019,144
"Brýdová, Monika",Vegan recepty,2019,238
"Vodochodská, Libuše",Technologie v kostce,2019,141
"Bednářová, Kateřina",Kuchařka pro naši babičku,2019,152
"Frenkiel, David",Little green kitchen,2019,207
"Vrzalová, Radka",Radčina kuchařka bez lepku,2019,320
,Bylinky & čaje 2020,2019,30
"Dobrovodský, Vladko",Recepty za kačku 2020,2019,30
"Dobrovodský, Vladko",Domácí kuchyně 2020,2019,30
,Grilujeme 2020,2019,30
"Dobrovodský, Vladko",Česká kuchyně 2020,2019,30
"Jílková, Cecílie",Najím se a zhubnu,2019,158
"Filipová, Eva",Neřeš vrásky hýčkej lásky,2019,194
"Stanitzok, Nico",Low carb,2019,144
"Winterová, Kateřina",Světová,2019,249
"Ramsay, Gordon",Moje dokonalá fit jídla,2019,288
"Pecháčková, Dita",Dětem,2019,365
"Hiekmann, Stefanie",Nakrájej zabal a upeč,2019,159
"Dobrovodský, Vladko",Kuchařka 2020,2019,30
"Dobrovodský, Vladko",Sladké recepty 2020,2019,30
"Dobrovodský, Vladko",Vaříme a pečeme zdravě 2020,2019,30
"Mrzenová, Daniela",Velká kuchařka světových kuchyní,2019,466
"Černohorský, Martin",Škola vaření,2019,337
"Karmel, Annabel",Skutečné jídlo pro malé labužníky,2019,230
,Květinové víly a jejich tajemný svět,2019,200
"Sedláčková, Hana",Pečeme na Vánoce,2019,127
"Schimmelová, Lucie",Nízkosacharidová sladká kuchařka,2019,220
"Cziglová, Denisa",Jak to celé přežít a nezbláznit se,2019,304
"Schmidt-Thomè, Adelheid",Úžasné dezerty,2019,144
"Wetzstein, Cora",Lahodná drůbež a zvěřinové hody,2019,144
"Carpenter, Autumn",Zdobení dortů,2019,328
"Kyčera Kučerová, Veronika",Sláma v botách,2019,223
"Kráčmar, Stanislav",Kulinářský cestovní ruch,2019,124
"Heisch, Annette",Nudle a těstoviny,2019,144
"Poláček, Jiří",Recepty na celý rok 2020,2019,30
"Trnková, Klára",Babiččiny nepostradatelné rady pro vaření,2019,71
"Trnková, Klára",Nedělní recepty naší babičky 2020,2019,30
"Trnková, Klára",Lunární kalendář našich babiček 2020,2019,30
"Hanzlíková, Veronika",Příběhy českých superpotravin aneb Když jídlo mluví,2019,248
,Tradiční řemeslné dílny,2019,1
"Plavcová, Zdena",Kuchařka,2019,169
,Chceš být zdráv aneb Jednoduché vaření,2019,111
"Učňová, Michaela",Co naše babičky uměly a na co my jsme zapomněli,2019,220
"Krčová, Daniela",Zdravé pečení,2019,198
"Bartoníková, Aneta",Atlas hub do kapsy,2019,130
"Doležal, Vladimír",Hrníčkové moučníky 2020,2019,28
"Brtna Havlová, Soňa",Ovocné recepty,2019,80
"Berková, Jana",S kváskem kolem světa,2019,125
"Hrbáčková, Marcela",Fit s Marcelou,2019,199
Břicháč Tom,Nejjednodušší plán na 29 dní,2019,189
"Lorenc Trpišovská, Markéta",Neplecha na plechu,2019,326
,Tradice,2019,261
,Nejchutnější houby a vybrané recepty,2019,1
"Rozehnal, Patrik",Pochoutkový rok,2019,129
"Škopac, Petra",Linecké cukroví,2019,1
"Matašovská, Pavla",Low carb,2019,126
"Kleinová, Žaneta",Sladké sezónní pečení,2019,109
"Pechová, Jaroslava",Růže v gastronomii kosmetice a léčitelství,2019,31
,Jablka v kuchyni,2019,130
"Georgieva, Ivana",Celý rok ve zdraví v radosti a s poznáním,2019,126
"Gajdušková, Alena Anežka",Domácnosti našich babiček,2020,332
"Villoldo, Alberto",Přechodové rituály,2020,223
"Egger, Christine",Vánoce ve skle,2020,127
,Máme doma vegana,2020,256
"Brabon-Hames, Emilie",8 týdnů k novému já,2020,222
"Chang, David",Momofuku,2020,303
,Italská kuchařka,2020,158
"Dostalík, Petr",Nakládání s cizí věcí v soukromém právu,2020,151
"Zarrella, Jana Ina",Tělo snů na poslední chvíli,2020,159
"Sedláčková, Hana",Babiččino pečení,2020,208
"Štancl, Michal",Nakládání s majetkem státu,2020,169
,365 nízkosacharidových receptů,2020,301
"Rubášová, Petra",Domácí levandulová kuchařka,2020,141
"Milatová, Růžena",Kuchařka při onemocnění dnou,2020,97
"Švédová, Zuzana",Zdravou stravou proti únavě,2020,191
"Allinson, Kate",Špetka chuti,2020,272
"Comlan, Hélène",Vaříme bez hladových potravin,2020,111
"Jelen, Svenja",Gastrosexuál,2020,128
"Litzinger, Angela",Největší dobroty z pomalého hrnce,2020,223
"Vaněk, Roman",Snadno & rychle,2020,173
"Vaněk, Roman",Zelenina a luštěniny,2020,95
"Vaněk, Roman",Klenoty klasické evropské kuchyně,2020,259
"Gils Slavíková, Mirka van",Vůně chleba,2020,133
"Gils Slavíková, Mirka van",Dezerty jedna báseň,2020,125
"Kocábová, Marsha",Jižanská kuchařka,2020,105
"Maršálek, Josef",Moderní česká cukrařina,2020,189
"Shamma, Taťána",Mami dáš dobrotu,2020,236
"Štenclová, Miroslava",Polní kuchařka =,2020,223
"Hawkins, David R.",Já realita a subjektivita,2020,357
"Vitt, Rita",Domácí výroba likérů,2020,127
"Bothe, Carsten",Domácí pálenky a likéry,2020,72
"Ligurská, Jana",Atopický ekzém a potravinové alergie očima mámy,2020,286
"Dostálová, Dorota",Česká kuchařka,2020,130
,Vegetarián,2020,113
"Herkommer, Klaus",Buddha vaří,2020,213
"Oškerová, Dita",Bylinkové kouzlení,2020,123
"Smékalová, Michaela",Řecká kuchyně s vybranými recepty =,2020,136
,Kopec dobrot,2020,127
"Winner, Josef",Minutová kuchařka,2020,173
"Vogel, Leanne",Ketodieta,2020,448
,Luštěniny,2020,158
"Doležalová, Alena",Domácí krabičková dieta 7000 kJ,2020,205
,Jíme zdravě ze spíže,2020,154
"Slajerova, Martina",Keto na celý den,2020,176
"Bebová, Michaela",Jak jíme zdravě v létě,2020,223
"Kubáček, Martin",Devět tříd vaření,2020,59
"Gajdušková, Alena Anežka",Pečeme chleba z kvásku a děláme domácí těsta,2020,170
"Říhová, Barbora",Vajíčková kuchařka,2020,158
"Tiwari, Maya",Ájurvéda,2020,313
"Horecká, Zdenka",Klasické moučníky,2020,304
"Wetzstein, Cora",Low carb,2020,62
,Tekutá kuchařka,2020,149
"Příkazská, Tereza",Lidové tradice pro šikovné ruce,2020,121
"Frisch, Emma",Vaříme pod širákem,2020,193
,Největší trendy v hubnutí,2020,114
"Štveráková, Eva",Peču a vařím s láskou bez lepku a histaminu,2020,91
"Hromas, Michal",Oheň a dým,2020,278
"Kočičková, Kateřina",Zmrzliny,2020,158
"Vanderveldt, Leah",CBD v kuchyni,2020,133
"Trnková, Klára",Velikonoce z babiččina kapsáře,2020,79
"Kintrup, Martin",Low carb pro lenochy,2020,142
"Jonáš, Josef",Přírodní antibiotika a antivirotika v kuchyni,2020,214
"Požárová, Lenka",Londýn prostě žeru,2020,313
"Vybíralová, Helena",Helenčino pečení,2020,115
,Ocet,2020,189
,Grilování,2020,82
"Fordham, Ben",Moderní mexická kuchařka,2020,144
"Choutka, Miloš",Hrníčkové recepty 2021,2020,29
"Frej, David",Kuchařka pro zdravé střevo,2020,149
"Myers, Amy",Kuchařka pro autoimunitní řešení,2020,319
"Bergmann, Heide",Léčivé byliny v květináči a na zahradě,2020,160
"Choutka, Miloš",Hrníčková kuchařka 2021,2020,29
"Kansel, Jan",Zdravé snídaně & Smoothie 2021,2020,29
"Kansel, Jan",Sladké mňamky 2021,2020,28
"Landová, Míša",Víkendové pečení,2020,122
"Choutka, Miloš",Česká vařečka 2021,2020,16
"Trischberger, Cornelia",Kuchařka pro lenochy,2020,142
"Podkowska, Jagoda",Run & cook,2020,287
,Sladká jídla,2020,87
"Šafář, Zdeněk",Kde a jak hledat houby,2020,221
"Schmedes, Christa",Domácí nanuky,2020,62
"Schocke, Sarah",Expres Low Carb,2020,62
,Tvořte s námi celý rok,2020,180
"Tscharner, Gisula",Les a louka na talíři,2020,160
,Jak jíme zdravě na podzim,2020,224
"Gorecká, Barbora",Moje nejsladší vzpomínky,2020,212
"Spáčilová, Jana",100 vyvážených bezmasých menu,2020,120
"Hrevušová, Radka",Domácí pekárna,2020,123
,Ryby a mořské plody,2020,144
"Allinson, Kate",Další špetka chuti,2020,272
"Francová, Eva",Krizová kuchařka ze Svatojánu,2020,311
"Vašák, Jaroslav",Natrhej si oběd,2020,314
"Turecká, Daniela",Do ruky,2020,193
"Caldesi, Katie",Low carb recepty na zhubnutí a snížení hladiny cukru,2020,208
"Frej, David",Svět přírodních antivirotik,2020,135
"Vracovský, Filip",Plzeň na talíři,2020,153
"Stříbrský Jindřichová, Ivana",Cat & cook,2020,278
"Lorenc Trpišovská, Markéta",Neplecha na plechu,2020,203
"Fourová, Karolína",Nejez blbě,2020,198
"Böhmová, Zuzana",Kůrčička křup omáčka šplouch,2020,155
"Havlová, Vladimíra",Jednoduché a zdravé recepty pro seniory,2020,158
"Pinkwart, Andrea",Jedlé město - Vyjděte do ulic,2020,189
"Ruiz, Jose Luis",Šamanský váček,2020,179
"Huarache Mamani, Hernán",Cesta šamana,2020,283
"Vaněk, Roman",Kouzlo kuchyně Čech a Moravy aneb Dědictví našich babiček,2020,211
"Hruška, Ladislav",Vychytaný kalendář 2021,2020,30
,Receptář 2021,2020,30
"Malý, Jaroslav",Na houbách 2021,2020,30
,Babiččiny recepty 2021,2020,30
,Grilování 2021,2020,30
,Čokoládové recepty 2021,2020,29
"Poláček, Jiří",Česká kuchyně 2021,2020,29
"Pražák, Daniel",Rok plný sladkostí 2021,2020,29
,Levné recepty 2021,2020,29
"Pražák, Daniel",Rok plný sladkostí 2021,2020,30
"Kubásková, Lucie",Česká rybí kuchyně aneb Kapr nejen o Vánocích,2020,120
"Poláček, Jiří",Hrníčková kuchařka 2021,2020,30
,Domácí kuchařka 2021,2020,30
"Poláček, Jiří",Česká kuchyně 2021,2020,30
"Pražák, Daniel",Zdravě jíst zdravě žít 2021,2020,30
"Mizerová, Jiřina",Nejlepší rodinné recepty,2020,73
"Ansel, Dominique",Péct dokáže každý,2020,349
"Malý, Jaroslav",Na houbách 2021,2020,30
"Bator, Julita",Vyměň chemii za jídlo*,2020,245
"Vopičková Cipprová, Markéta",Nejlepší je domácí,2020,127
"Stejskalová, Marie",Mářina kuchařka,2020,268
"Pelikánová, Karla",Vánoční cukroví,2020,143
,Česká kuchařka 2021,2020,15
"Dostálová, Dorota",Česká kuchařka,2020,130
,Kvízy & hádanky,2020,50
"Grimmichová, Alena Isabella",Plstěné lahůdky,2020,79
"Vavrečková Janišová, Jolana",Jídla Světla,2020,197
"Poláček, Jiří",Hrníčková kuchařka 2021,2020,13
"Hrubešová, Karolína Katchaba",Mámy hubnou s námi,2020,189
"Janovská, Pavla",Zhubněte jídlem a svou váhu si udržte napořád,2020,187
"Pišová, Jana Florentýna",Hovory s řezníkem,2020,422
"Růžičková, Ivana",Gastrok paní Růžičkové,2020,235
"Fabešová, Iveta",Vše sladké,2020,203
"Pohlreich, Zdeněk",Super jednoduše,2020,177
"Katovská, Jitka",Z receptáře našich předků,2020,135
"Trhoňová, Iva",Hrátky s těstem,2020,343
"Žáková, Lenka",Low-carb life,2020,255
,Jak jíme zdravě v zimě,2020,224
"Nichols, Lily",To pravé jídlo v těhotenství,2020,398
"Gautam, Michaela",Kuchařka šmrncnutá Nepálem a Indií,2020,157
"Hladjuk, Martina",Mamachef,2020,159
"Katz, Sandor Ellix",Síla přírodní fermentace,2020,253
"Powell, Polly",50 věcí které jsem ti měla říct,2020,111
"Houdek, Pavel",Jak na veganství,2020,186
"Fontana, Gina",Moon milk,2020,128
"Ševčíková, Monika",Veganská kuchařka,2020,124
"Deges, Pia",Dětské oslavy,2020,62
"Puda, Radek",Sborník vyzkoušených receptů nízkobílkovinných jídel,2020,180
"Havlů, Karina",Vaříme v remosce,2020,191
"Belton, Claire",Pusheen peče,2020,221
"Socha, Radomír",Houby z Boží lékárny,2020,553
Adyashanti,Nejdůležitější věc,2020,232
,Staročeský perník,2020,113
"Dobrovodský, Vladko",Česká kuchyně 2021,2020,29
"Dobrovodský, Vladko",Vaříme a pečeme zdravě 2021,2020,30
"Dobrovodský, Vladko",Vaříme snadno a rychle 2021,2020,30
"Dvořáková, Lucie",Koláče Chez Lucie,2020,148
"Maršálek, Josef",Moje sváteční pečení,2020,234
"Dobrovodský, Vladko",Recepty za kačku 2021,2020,30
,Bylinky & čaje 2021,2020,30
"Dobrovodský, Vladko",Kuchařka (ne) jen pro muže 2021,2020,30
"Němečková, Monika",Jednoduše pro všechny,2020,230
"Doležalová, Alena",Hrníčkové moučníky,2020,160
"Holečková, Iva",Sladce nesladce - LowCarb,2020,159
"Bestajovský, Martin",Velká kniha lidových obyčejů a nápadů,2020,256
"Gorsky, Faith",Keto pečivo,2020,176
"Vozník, Vratislav",Brno na srdci Brno na jazyku,2020,194
"Billy, Milan",Hostem u Romů ve Šluknově,2020,225
,Polévka je grunt,2020,158
,Domácí likéry a tinktury,2020,191
"Trnková, Klára",Babiččiny saláty a pomazánky,2020,92
,Vařit může každý,2020,368
,Japonské jídlo,2020,1
"Clark, Nancy",Sportovní výživa,2020,448
"Berková, Jana",Sladké kváskové pečení s cukrem i bez,2020,131
"Campbell-McBride, Natasha",Nástrahy vegetariánství,2020,193
"Vrábková, Helena",Tajné tipy našich babiček,2020,193
"Hlavatá, Karolína",Vyvážený jídelníček,2020,43
"Mähringová, Pavlína",Velká svačinková bichle,2020,423
"Fišerová, Kateřina",Foodstyling,2020,219
"Erickson, Meredith",Zažít Alpy,2020,339
"Kosiner, Petr",Velká knedlíková kuchařka,2020,285
"Pospíšil, Matěj",Sám na čundru a hladový aneb Country kuchařka,2020,160
"Smrčková, Aneta",Můžu taky vařit,2020,100
"Rožek Elbel, Adéla",Adéla ještě nevečeřela,2020,199
,Kouzelná Beruška a Černý Kocour,2020,92
"Fourová, Karolína",Nejez blbě,2020,198
"Burianová, Petra",Cesta z těsta,2020,277
"Dostálová, Dorota",Česká kuchařka,2020,130
"Fetterman, Lisa Q.",Sous vide pro každého,2020,199
"Učíková, Markéta",Sladké dobroty levně chutně bezlepkově i bez mléka a vajec aneb Jak si jednoduše osladit život i bez škrobových mouk,2020,384
"Vaněk, Roman",Poklady klasické české kuchyně aneb Jak to ta babička tenkrát vařila,2020,177
"Kleine-Gunk, Bernd",Zhubněte se sirtfood dietou,2020,125
"Havlová, Barbora",Jídlo které je skutečným jídlem,2020,251
,Kalorické tabulky,2020,253
"Valoušková, Inna",Rok s Garden & Kitchen,2020,231
"Malík, Jiří",Zdravé dobroty z restaurace Špalda,2020,111
"Schmidová, Sandra",Zdravě kdykoliv a kdekoliv,2020,155
"Schäflein, Annina",Dobrůtky pro miminka,2020,62
"Pelikánová, Karla",Lahodná drůbež,2020,143
,Konec plýtvání jídlem,2020,285
,Recepty za pár korun,2020,82
"Borowiec, Pavel",Kniha o pivu,2020,233
"Steinbach, Alena",Zvěřina,2020,192
"Grant, Hannah",Eat race win,2020,327
"Franc, Martin",Retrojídlo,2020,262
"Repetto, Virginia",Jogurtista,2020,111
"Janák, Dušan",Jídlo není jenom něco k jídlu,2020,285
"Láska, Lumír",Maitreya buddha sútra aneb Prázdnota matka dědiců nesmrtelnosti,2020,272
"Farrimond, Stuart",Jak vaří šéfkuchaři,2020,256
"Strnadová, Věra",Vtipné kaše,2020,203
"Ramsay, Gordon",Chutně a rychle,2020,256
,Mrkev láska sojanéza,2020,279
,Z prababiččina vánočního receptáře,2020,1
"Nosrat, Samin",Sůl tuk ocet žár aneb Jak dobře vařit,2020,469
"Korbelářová, Irena",Paměť chuti,2020,601
"Kocourková, Zdena",Malá myslivecká kuchařka,2020,144
"Nitkulinecová, Aneta",Kuchařka VOE,2020,120
"Požárová, Lenka",Londýn prostě žeru,2020,313
"Pudíková, Jana",Zasedneme k dubovému stolu aneb Kuchařka jedné mámy,2020,247
,Dezerty na každou neděli 2021,2020,30
"Doležal, Vladimír",Hrníčkové moučníky 2021,2020,28
"Rolins, Dara",Rok podle Dary 2021,2020,88
"Donajová, Marie",Kuchařka na celý rok,2020,199
"Vaněk, Roman",Sladké poklady české a moravské kuchyně,2020,172
"Gils Slavíková, Mirka van",Famózní,2020,176
"Kolaříková, Alena",Božská kuchařka,2020,223
"Winterová, Kateřina",Herbář,2020,1
"Havlíková, Petra",Svačinkový tahák,2020,1
"Kysela, Jan",Talíř na míru,2020,467
"Khachaturova, Irina",Gruzínská chuť,2020,94
"Vojtová, Hana",Jak se vaří Smyslovka,2020,151
"Tichá, Kačka",30denní výzva - inspiromat 6,2020,211
"Skalická, Týna",Neber to jídlo tak vážně,2020,1
"Poláček, Martin",Peče celá země,2020,1
"Mašková, Olga",Pití za hubičku,2020,269
"Khom, Pavel",Objev univerzální jednoty,2020,359
"Plavcová, Zdena",Kuchařka,2020,169
"Váchová, Růžena",Recepty zvyky a pověsti ze staré Šumavy,2021,176
"Altekrüger, Güldane",Chléb a koláče pro štíhlou postavu,2021,124
"Dvořák, Kateřina",Velká medvědí kuchařka,2021,85
"Bothe, Carsten",Domácí zabijačka,2021,135
,Osvícený tulák,2021,353
"Elefteriadu, Martha",Řecká kuchyně,2021,199
,Jak jíme zdravě na jaře,2021,224
"Laštovička, Jan",Evropa na talíři,2021,18
Dpal-sprul,Slova mého dokonalého učitele,2021,558
"Skalský, Michal",Vaříme s legendou,2021,110
"Pavala, Marek",Fuego,2021,354
"Švehla, Pavel",Minimalizace ztrát dusíku při nakládání s kapalnou frakcí fermentačního zbytku s využitím procesu nitrifikace,2021,39
"Rajniš, Zdeněk",MasterDědek,2021,404
"Arichteva, Lucie",Pěkně vypečená kuchařka,2021,186
"Laurin, Petra",Sladké recepty Němců z Jizerských hor =,2021,143
,Jíme zdravě,2021,86
"Doležalová, Alena",Recepty na posílení imunity,2021,123
"Packová, Anna",Ve škole nám stále chutná,2021,232
"Kaye, Alexa",Jak říct ne masu,2021,127
"Gugetzer, Gabriele-Sabine",Veganská kuchařka,2021,62
"Bellersen Quirini, Cosima",Domácí jogurt tvaroh a sýr,2021,144
"William, Anthony",Detox jako cesta ke zdraví,2021,575
"Šmíd Winterová, Jana",Mami mám hlad,2021,168
,Kuchařka,2021,68
"Vybíralová, Helena",Helenčino pečení,2021,116
"Podkowska, Jagoda",Bike & cook,2021,287
"Lukášková, Nicole",Jak posílit imunitu za 90 dní,2021,111
"Procházková, Kamila",Do hrnku a misky,2021,103
"Rozehnal, Patrik",Pochoutky z chaloupky,2021,100
"Rozsypalová-Vykoupilová, Jarka",Babské rady,2021,142
"Dostálová, Dorota",Česká kuchařka,2021,130
,Slunečná kuchařka,2021,167
"Kreihe, Susann",Pečeme bez cukru,2021,190
"Kuranova, Kateřina",Naše,2021,246
"Peterová, Karolína",Fit kuchařka,2021,165
,Pomazánky,2021,158
"Šárková, Danka",Krkonošská kuchařka,2021,124
Lumira,Tajné recepty ruských bylinářů,2021,214
"Ehrenbergerová, Eva",Další krok Cesty,2021,251
"Poledníková, Monika",Bylinkové recepty,2021,151
"Schleip, Thilo",Histaminová intolerance,2021,156
"Pelikánová, Karla",Neobyčejné těstoviny,2021,139
"Fritzsche, Doris",Vaříme zdravě pro diabetiky,2021,128
"Hornišer, Igor",Pod horami prostřeno,2021,112
"Kohoutová, Lucie",Kuchařka pro Matýska aneb Když nechcete mít doma malého cvalíka,2021,123
,Jíme zdravě do 30 minut,2021,159
"Milatová, Růžena",Kuchařka při onemocnění slinivky,2021,126
"Filimonova, Anna",Poznej sebe,2021,28
"Chovancová, Markéta",Markéta v troubě,2021,159
"Bebarová, Tereza",Čas na TEBE,2021,311
"Staša, Roman",Matla,2021,277
"Fňašek, Antonín",Kuchařka pro diabetiky a nejen pro ně,2021,295
"Mandžuková, Jarmila",Zhubněte lehce a navždy,2021,179
"Hunley, Anna",Rodinná keto kuchařka pro chytrý hrnec,2021,200
"Poirier, Nicole",Přerušovaný půst,2021,192
"Hadašová, Klára",Domácí pekař aneb Jak přijít vlastním přičiněním k dobrému pečivu,2021,399
"Williams, Keith E.",Děti vybíravé v jídle,2021,147
"Šmalcová, Anna",Tak sladce voní domov,2021,134
"Beranbaum, Rose Levy",Bible domácího pečení,2021,727
"Kadeřábek, Josef Káďa",S motorkářem u stolu aneb Průvodce hladového jezdce,2021,227
"Campbell, Becky",Čtyřfázový program histaminového restartu,2021,183
"Apostolaki, Pavla",Léčivá síla stromů,2021,128
"Dostálová, Dorota",Česká kuchařka,2021,130
"Mikušina, Tat‘jana Nikolajevna",Gautama Buddha,2021,211
"Rehm-Hug, Petra",Trvanlivé produkty z bylin,2021,127
"Szabłowski, Witold",Jak nakrmit diktátora,2021,275
"Ferrarová, Eva",Jídlo pro radost,2021,238
"Holečková, Iva",Sladce nesladce - LowCarb,2021,55
"Maroušková, Adéla",Moje kuchařka,2021,118
"Pelikánová, Karla",Letní grilování,2021,138
,Jíme dobře,2021,158
"Hromas, Michal",Sedm způsobů jak se radovat z jídla,2021,285
"Hanková, Iveta",Útěk z talíře,2021,156
,Když hvězdy vaří samy,2021,97
"Christ, Sven",Recepty pro miminka a rodiče,2021,160
"Schinharl, Cornelia",Asijská kari,2021,62
"Bothe, Carsten",Domácí zpracování zvěřiny,2021,87
"Casparek-Türkkan, Erika",Vaříme zdravě a rychle pro diabetiky,2021,128
"Maixnerová, Eliška",Kuchařka pro vnučky,2021,264
,Jíme zdravě,2021,93
,Kuchařka,2021,93
"Štěpánková, Jana",Tak tady jsou ty slíbené recepty na cukety paní Ehmová,2021,123
,Bylinky ve vaší kuchyni,2021,98
,50 rad mazaného zahradníka,2021,109
"Raphaell, Katrina",Léčení a osvícení drahými kameny,2021,206
"Plívová, Hana",Momíkova obrázková kuchařka,2021,40
"Bugrisová, Michaela",S chutí po Česku,2021,254
"Sklenář, Zbyněk",Magistraliter receptura v dermatologii,2021,441
"Zábrodská, Kristina",Sladká první republika,2021,255
"Tischlerová, Ivana",Bylinková kuchařka,2021,199
"Vorudová, Jana",Výživa a diety při idiopatických střevních zánětech,2021,54
"Bureau, Sébastien",Převratné kvašení,2021,199
"Raduševa Herber, Renata",Kouzelný rendlíček našich babiček,2021,191
"Vaněk, Roman",Snadno & rychle,2021,150
"Choutka, Miloš",Hrníčkové kuchařka 2022,2021,29
"Kansel, Jan",České tradiční recepty 2022,2021,29
"Choutka, Miloš",Česká vařečka 2022,2021,16
"Kansel, Jan",Sladké mňamky 2022,2021,29
"Kansel, Jan",Zdravé snídaně & smoothie 2022,2021,29
"Choutka, Miloš",Hrníčkové recepty 2022,2021,29
"Gorecká, Barbora",Sladce,2021,220
"Tran, Long",Víc než jen vietnamská kuchařka,2021,168
"Tranová, Phuong Lan",Tak vaří Việt Nam,2021,155
"Říhová, Barbora",Těstoviny,2021,174
"Kalašová, Tereza",Fit recepty pro každého,2021,168
"Malý, Jaroslav",Na houbách 2022,2021,30
,Babiččiny recepty 2022,2021,30
"Poláček, Jiří",Česká kuchyně 2022,2021,30
,Česko-slovenská kuchařka 2022 =,2021,30
,Rok plný sladkostí 2022,2021,30
,Grilování 2022,2021,30
"Poláček, Jiří",Bezmasé recepty 2022,2021,30
"Poláček, Jiří",Hrníčková kuchařka 2022,2021,30
"Hruška, Ladislav",Vychytaný kalendář 2022,2021,30
,Receptář 2022,2021,30
"Mizielińska, Aleksandra",Můžu ochutnat,2021,112
"Klíma, Petr",Obilovinová kuchařka,2021,219
"Wilson, Rebecca",Maminčiny dobroty =,2021,223
"Lubojatzky, Pavlína",Lubojatzky,2021,351
"Verdier, Marie",Ilustrovaný průvodce francouzskou kuchyní,2021,247
"Dostálová, Dorota",Česká kuchařka,2021,130
"Fléglová, Helena",HF Masterclass,2021,214
"Poláček, Jiří",Hrníčková kuchařka 2022,2021,12
"Zíbrt, Čeněk",Česká kuchyně za dob nedostatku,2021,213
"Trnková, Klára",Tajné návštěvní recepty naší babičky,2021,38
"Trnková, Klára",Tajné recepty na muffiny aneb Co posbírala naše babička,2021,38
"Trnková, Klára",Tajné velikonoční recepty naší babičky,2021,39
"Trnková, Klára",Tajné bylinkové recepty naší babičky,2021,36
"Stříbrský Jindřichová, Ivana",Cat & cook,2021,264
"Mikuličová, Sandra",Spolu sníme,2021,223
"Kullmann, Folko",Vše o pěstování hub,2021,93
"Trnková, Klára",Tajné novoroční recepty naší babičky,2021,39
"Kaufer, Markus",Udíme a grilujeme,2021,159
"Valoušková, Inna",Ze zahrádky až na stůl,2021,215
"Nemrava, Josef",Sele ví,2021,253
"Martínez, Mely",Mexická domácí kuchyně,2021,192
"Pišová, Jana Florentýna",Merendy v zástěře,2021,486
"Doležal, Vladimír",Hrníčkové moučníky 2022,2021,28
"Winterová, Kateřina",Sladce,2021,207
"Mähringová, Pavlína",Velká obědová bichle,2021,431
"Mähringová, Pavlína",Velká svačinková bichle,2021,431
"Bezděk, Ester",Rituály šťastné rodiny,2021,254
"Dragounová, Naďa",Ariana,2021,175
"Zigmond, Dan",Dělat jako Buddha,2021,199
"Geoffray, Thibault",Moje healthy recepty,2021,175
,Co nám chutná v Dobřichovicích,2021,107
"Pavcová, Tereza",Maso,2021,80
"Dobrovodský, Vladko",Vaříme a pečeme zdravě 2022,2021,30
"Dobrovodský, Vladko",Sladké recepty 2022,2021,30
"Spitzer Ostřanská, Ivana",Sušárny ovoce,2021,134
"Pohlreich, Zdeněk",Na grilu,2021,255
,Naše moučníky,2021,199
"Dobrovodský, Vladko",Vaříme snadno a rychle 2022,2021,30
"Dobrovodský, Vladko",Kuchařka (ne) jen pro muže 2022,2021,30
,Bylinky & čaje 2022,2021,30
"Dobrovodský, Vladko",Domácí kuchyně 2022,2021,30
"Dobrovodský, Vladko",Recepty za kačku 2022,2021,30
"Kubásková, Lucie",Kulinární tradice moravských a slezských regionů,2021,191
"Dobrovodský, Vladko",Česká kuchyně 2022,2021,30
,Jíme zdravě a pečeme s láskou,2021,213
"Ernyeiová, Andrea",Nebojte se gefilte fiš,2021,91
"Luňáčková, Michaela",Na celý život,2021,287
"Vaněk, Roman",Ryby drůbež zvěřina,2021,94
"Ostratická, Kristýna",Restart jídelníček,2021,211
"Ostratická, Kristýna",Sladký restart,2021,111
"Ostratická, Kristýna",Restart jídelníček,2021,179
"Hamouzová, Martina",Děti vaří,2021,14
"Pálka, Radek",Šéfkuchařův deník,2021,293
"Nerková, Delicie",Rybí polévka za časů korony,2021,73
"Šimánek, Jan",Doudlebsko v kuchyni a u stolu,2021,249
"Lukas, Kathryn",Průvodce světem fermentace podle farmhouse culture,2021,371
"Hruška, Ladislav",Fit krabičky Ládi Hrušky,2021,142
"Janků-Sandtnerová, Marie",Klasická česká kuchařka,2021,423
"Černá, Kateřina",Emma a šéfkuchaři,2021,268
"Svobodová, Lenka",S chutí Chorvatska,2021,207
,Krásné Vánoce,2021,171
"Kučera, Marek",Knedlíky noky & omáčky,2021,158
"Laska, Stephanie",Zatraceně líná keto kuchařka,2021,223
"Tarcalová, Ludmila",Chutě a vůně slovácké kuchyně,2021,177
"Dostálová, Jana",Průvodce školní jídelny,2021,2
"Burianová, Petra",Jihomoravský krajáč,2021,141
"Dostálová, Dorota",Česká kuchařka,2021,130
"Brožek, Milan",Večeřel jsem na Hradě aneb Jak jsem přežil socialismus,2021,228
"Michnová, Denisa",Zdravě s Denčou,2021,180
"Culík Končitíková, Gabriela",99 sladkých teček Marie Baťové,2021,301
"Rundusová, Kamila Kamu",Jak si uvařit svůj vlastní vesmír,2021,591
"Edwards, Karen",Kuchyně šetrná k planetě,2021,126
"Höller, Anke",Jedlá semena z přírody,2021,144
"Bohlmann, Friedrich",Vaříme zdravě při zvýšeném cholesterolu,2021,128
"Kittler, Martina",Buddha bowls,2021,62
"Frej, David",Kuchařka pro dokonalou imunitu,2021,153
"Polman, Marcus",Dokonalý steak,2021,176
"Berky, Pavel",Berky,2021,391
"Szabó, Marcela",Diabetes mellitus 1 typu,2021,92
,Jíme zdravě o Vánocích,2021,120
,Zkuste to doma sami,2021,190
"Horáčková, Eva",Fermentujeme se superkvašáky,2021,204
"Žmolilová, Veronika",S chutí,2021,295
"Langmannová, Libuše",Libování v kuchyni,2021,156
"Boledovičová, Martina",Vánoční tradinář,2021,279
"Gautam, Michaela",Kuchařka šmrncnutá Nepálem a Indií,2021,167
"Babica, Jiří",Ich bin ein Gamer,2021,145
"Schmidová, Sandra",Lehce kdykoliv a kdekoliv,2021,155
"Bičíková, Kateřina",Chilli kuchařka,2021,207
"Doležalová, Alena",Pomazánky,2021,155
,Zdravé & rychlé recepty,2021,98
"Nytrová, Olga",O hledání a nalézání,2021,174
"Skopová, Kamila",Velikonoční svátky o století zpátky aneb Jarní tradice v české domácnosti,2021,69
"Davis, Holly",Fermentace,2021,271
"Maršálek, Josef",Sexy dorty,2021,222
"Hrubešová, Kristýna",Medvědí kuchařka,2021,103
"Fúsková, Veronika",Kuchařka pro líné rodiče,2021,105
"Šrámek, Vít",Doporučené metody nakládání s těžebními zbytky v lesních porostech s významnou produkční funkcí z hlediska udržitelnosti bilance hlavních živin,2021,57
"Grusová, Lucie",Svěží kuchařka,2021,701
"Dvořák, Ondřej",Chemie na talíři,2021,207
"Vaněk, Roman",Poklady klasické české kuchyně aneb Jak to ta babička tenkrát vařila,2021,177
"Gedda, Gui",Provence,2021,352
"Battle, Liliana",Kuchařka rodiny dona Corleona,2021,206
"Janáčková, Laura",Uvař mi lásku,2021,230
"Zemanová, Hana",Rytmus roku s Hankou Zemanovou,2021,534
"Bourdain, Anthony",Důvěrnosti z kuchyně,2021,326
"Nickel, Stefanie",Sushi,2021,62
"Klingrová, Zuzka",Jóga pro hubnutí a očistu,2021,294
"Gottwaldová, Ludmila",Vůně domácího pečení,2021,279
,Vaření s lehkostí,2021,77
,Vaření s lehkostí,2021,77
Břicháč Tom,Nakup a uvař na 2 dny,2021,190
"Strnadelová, Vladimíra",Radost z bezlepkové stravy,2021,335
"Katz, Sandor Ellix",Umění fermentace,2021,2
"Korbelářová, Irena",Rybí kuchyně českých zemí,2021,257
"Ault, Diana",Cook anime,2021,159
"Lánská, Dagmar",Jedlé rostliny z přírody,2021,223
"Scheinostová, Alena",Vánoce našich babiček,2021,204
"Strunecká, Anna",Babské rady profesorky Strunecké,2021,245
"Ottolenghi, Yotam",Ottolenghi chuť,2021,317
"Pipová, Helena",Stravování a vztah k jídlu u českých adolescentů ve 21 století,2021,361
"Patočka, Petr",Vše o japonském smaragdovém pokladu jménem matcha,2021,91
"Dvořák, Adam",Taste of red,2021,173
"Pudíkova, Veronika",Prostřeme dubový stůl aneb S námi uvaří každý,2021,201
,Hostina,2021,88
Chili Ta Thuy,Žijeme jídlem a vaříme s Chili,2021,57
"Bourdain, Anthony",Důvěrnosti z kuchyně,2021,15
"Hawkins, David R.",Krátká zamyšlení o osvícení,2021,389
"Ottolenghi, Yotam",Jeruzalém,2021,318
"Rubínová, Blanka",Šťastný život bez lepku,2021,78
"Šumníková, Miriam",Dobrota,2021,45
"Jindřich, Oldřich",Houbové Berounsko 2022,2021,13
"Broučková, Pavlína",Čerstvé šťávy & smoothies,2021,74
"Broučková, Pavlína",Detoxikační kuchařka,2021,122
"Líbová, Petra",Pečeme perníčky,2021,33
"Balíková, Marieta",Nutriční příručka pro nemocné cystickou fibrózou,2021,181
"Caldesi, Katie",30minutová low carb kuchařka,2021,207
"Fallon, Sally",Vyživující tradice,2021,674
"Bičíková, Kateřina",Chilli kuchařka,2021,207
,Planeta na talíři aneb Recepty pro budoucnost,2021,69
"Charvátová, Barbora",Loudavé vaření,2021,3
"Smolová, Michaela",Téměř zapomenuté recepty,2021,1
"Vonášek, David",100 skvělých domácích receptů,2021,1
"Švédová, Zuzana",Štědrý bylinářův rok,2021,423
"Vojtěchovský, Jan",Kuchařka životem,2021,148
,Jídlo deseti staletí,2021,1
,Uchovávání úrody,2021,81
"Vašková, Svatava",Pardubice na talíři,2021,53
"Monroe-Cassel, Chelsea",World of warcraft,2021,215
"Tuček, Vladimír",Feláckej receptář,2021,16
,Vegetarián,2022,113
"Lukášková, Nicole",Snídaně pro celodenní pohodu,2022,163
"Axt-Gadermann, Michaela",Zatočte s celulitidou,2022,207
"Prakash, Sheela",Středomořská kuchyně,2022,208
"Koštuříková, Jana",Příběh vizovického pečiva,2022,179
"Šedivý, Václav",Československé masné výrobky,2022,751
"Hansch, Susanne",Plevel na talíři,2022,128
"Havlová, Vladimíra",Kuchařka při onemocnění jater,2022,114
,Nakládání s přípravky na ochranu rostlin,2022,38
"Kuranova, Kateřina",Naše,2022,246
"Peacock, Gabriela",Úžasnější za 2 týdny,2022,208
"Schäfer, Birgit",Vaříme zdravě pro děti bez mléka vajec pšenice a sóji,2022,128
"Marečková, Jaroslava Vilemína",Zrnka všehochuti,2022,202
"Huarache Mamani, Hernán",Cesta šamana,2022,283
"Pilátová, Erika",Mám napečeno,2022,191
,Jíme zdravě pod jednou pokličkou,2022,217
"Döllinger, Pavel",Skautská táborová kuchařka,2022,48
"Fleck, Anne",Energie,2022,431
,Bezlepková kuchařka,2022,158
,365 nízkosacharidových receptů,2022,304
"Dvořáková, Lucie",Dorty Chez Lucie,2022,159
"Altekrüger, Güldane",Chléb a koláče pro ještě štíhlejší postavu,2022,151
"Schmidová, Sandra",Zdravě kdykoliv a kdekoliv,2022,155
"Tran, Long",Víc než jen vietnamská kuchařka,2022,168
"Drdel, Pavel",Postní kuchařka,2022,207
"Popprová, Andrea",Jaro je tu,2022,92
"Dostálová, Dorota",Česká kuchařka,2022,130
"Ihnačák, Marcel",Hostina,2022,175
,Chytré recepty s chutí Vysočiny,2022,56
"Ondráčková, Luisa",Kuchařka pro Mendela,2022,399
"Scheinostová, Alena",Velikonoce našich babiček,2022,287
"Janovská, Pavla",Zdravý jídelníček do krabiček,2022,139
"Hazebroek, Jeroen",Grilování a mnohem víc,2022,160
"Fetterman, Lisa Q.",Sous vide u vás doma,2022,287
"Cramm, Dagmar von",Vaříme pro malé děti,2022,62
"Mosetter, Kurt",Vaříme zdravě pro děti s AD(H)D,2022,128
"Kührer, Irene",Vaříme zdravě - štíhlá i po čtyřicítce,2022,128
"Milatová, Růžena",Kuchařka při onemocnění dnou,2022,97
"Foltín, Michal",Bethel church,2022,146
"Marešová, Markéta",Lžička cukru,2022,223
"Gottwaldová, Ludmila",Vůně domácího pečení,2022,279
"Kysela, Jan",Kvašená zelenina na 1008 způsobů,2022,121
"Frühauf, Pavel",Celiakie dětí a dospívajících 2021,2022,80
"Vaněk, Roman",Poklady klasické české kuchyně aneb Jak to ta babička tenkrát vařila,2022,177
"Lindeblad, Björn Natthiko",Moudrost mnicha,2022,229
"Kobylák, Jan",Šéf,2022,261
"Frangipane, Francis",Dnes budeme bojovat,2022,157
"Kohoutková, Iva",Cukroví bez lepku,2022,135
"Klíma, Petr",Zeleninová kuchařka,2022,204
"Marquez, Eva",Poselství z Plejád,2022,245
"Fröhlichová, Martina",Čarodějnická ordinace,2022,81
"Fourová, Karolína",Výživná kniha o jídle,2022,319
"Ruchser, Diana",Low carb pečení,2022,142
,Bylinkopedie v kuchyni,2022,191
,Jíme zdravě v pohybu s prof Vítkem,2022,182
"Hübner, Jakub",Teplá i studená kuchyně Jakuba Hübnera,2022,38
"Mandžuková, Jarmila",Nenechte se zabít cukrem,2022,120
,Jahody,2022,158
"Foberová, Nela",Neváhej a peč,2022,103
"Denková, Martina",Dorty,2022,123
"Vaněk, Roman",Grilování,2022,94
"Stanitzok, Nico",Steaky,2022,62
"Kottová, Helena",Pomazánka z tresky,2022,22
"Kottová, Helena",Fazolová pomazánka,2022,22
"Kottová, Helena",Tvarohová pomazánka,2022,22
"Kottová, Helena",Avokádovo-čokoládová pomazánka,2022,22
"Kottová, Helena",Hrášková pomazánka,2022,22
"Fábry Köpplová, Sára",Zhubni v kuchyni,2022,174
"Střelecká, Petra",Filtrovaná káva,2022,245
"Kohout, Tomáš",Podivuhodná kuchařka Toma Necrococka & Houbové Marie,2022,207
"Vorudová, Jana",Výživa a diety při idiopatických střevních zánětech,2022,58
"Dostálová, Dorota",Česká kuchařka,2022,130
"Rolins, Dara",Rok podle Dary 2023,2022,176
"Rolins, Dara",Rok podle Dary 2023,2022,176
"Müller, Sven-David",Zdravá a chutná strava při onemocnění dnou,2022,95
,Kouzelná Beruška a Černý Kocour,2022,92
"Kameník, Josef",Maso jako pokrm,2022,163
,Kuchařka mladých svišťů,2022,45
"Dušátko, Josef",Domácí řeznická kuchařka,2022,163
"Komárková, Jana",Vaříme zdravě a chutně pro fenylketonuriky,2022,297
"Szabłowski, Witold",Jak nakrmit diktátora,2022,45
"Nývltová, Kamila",Na plech s Kamilou,2022,157
"Novotná, Kateřina",Krabičky do práce,2022,156
"Kramolišová, Michaela",Zamilujte si svou kuchyň,2022,181
"Oliver, Jamie",7krát jinak,2022,317
"Pfeiffer, Tomáš",Duchovní kuchařka,2022,1
"Rubášová, Petra",Domácí sýry,2022,159
"Charvátová, Barbora",Máma v kuchyni,2022,199
"Beranbaum, Rose Levy",Bible sladkého pečení,2022,448
"Kynstlerová, Martina",Sladce slaně boubelatě,2022,143
"Salfellner, Harald",Česká kuchyně,2022,182
"Procházková, Simona",Léčivá vína a likéry pro každého,2022,180
"Choutka, Miloš",Hrníčkové recepty 2023,2022,29
,Grilujeme 2023,2022,29
"Poloprudská, Eliška",Jídlo roste u cesty,2022,31
"Kansel, Jan",České tradiční recepty 2023,2022,29
"Choutka, Miloš",Hrníčková kuchařka 2023,2022,29
"Kansel, Jan",Sladké mňamky 2023,2022,29
"Pálka, Radek",Šumavská kuchařka,2022,135
"Kansel, Jan",Zdravé snídaně & smoothie 2023,2022,29
"Rozsypalová-Vykoupilová, Jarka",Babské rady na celý rok,2022,195
"Špindlerová, Petra",Střípky ze života,2022,106
,Naše kuchařka,2022,1
"Choutka, Miloš",Česká vařečka 2023,2022,16
"Trhoňová, Iva",Ruce v mouce,2022,191
"Čápová, Štěpánka",Mámin kastrůlek,2022,255
"Šlosar, Jaromír",Marokánky a jiné básně,2022,59
"Thompson, Molly",Protizánětlivá kuchařka,2022,176
"Raichlen, Steven",Jak grilovat,2022,490
"Sisson, Mark",Keto pro život,2022,341
"Křížková, Hana",U stolu s Hankou Křížkovou,2022,113
"Gils Slavíková, Mirka van",Famózní Od babičky,2022,185
"Lubojatzky, Pavlína",Ještě více ulala,2022,263
"Maršálek, Josef",Moderní česká cukrařina,2022,189
"Bajková Brown, Olga",Fit bez diet,2022,298
"Sapík, Jaroslav",Sapíkův svět,2022,218
,Zkuste to doma sami,2022,188
"Fliegelová, Ludmila",Tajemství perníčků,2022,172
"Landová, Míša",Když peču,2022,144
"Dostálová, Dorota",Česká kuchařka,2022,130
"Nosková, Lada",Vyladěno na talíři,2022,295
"Mejsnar Slušňáková, Petra",Mňam Česko,2022,181
"Beskydiarová, Veronika",Besky - vaříme nebesky,2022,185
"Maršálek, Josef",Kynuté,2022,399
"Kysela, Jan",Talíř na míru,2022,467
,Tradice,2022,182
"Trhoňová, Iva",Kouzlo domácí pekárny,2022,311
"Bracht, Petra",Přerušovaný půst pro delší život,2022,143
"Kubátová, Hana",Otázky bezpečného nakládání s biologickými agens - biosafety a biosecurity v České republice,2022,24
"Pavala, Marek",Make home cooking great again,2022,270
"Hlaváček, Petr",Kadaňsko na talíři,2022,162
"Holečková, Iva",Sladce nesladce LowCarb,2022,105
"Bělohlávková, Simona",Jídlo a pití našich dětí,2022,334
,Kuchařka pro začátečníky krok za krokem,2022,206
"Stejskalová, Jana",Zdravá kuchařka pro celou rodinu,2022,114
"Bansal, Ilona",Takhle chutná Indie,2022,199
"Klímová, Klára",Fabrika,2022,197
"Luu, Uyen",Pravá vietnamská kuchyně,2022,143
"Murad, Noor",OTK,2022,255
"Murad, Noor",OTK,2022,255
,Babiččiny recepty 2023,2022,29
,Bezmasé recepty 2023,2022,29
,Česko-slovenská kuchařka 2023 =,2022,29
"Poláček, Jiří",Česká kuchyně 2023,2022,29
,Koktejly 2023,2022,29
,Hrníčková kuchařka 2023,2022,29
,Hrníčková kuchařka 2023,2022,13
,Rok plný sladkostí 2023,2022,29
"Gerstner, Miloš",Krkonošská kuchařka aneb Hory dávají chléb,2022,184
,Receptář 2023,2022,29
"Linka, Anna",Vítejte u nás,2022,171
"Schmidová, Sandra",Fit kdykoliv a kdekoliv,2022,178
"Hruška, Ladislav",Fit krabičky Ládi Hrušky,2022,142
"Anderson, Robert Tuesley",Elfí kuchařka,2022,160
"Ramsay, Gordon",Chutně a rychle,2022,256
"Hager, Christine",Hranolky,2022,79
"Dusy, Tanja",Kuchyně Tex-Mex,2022,62
"Mangold, Matthias F.",Zvěřina,2022,62
"Liška, Jiří",Tatínku vař A vyprávěj k tomu,2022,167
"Grohmann, Dominik",Pražské ovocné sady,2022,157
"Semerádová, Tereza",Perníčkování,2022,322
"Maršálek, Josef",Moje sváteční pečení,2022,234
,Jíme zdravě s dětmi aneb Jak vytvořit dětem správné stravovací návyky,2022,243
,30 minut v kuchyni,2022,202
"Pohlreich, Zdeněk",Super jednoduše bez masa,2022,183
"Šustr, Dan",Majn Kochbuch,2022,375
Chili Ta Thuy,Špetka Chili,2022,179
"Bičíková, Kateřina",Forbes cooking,2022,217
"Foster, Kelli C.",Probiotická kuchařka,2022,208
"Dudash, Michelle",Nízkosacharidová středomořská kuchařka,2022,176
"Lin, Qianliang",Čajová terapie,2022,159
Yang Li,100 přírodních potravin,2022,196
"Mitchell, Caroline",Poselství draků,2022,142
Těhotnej kuchař,Cháluj líp,2022,204
,Babička a dědeček vypráví o Vánocích,2022,189
"Brýdová, Monika",Vegan recepty,2022,230
"Jahnke, Beate Mari",Japonská kuchyně,2022,62
"Cole, Will",Intuitivní půst,2022,308
"Staša, Roman",Matla,2022,125
"Sodha, Meera",Uvařeno v Indii,2022,310
"Pérez Cerveró, Patricia",Vaříme s rodinou,2022,125
"Vaněk, Roman",Legendy světové kuchyně,2022,94
"Davis, William",Zdravá střeva,2022,413
,Jóga Vásištha,2022,770
,Kouzelné Vánoce,2022,154
"Fabešová, Iveta",Vše sváteční,2022,173
"Yee, Amanda",Friends,2022,175
,Naše chalupářská kuchařka,2022,352
"Zachová, Zuzana",Galetky a tartaletky,2022,135
"Ramsay, Gordon",Stačí 10 minut,2022,254
"Dostálová, Dorota",Česká kuchařka,2022,130
"Rau, Michaela",Terapie těstem,2022,406
"Janečková Hájková, Pavla",Vintage kitchen,2022,231
"Blankespoor, Juliet",Léčivá zahrada,2022,439
"Sobotková, Jitka",Kulinární tradice českých regionů,2022,183
"Voleman, Radko",Česká kuchyně 2023,2022,29
,Sladké recepty 2023,2022,30
"Voleman, Radko",Domácí kuchyně 2023,2022,30
"Paskerová, Andrea",Maminčiny recepty,2022,1
"Oliver, Jamie",Jeden,2022,309
"Doležalová, Alena",Remoska v moderní i babiččině kuchyni,2022,154
"Jirka, Jan",Pečení Jenda báseň,2022,250
"Voleman, Radko",Vaříme snadno a rychle 2023,2022,30
,Kuchařka ne jen pro muže 2023,2022,30
,Vaříme a pečeme zdravě 2023,2022,30
,Grilujeme 2023,2022,30
"Gorsky, Faith",Keto grilování,2022,175
"Rypková, Markéta",Hrníčková kuchařka,2022,159
"Monroe-Cassel, Chelsea",World of warcraft,2022,191
,Grilujeme 2023,2022,30
"Dvořák, Jiří",Zdraví nad zlato,2022,230
"Kyčera Kučerová, Veronika",Sláma v botách,2022,143
"Stanitzok, Nico",Vietnamská kuchyně,2022,62
"Nickel, Stefanie",Thajská kuchyně,2022,62
"Filipová, Eva",Lahodně s etiketou,2022,202
"Scholl, Harald",Klobásy a paštiky,2022,126
"Pospíšil Jakešová, Andrea",Vyváženě,2022,199
"Axell, Mikael",Divočák,2022,142
"Jiskra, Martin",Kuchařka ze zájezdního hostince,2022,257
"Kučerovská, Julie",Kuchařka pro mě a moje tělo,2022,206
"Kindlová, Monika",Naše domácí recepty a návody z kopečku,2022,235
"Drdel, Pavel",Postní kuchařka,2022,207
"Vrzalová, Radka",Z Radčina rodinného receptáře,2022,160
"Komín, Jaromír",KU-DO-KR,2022,83
"Štanc, Otakar",Bramborová kuchařka,2022,263
"Dahl, Dorothee",Čarovné nápoje,2022,127
"Nentwig, Celia",Malé chuťovky,2022,142
"Ammerer, Gerhard",Čechy - Morava - Vídeň,2022,205
"Sekiguchi, Ryōko",Nagori,2022,123
"Woolever, Laurie",Bourdain,2022,408
"Hajzlerová, Petra",Hostina,2022,143
"Lien Čepelková, Renata",Houby jako lék v naší kuchyni z pohledu čínské medicíny,2022,232
,Jíme zdravě do 30 minut,2022,189
,Jíme zdravě podle plánu,2022,219
"Vymětalová, Karla",Kulinární kultura českých zemí,2022,621
,Kulinární dědictví Čech Moravy a Slezska,2022,384
"Fröhlichová, Martina",Čarodějnická ordinace aneb Tajemný deníček,2022,164
,24 dnů do Vánoc,2022,31
"Stránská, Denisa",Lahodný Benedikt,2022,132
"Frenkiel, David",Green kitchen quick + slow,2022,255
"Hnidáková, Lelí",Cupcake 2,2022,699
"Pavleje, Markéta",Kitchenette,2022,223
"Švejda, František",Jezte konopí,2022,172
"Šebek, Luboš",Technologie kuchařských prací,2022,151
,Chalupářský diář 2023,2022,84
,Kulinární tradice českých regionu,2022,1
"Eckl, Petr",Kulinářské dědictví,2022,202
"Trnková, Klára",Tajné bramborové recepty naší babičky,2022,38
"Trnková, Klára",Tajné levné recepty naší babičky,2022,39
"Holub, Miroslav",Cesta k celostnímu stravování,2022,276
,Čtvero ročních období,2022,4
"Bebarová, Tereza",Čas na pečení,2022,1
"Vašák, Jaroslav",Ottova velká hrníčková kuchařka,2022,255
"Velan, Libor",Jak chutná Východní Slovácko a Kopanice =,2022,143
,A do kuchyně,2022,1
"Nosková Mosorjaková, Bára",Bářina kuchařka pro mámy a táty,2023,199
"Pilátová, Erika",Uvařeno jednoduše a chutně,2023,190
"Hollywood, Paul",100 úžasných chlebů,2023,144
,365 receptů bez cukru,2023,300
"Láska, Václav",Láska je na houby,2023,288
"Štourač, Petr",Akutněcz pod pokličkou,2023,87
"Durdel-Hoffmann, Sabine",Báječná kniha o burgerech a grilování,2023,112
"Pérez, Isabel",Cheesecake,2023,224
"Šedivý, Václav",Československé masné výrobky,2023,751
"Vinická, Magda",Moje bezlepkové pečení,2023,171
"Tiggelen, Sophie van",Kuchařka při autoimunitních onemocněních,2023,176
"Havlová, Vladimíra",Kuchařka při onemocnění žlučníku,2023,123
,30 minut v kuchyni,2023,186
"Špačková, Renata",Babička a dědeček vypráví o Velikonocích,2023,99
,Mleté maso,2023,158
"Ghotra, Hari",Indická kuchyně pro každého,2023,175
"Jelínková, Miloslava",Průvodce světem koření,2023,223
,Česká kuchařka,2023,130
"Hradecká, Gabriela",Upeč si svou lásku z kvásku,2023,174
"Rakušanová, Jarmila",Kuchařka paní nadlesní,2023,127
"Burešová Lišková, Andrea",Cukrařinka,2023,228
"Hawkins, David R.",Objevení Boží přítomnosti,2023,207
"Šmíd Winterová, Jana",Mami mám hlad,2023,160
,Kuchařka,2023,94
"Vaněk, Roman",Sladké poklady české a moravské kuchyně,2023,175
"Lustig, Robert",Jíme zdravě za pár korun,2023,198
"Pokorná, Jana",Nejsem bábovka s cukrem,2023,182
"Peacock, Gabriela",Mladší za 2 týdny,2023,208
"Vaněk, Roman",Poklady klasické české kuchyně aneb Jak to ta babička tenkrát vařila,2023,175
"Mikšovic, Alexander",Jeden koktejl nestačí,2023,342
"Stříbrský Jindřichová, Ivana",Cat & cook,2023,284
"Vaněk, Roman",Snadno & rychle,2023,150
"Greifenstein, Gina",Koláče dorty a bábovky,2023,62
"Pospěchová, Petra",Atlas chutí Čech Moravy a Slezska,2023,315
"Doležalová, Alena",Moučníky podle vyzkoušených receptů,2023,188
"Koukal, Pavel",Nakládání s daty o životním prostředí,2023,30
"Lund, Kristina",Fika,2023,221
"Lund, Kristina",Dorty,2023,269
"Bubeníková, Kristýna",Bude dneska buchta,2023,147
Nhất Hạnh,Zen a umění zachránit planetu,2023,301
,U jednoho stolu,2023,151
"Spector, T. D.",Mýty na talíři,2023,317
,Asijská kuchyně,2023,144
"Elstner, František Alexander",Zálesácká kuchyně,2023,191
"Dusy, Tanja",Rýže,2023,214
"Charvátová, Barbora",Úsporná kuchařka plná chutí,2023,143
"Vopičková Cipprová, Markéta",Bylinky kolem nás,2023,128
,Česká kuchařka,2023,130
"Gibb, James L.",HIT,2023,264
"Ilies, Angelika",Vaříme na pánvi,2023,62
"Seifried, Marco",Pomazánky a dipy,2023,62
,Uchovávání úrody,2023,80
,Mrkev dýně cuketa,2023,158
"Dokoupilová, Milena",Alergie na bílkoviny kravského mléka u novorozenců a malých kojenců,2023,190
"Hazan, Marcella",Klasická italská kuchyně,2023,750
"Ouhrabková, Zuzana",Zkvašeno,2023,310
"Rystonová, Ida",Pohoštění sladké i slané,2023,416
"Pecina, Martin",Jazyk srdce mozek krev,2023,175
"Zíbrt, Čeněk",Česká kuchyně za dob nedostatku,2023,97
"Ryczek, Hayley Barisa",Fermentované potraviny ke každému jídlu,2023,192
"Marras, Alison",Paleo kuchařka pro zdravý mikrobiom,2023,208
"Robertson, Robin",Vsaďte na rostlinné bílkoviny,2023,192
"Maršálek, Josef",Čokoláda,2023,447
"Nováková, Lucie",Neobyčejná kuchařka,2023,253
"Ostratická, Kristýna",Restart jídelníčku jednou provždy,2023,318
"Mrázová, Nikola",Ze zahrady do kuchyně,2023,199
"Rundusová, Kamila Kamu",Nejbarevnější cesta,2023,405
"Prokešová, Nikola",Jíme společně,2023,199
"Rypková, Markéta",Hrníčková kuchařka,2023,159
"Laštovička, Jan",Hravá kuchařka - Asie,2023,18
"Drozdová, Lucie",Šumavská houbička v kuchyni,2023,306
"Bortlíková, Iva",Vaříme v remosce,2023,159
"Velemínský, Miloš",Anticholesterolová kuchařka,2023,139
"Doležalová, Alena",Zavařujeme a nakládáme,2023,220
"Choutka, Miloš",Levné recepty 2024,2023,29
"Karešová, Pavla",Banátská kuchařka,2023,39
"Hruška, Ladislav",Fit krabičky Ládi Hrušky,2023,142
"Kansel, Jan",České tradiční recepty 2024,2023,29
"Kansel, Jan",Sladké mňamky 2024,2023,29
,Grilujeme 2024,2023,29
"Madara, Melissa Jayne",Čarodějnická hostina,2023,231
"Pálka, Radek",Jihomoravská kuchařka,2023,159
,Pečeme 2024,2023,29
"Kansel, Jan",Regionální kuchyně 2024,2023,29
"Choutka, Miloš",Česká vařečka 2024,2023,16
"Milatová, Růžena",Bezezbytková dieta při onemocnění střev,2023,105
Těhotnej kuchař,Cháluj ještě líp,2023,203
,Sladké léto,2023,82
"Raichlen, Steven",Jak grilovat zeleninu,2023,208
"Lánská, Dagmar",Užitkové rostliny aneb Co pěstovat sbírat a jíst od jara do zimy,2023,304
"Svatošová, Radka",Domácí soběstačnost,2023,154
"Šiková, Adéla",Jídlo pro děti pod lupou,2023,97
,Rok plný sladkostí 2024,2023,29
,Levné recepty 2024,2023,29
"Poláček, Jiří",Česká kuchyně 2024,2023,29
"Veselková Střelcová, Tereza",Jednou rukou,2023,237
"Poláček, Jiří",Česká kuchyně 2024,2023,29
,Rok plný sladkostí 2024,2023,29
,Hrníčková kuchařka 2024,2023,29
"Molinová, Alena",Sušíme doma,2023,159
"Chovancová, Markéta",Markéta v troubě,2023,159
,Receptář 2024,2023,30
,Česká kuchařka,2023,130
"Korbelářová, Irena",Metodika identifikace a dokumentace kulinárního dědictví,2023,203
"Mähringová, Pavlína",Velká polévková bichle,2023,430
"Luu, Uyen",Chuť Vietnamu,2023,223
"Hlubučková, Barbora",Jíme zdravě každý den,2023,181
,Hrníčková kuchařka 2024,2023,13
"Gils Slavíková, Mirka van",Štědré a voňavé,2023,265
,Mezinárodní kuchařka 2024,2023,30
,Česko-slovenská kuchařka 2024,2023,30
,Babiččiny recepty 2024,2023,30
"Voleman, Radko",Grilujeme 2024,2023,30
"Voleman, Radko",Sladké recepty 2024,2023,30
"Vybíralová, Helena",Helenčino pečení,2023,205
"Skopová, Kamila",Kulinářské vandrování 2024,2023,30
"Voleman, Radko",Vaříme snadno a rychle 2024,2023,30
"Beskydiarová, Veronika",Besky - pečeme nebesky,2023,158
"Pohlreich, Zdeněk",Zlatá klasika,2023,169
"Látalová, Kateřina",Sladce po celý den,2023,167
"Voleman, Radko",Kuchařka 2024,2023,30
"Voleman, Radko",Domácí kuchyně 2024,2023,30
"Paavola, Anu",Ájurvédská detoxikace,2023,175
"Hrbková, Alena",Líná kuchařka,2023,158
"Příhonský, Radek",Pankáč z pětihvězdy,2023,187
"Suchopár, Miroslav",Recepty z cest,2023,95
"Dvořák Venigerová, Martina",Máca se loudá,2023,231
,Náš rok v kuchyni,2023,504
"Kingston, Lani",Kouzlo kávových zrnek,2023,263
"Mocňáková, Kateřina",Polévky a misky,2023,259
"Shih, Rich",Kouzlo fermentace s plísní koji,2023,333
"Vaněk, Roman",Sváteční,2023,94
"Havlová, Vladimíra",Malá diabetická kuchařka,2023,141
"Havlová, Vladimíra",Kuchařka při onemocnění žaludku,2023,104
"William, Anthony",Mozek a jeho zdraví,2023,557
"Zunner, Marianne",Knedlíky a noky,2023,62
"Skadow, Ulrike",Vaříme z pěti surovin,2023,62
"Lalbaltry, Juliette",Vánoční filmové recepty,2023,137
,Vinařská kuchařka,2023,341
,30 minut v kuchyni,2023,186
,Jíme zdravě pod jednou pokličkou,2023,183
"Makłowicz, Robert",Císařská a královská kuchařka,2023,219
"Doležalová, Alena",Cukroví,2023,189
"Charyparová, Jitka",Sladké hříchy,2023,105
"Havlová, Vladimíra",Kuchařka při onemocnění jater,2023,114
"Milatová, Růžena",Kuchařka při onemocnění slinivky,2023,126
"Gundry, Steven R.",Skrytá tajemství keto diety,2023,172
,Jóga,2023,82
"Makó, Miluše",Rok v Green Table,2023,191
"Bucholz, Dinah",Neoficiální kuchařka Harryho Pottera,2023,247
"Schmidová, Sandra",Vyváženě kdykoliv a kdekoliv,2023,220
"Puchałka, Klaudia",Cukrářské zdobení,2023,189
"Fialová, Vojtěcha",Recepty sestry Vojtěchy,2023,109
"Heřtová, Dagmar",Vidličkou po mapě,2023,358
"Karmašová, Alice",S Alishou v kuchyni,2023,103
"Bouzek, Jarda",Jedlíci na cestách,2023,203
"Sievers, Oliver",BBQ nejen pro vegetariány,2023,127
"Sievers, Oliver",BBQ steaky & burgery,2023,124
"Sievers, Oliver",BBQ,2023,141
"Trnková, Klára",Tajné dětské recepty naší babičky,2023,38
"Trnková, Klára",Tajné bleskové recepty naší babičky,2023,38
,Velká kuchařka šéfkuchařů nejlepších restaurací,2023,403
,Česká kuchařka,2023,130
"Richterová, Nataša",Kuchařka z rybářské chaty,2023,161
"West, O. D.",Ptáky starolapené,2023,181
"Zemanová, Veronika",Kuchařka pro mého syna,2023,201
"Slováková, Hana",Veganské dorty a dezerty,2023,91
"Jones, Iphigenia",Wednesday,2023,144
"Krupičková, Lenka",Mámina kuchařka,2023,199
"Klingrová, Zuzka",Ájurvéda & jóga pro ženy,2023,302
"Podzemná, Iveta",Nejlepší recepty z celého světa aneb Lexikon mlsného cestovatele,2023,247
,Blokátory receptorů AT1 u pacientů s kardiovaskulárním onemocněním,2023,4
"Punčochář, Jan",Jak vaříme u Matěje,2023,189
"Bourgeault, Cynthia",Poznání cestou moudrosti,2023,133
"Šebela, Martin",Jabkancová pouť v České Třebové a její zakladatelé,2023,361
"Kubalová, Aneta",Nový start aneb Návrat zpět do formy (nejen po porodu),2023,173
"Pišová, Jana Florentýna",Čekání na jaro,2023,390
"Mangold, Matthias F.",Ryby na talíři,2023,62
"Eggers, Volker",Vaříme a pečeme na plechu,2023,62
"Schmedes, Christa",Palačinky a lívance,2023,64
"Vinická, Marie",Domácí kuchařka,2023,171
"Szabłowski, Witold",Rusko pohledem z kuchyně,2023,396
"Oliver, Jamie",5 ingrediencí Středomoří,2023,317
"Plánková, Markéta",Mámy u plotny,2023,161
"Wójciak, Dominika",Zelenina z jednoho hrnce,2023,269
"Zemanová, Hana",Nový BioAbecedář Hanky Zemanové,2023,422
"Cunningham, Scott",Utajované magické recepty a rituály,2023,332
"Burešová, Iva",Reformulace jako cesta ke zlepšení kvality pečiva =,2023,52
"Schroeder, Annette",Síla včelích produktů,2023,138
"Toušlová, Iveta",Toulavé recepty,2023,85
"Ramsay, Gordon",Do neznáma,2023,367
"Školoudová, Dagmar",Vánoce pro vaše ruce,2023,291
"Hanák Vrabelová, Julie",Já jsem šéfkuchař,2023,60
"Skřivan, Pavel",Zbožíznalství,2023,44
,Maková kuchařka,2023,47
"Ostratická, Kristýna",Uloveno v restart sítích,2023,1
"Schocke, Sarah",Jak zhubnout břicho,2023,126
"Berg, Aloys",Jak snížit cholesterol přírodní cestou,2023,126
"Šoušová, Jitka",Pro mlsné jazýčky,2023,141
"Caldesi, Katie",Kuchařka k vítězství nad cukrovkou,2023,192
"Ostratická, Kristýna",Restart jídelníček,2023,190
"Hawkins, David R.",Vševidoucí já,2023,253
"Gajdušková, Alena Anežka",Uchováváme potraviny bez elektrické energie,2023,1
"Gross, Suzanne",Vyživující tradice,2023,233
"Maršálek, Josef",Buchty po ránu,2023,1
"Fullerová, Veronika Rút",Kuchařka kultivace českých měst,2023,119
"Svačinková, Jitka",Zdraví jako cíl,2023,164
"Školoudová, Dagmar",Kreativ - 90 dortů,2023,290
"Deneux, Xavier",Můj malý ovocný salát,2024,15
Dil-mgo-mkhyen-brtse,Soucitné srdce,2024,277
"Öhlenbach, Melanie",Salátový bar,2024,140
"Raduševa Herber, Renata",Léčení medem,2024,126
"Schwarz, Rodion",Elixíry předků,2024,137
"Kreihe, Susann",Jeden hrnec - žádné zbytky,2024,173
"Tyšerová, Dagmar",Hospodaření a nakládání se státním majetkem,2024,279
"Pořízková, Lenka",Kuchyně ve službách lidu,2024,339
"Boledovičová, Martina",Jarní tradinář,2024,281
,Skautská kuchařka,2024,85
"Čechalová, Kristina",Sladce bez lepku,2024,123
"Mikušíková, Markéta",Zahradou do kuchyně,2024,277
"Lund, Kristina",Kynuté těsto,2024,93
Ostravsky Gastrošef,Heřmanova kuchařka,2024,159
"Pikous, Jan",Jídla a návody a fotograf Jan Pikous,2024,55
,Rostlinně,2024,191
"Pergnerová, Kateřina",Zdravý jídlo není nuda,2024,175
,Česko na grilu,2024,191
"Zindelová, Michaela",Veselé Velikonoce,2024,230
"Milatová, Růžena",Kuchařka při onemocnění dnou,2024,97
,Pečení pro děti,2024,64
"Volk, Renate",Houby v lese a na talíři,2024,127
,Vaříme pro cukrovkáře a bez lepku,2024,82
"Skopová, Kamila",za kamna vlezem aneb Hrst pranostik povídání o tradicích a osvědčené babiččiny recepty,2024,225
"Shumsky, Susan G.",Vzestup a tajemství nesmrtelnosti,2024,239
"Rau, Michaela",Recept na oslavu,2024,239
,Česká kuchařka,2024,130
"Bajková Brown, Olga",Fit bez diet,2024,297
,Slavná vejce,2024,158
"Harris, Valentina",Skvělé recepty pro horkovzdušnou fritézu,2024,143
"Zemanová, Hana",Rytmus roku s Hankou Zemanovou,2024,534
"Kubricht, David",Grill & BBQ,2024,160
"Langmajerová, Tereza",Zelenina,2024,172
"Vaněk, Roman",Sushi,2024,85
"Rozehnal, Patrik",Pochoutky z horské chaloupky,2024,179
"Menšík, František",Dědova zabijačka aneb Veselý funus prasete a kus hanáckých tradic Františka Menšíka,2024,67
"Albertová, Denisa",Bez lepku prosím,2024,181
"Diederich, Marie",Soběstačnost,2024,303
"Stanitzok, Nico",Dieta last minute,2024,62
,Italská kuchyně,2024,62
"Grimm, Tom",Neoficiální kuchařka ze seriálu Stranger things,2024,143
"Maříková Vlčková, Petra",Diabetická kuchařka,2024,159
"Pivrncová, Eliška",Začínáme s příkrmy,2024,239
"Trčková, Štěpánka",Elfí kuchařka,2024,54
"Vernerová, Monika",Bezlepková dieta,2024,130
"Vicario, Alessandra",Pečeme pro psy,2024,127
"Hamouzová, Martina",Děti pečou,2024,15
"Mähringová, Pavlína",Velká prázdninová bichle,2024,430
,Česká kuchařka,2024,130
"Inchauspé, Jessie",Pravda o cukru,2024,287
"Vicenzino, Cettina",Cucina vegetariana,2024,238
"Pašingerová, Martina",Nora zachraňuje svoji duši,2024,239
,Zavařujeme nakládáme,2024,82
"Havlová, Vladimíra",Recepty se sníženým obsahem tuků zejména cholesterolu,2024,151
"Riedl, Matthias",Pečeme pro diabetiky,2024,62
"Svatek, Martin",Život v kuchyni,2024,234
"Feyfrlíková Černá, Monika",Gastronomie českého středověku,2024,224
,Studené večeře,2024,154
"Davies Veselá, Petra",Kniha o kávě,2024,239
"Nývltová, Kamila",Vánoční pečení,2024,135
"Hrevušová, Radka",Saláty pro každou příležitost,2024,155
"Szabo, Christian",Evoluce českého jídla,2024,227
"Němečková, Eliška",Eliščiny mňamky,2024,116
"Stupka, Petr",Co mám zase sakra vařit,2024,197
"Brumková, Wyky",Vegetariánská kuchařka pro začátečníky,2024,47
"Trhoňová, Iva",Hrátky s těstem,2024,343
"Novotná, Kateřina",Krabičky do práce,2024,156
"Trhoňová, Iva",Upečeno s láskou,2024,264
"Nováková, Lucie",Neobyčejné snídaně,2024,253
"Millá Bečáková, Bronislava",Hanácký svatební koláč,2024,79
Břicháč Tom,Jednoduše podle Břicháče Toma,2024,190
"Charvátová, Barbora",Loudavé vaření,2024,181
,Bábovky a moučníky,2024,82
"Bucharová, Jana",Jahody,2024,77
Těhotnej kuchař,Cháluj nejlíp,2024,219
"Hruška, Ladislav",Bible vychytávek do každé domácnosti,2024,189
"Šárková, Danka",Zvěřinová kuchařka,2024,124
,Česká kuchařka,2024,130
"Gils Slavíková, Mirka van",Lahůdková,2024,169
"Barnert, Frank",Život s cukrovou polevou,2024,321
"Kubíčková, Petra",O umění kuchařském,2024,215
"Nováková, Lucie",Neobyčejná kuchařka,2024,253
"Vašková, Svatava",Aby dětem chutnalo,2024,173
"Pinkavová Jirkovská, Radmila",Camino Berušky na cestě,2024,214
"Pavleje, Markéta",Benova kuchařka,2024,85
"Francová, Eva",Svatojanský deník,2024,333
"Pačes, Dalibor",Zvěřinová kuchařka,2024,247
"Krajčíková, Kamila",Bezlepková kuchařka nejen pro babičky,2024,69
"Franc, Martin",Dějiny výživy a stravování v českých zemích 1945-1970,2024,734
,Jablka a hrušky,2024,158
"Dvořák, Otomar",Magická kuchařka,2024,125
"Maršálek, Josef",Moje sváteční pečení,2024,234
,Pro vánoční pohodu,2024,188
"Baťhová, Martina",Vaříme lehce,2024,229
"Chung, Son",Asijská kuchařka od Šona,2024,155
"Shoda, Hirohiko",Washoku,2024,318
"Alvarez, Josef Javier",Vitální houby na talíři,2024,100
"Pohlreich, Zdeněk",30 minut,2024,183
"Hošinská, Nikola",Optimalizace sportovní výživy během menstruačního cyklu,2024,21
"Riedl, Matthias",Rychlé recepty pro diabetiky,2024,62
"Rundus, Adam",Smash-ba,2024,157
"Vaněk, Roman",Velká kuchařka Čech a Moravy,2024,518
"Hrůzová-Urbanová, Marie",Dobroty od Marušky,2024,72
"Howard, Joy",Disney vánoční kuchařka,2024,95
"Trnková, Klára",Tajné staročeské recepty naší babičky,2024,38
"Trnková, Klára",Tajné dietní recepty naší babičky,2024,34
,Vaříme miminkům,2024,62
,Pasta,2024,62
,Chleba,2024,62
"Ertner, Ellen",Ajurvéda,2024,134
"Hill, Harold",Žít jako královské dítě,2024,179
Ostravsky Gastrošef,Heřmanova kuchařka,2024,157
"Bubeníková, Kristýna",U plotny pečená vařená,2024,143
"Bárta, Luděk",Gulášky Zdeňka Galušky,2024,95
"Rak, Tereza",Rok plný tvoření,2024,236
"Madzinová, Renáta",Život s intolerancí laktózy,2024,93
"Kindlová, Monika",Tradinář,2024,280
Chili Ta Thuy,Špetka Chili,2024,199
"Drápal, Jakub",Podmíněný trest odnětí svobody,2024,231
"Janků-Sandtnerová, Marie",Vánoční pečení,2024,166
"Vrtiška, Vojtěch",Kuchařka,2024,199
"Bárta, František",Dědosaurova kuchařka,2024,72
"Havlů, Karina",Vaříme v remosce,2024,191
"Staab, Tamara",Tradiční moučníky,2024,62
"Lustig, Robert",Jíme zdravě kolem světa,2024,183
"Nguyen, Thuy",Víc než jen asijská kuchařka,2024,189
"Medřický, Radek",Mlsounova kuchařka nejen pro kováře,2024,47
"Ostratická, Kristýna",Restart jídelníčku hubnu díky krabičkám,2024,302
"Delpech, Marie-France",V kuchyni se svatou Hildegardou z Bingenu,2024,188
"Rypková, Markéta",Vánoční kuchařka,2024,159
"Pierce, Karen",Recepty k vraždě,2024,184
"Stříbrský Jindřichová, Ivana",Cat & cook,2024,284
"Bouzek, Jarda",Jedlíci na cestách,2024,223
"Pekárková, Sylvie",Pohádkové vánoční mlsání,2024,83
"Vrbovský, Viktor",Maková kuchařka,2024,49
"Halatová, Vladěna",Tradiční sladké pečení,2024,1
"Ottolenghi, Yotam",Ottolenghi komfort,2024,319
"Holinka, Ondřej",Fotbalová kuchařka,2024,158
"Hromas, Michal",Vandrbuch,2024,237
"Beránková, Tereza",Raketa vaří,2024,95
"Svoboda, Marek",Velká kuchařka Marka Svobody,2024,277
"Průcha, Václav",Kuchařka beskydských kuchařek a kuchařů,2024,161
"Sarna, Anita",Zaklínač,2024,255
"Čapov, Ivan",Třetí česko-moravská chirurgická kuchařka aneb Jak to dělám já,2024,188
"Janovská, Pavla",Moderní kuchařka pro diabetiky,2024,336
"Štenclová, Miroslava",Vojenská kuchařka,2024,267
,Kuchařka z batohu,2024,179
,Vánoční hody na jihu Čech,2024,1
,Velká mela aneb Francouzská kuchyně,2024,1
,Domácí je nejlepší,2024,35
"Runštuk, Jaroslav",Receptury teplých pokrmů,2024,589
"Koudelka, Oldřich",Kulinaření s Hubertem po třiceti letech,2024,155
"Bednářová, Kateřina",Pečeme,2024,218
"Váňová, Martina",Velká hrníčková kuchařka,2024,1
,Když jídlo spojuje,2024,270
"Macková, Tereza",Sladce bez cukru,2024,214
,Obec Písečná 2025,2024,16
,Dobré samo se chválí aneb Nástěnné kuchařky z muzejní sbírky,2024,1
"Matějková, Dagmar",Delikátně a zdravě bez lepku,2025,317
"Ingrová, Radka",Májin receptář,2025,55
"Michopulu, Hana",Skromné jídlo,2025,245
,České masné výrobky,2025,108
"Šedivý, Václav",Československé masné výrobky,2025,858
,Řízkový speciál,2025,82
,Česká kuchařka,2025,130
,Buchty a koláče,2025,82
,Rychlá snadná hrníčková,2025,82
,Česká kuchařka,2025,130
,Pečeme vaříme z jednoho hrnce,2025,82
,Česká kuchařka,2025,130
"Kashiwai, Hisashi",Tajné recepty restaurace Kamogawa,2025,200
"Doležalová, Alena",Minutky,2025,155
"Nachmüllner, Ladislav",Ladislav Nachmüllner a jeho Praganda,2025,171
"Charvátová, Barbora",Loudavé vaření,2025,199
"Frey, Hannah",Život bez cukru,2025,144
"Nemrava, Josef",Nemravně dobrá kuchařka,2025,236
"Maršálek, Josef",Sklizeň,2025,463
,Skautská kuchařka,2025,183
"Fňašek, Antonín",Kuchařka pro diabetiky a nejen pro ně,2025,293
"Haluška, Belo",Výroba uherského salámu a uherských specialit,2025,26
"Svoboda, Jan",Malý kuchtík,2025,96
"Schmidová, Sandra",Bez výčitek kdykoliv a kdekoliv,2025,220
,Líná pekařka,2025,158
"Šebáková, Michaela",Luštěniny jak je neznáte,2025,240
"Villoldo, Alberto",Vypěstuj si nové tělo - kniha receptů,2025,221
"Horn, Stefanie",Zfermentujte to,2025,127
"Filipová, Lea",Česká kuchyně,2025,63
"Dănov, Petăr Konstantinov",Učitel Petr Danov o hlubokém dýchání,2025,136
"Mazúrová, Zdeňka",Bezlepkové pečení,2025,160
"Mazúrová, Zdeňka",Bezlepkové slavnosti,2025,183
"Mazúrová, Zdeňka",Bezlepková kuchařka,2025,176
,Burgery,2025,62
"Maršálek, Josef",Moderní česká cukrařina,2025,189
"Hawkins, David R.",Já realita a subjektivita,2025,357
"Lewando, Fania",Židovská vegetariánská kuchařka,2025,207
"Schenker, Sarah",Mé (ne)sladké miminko a já,2025,208
"Nováková, Lucie",Neobyčejně rychlá,2025,269
"Kočí, Eva",Kuchařka z karavanu,2025,159
,Jeden hrnec stovky chutí,2025,111
"Sajler, Filip",Filip Sajler kluk v akci,2025,251
"Steklá, Lea",Vaříme s mamkou,2025,207
"Jaklová, Klára",Plzeňsko česká kuchařka,2025,28
"Němečková, Monika",Cukrovka pod kontrolou,2025,211
"Pospěchová, Petra",Kniha plná jídla,2025,103
"Bernstein, Richard K.",Jak na cukrovku,2025,549
"Řehák, Rudolf",Výroba jemného uzenářského zboží,2025,126
"Trhoňová, Iva",Ruce v mouce,2025,191
"Justová, Zdena",Veganská kuchařka pro zdravý život,2025,165
"Mosetter, Kurt",Revoluční devítidenní kúra k léčbě jater,2025,174
"Lund, Kristina",Sladká severská kuchařka,2025,399
"Booth, Tereza",Oslava,2025,16
"Mužíková, Irena",Sladké Valašsko,2025,170
"Socha, Radomír",Sbíráme čirůvky aneb Další chutné houby do naší kuchyně,2025,253
"Hansel, Ana",Kuchařka pro histaminovou intoleranci,2025,222
"Booth, Tereza",Dnes vařím já,2025,16
,Všechny chutě Itálie,2025,76
"Dusy, Tanja",Všechny chutě Řecka,2025,76
"Mattner-Shahi, Svenja",Všechny chutě Francie,2025,76
,Abeceda zeleniny,2025,158
"Ostratická, Kristýna",Restart jídelníčku rychlé večeře pro štíhlejší ráno,2025,206
"Kammerlander, Julia",Zdravé hříchy s ovesnými vločkami,2025,191
"Skopová, Kamila",Rok na vsi aneb Kronika všedního dne Jakuba a Dorotky,2025,101
Těhotnej kuchař,Držka v nebi,2025,239
"Anděl, Jan",Šetřící kuchařka,2025,215
"Vašák, Jaroslav",První republika u stolu,2025,334
,Počátky Těšínského zázraku o letnicích 1905,2025,56
"Mähringová, Pavlína",Velká večeřová bichle,2025,431
"Částková, Anna",Na každý den,2025,229
"Morris, Rob",Oficiální Five nights at Freddy’s kuchařská kniha,2025,117
"Soboň, Dávid",Sushi,2025,63
,Zavařování a konzervování,2025,66
"Brandes, Frank",Pohostinství a gastronomie 2,2025,180
"Pavlíková, Jitka",Ovoce z naší zahrádky,2025,218
,Z jednoho hrnce,2025,158
Ostravsky Gastrošef,Heřmanova kuchařka,2025,160
"Pohlreich, Zdeněk",Super jednoduše,2025,187
"Černá, Kateřina",Den kdy jíš křen nezemřeš,2025,173
"Michálek, Jan",Honzíkovy cesty,2025,207
"Denková, Martina",Bábovky a rolády,2025,123
,Špetka úsměvu hrst radosti,2025,79
"Forejt, Přemek",Forejt na doma,2025,270
"Fichtner, Marek",Kuchařka kořeněná životem,2025,184
"Ibrahim, Amar",Kurz přežití na každý den,2025,167
"Gajdušková, Alena Anežka",Vánoce našich babiček,2025,203
"Drozdová, Lucie",Šumavská houbička pěstuje a vaří,2025,356
,90 dortů,2025,290
"Erban, David",Mýty o výživě a potravinách,2025,231
,Kuchařka vůní a příběhů,2025,132
"Bretherton, Caroline",Naklíčeno,2025,69
"Cole, Will",Střeva a mysl v harmonii,2025,232
"Přibylová, Lenka",Perníčkové řemeslo,2025,175
,Kuchařka z Hlučínska,2025,190
"Zdeňková, Helena",Boiliesová kuchařka,2025,69
"Fialová, Vojtěcha",Dobroty sestry Vojtěchy,2025,109
"Burianová, Petra",Cesta z těsta,2025,279
"Pospíšil Jakešová, Andrea",Vyváženě,2025,247
"Dusy, Tanja",Všechny chutě Japonska,2025,76
"Fišerová, Miroslava",Knížka plná medu,2025,71
"Voštová, Bára",Blbuvzdorná kuchařka,2025,101
"Vaněk, Jiří",Ozzákova kuchařka,2025,159
"Meserszmidová Kristková, Ivana",Děti pečou perníčky,2025,20
"Datinská, Blanka",La Degustation Bohême Bourgeoise,2025,283
"Oliver, Jamie",Uvařte si zdravě,2025,317
"Raven, Patrik",Kuchařka tisíce příběhů,2025,197
"Sajler, Filip",Bez vývaru neuvaříš,2025,140
"Ostratická, Kristýna",Mlsej a hubni,2025,271
"Luňáková, Radka",Cukrárna paní Makronkové,2025,191
"Fotrová, Lenka",Symfonie chutí na talíři,2025,173
"Dusy, Tanja",Všechny chutě Indie,2025,75
"Zálešáková, Daniela",Dej si mě,2025,213
"Chovancová, Markéta",Vizovická kuchařka,2025,127
"Rosenthal, Victoria",Fallout,2025,189
"Klingrová, Zuzka",Ájurvéda jóga a jídlo,2025,318
"Charvátová, Barbora",Horkovzdušná,2025,183
,Traktát o probuzení víry v mahájánu,2025,293
"Maršálková, Radka",Mámina kuchařka aneb Když kluci vyletí z hnízda,2025,316
"Maršálek, Josef",Péct milovat a žít,2025,268
"Lissoni, Marco",Za chutěmi Itálie,2025,239
"Trnková, Klára",Tajné rybí recepty naší babičky,2025,38
"Kalibová, Hana",Kuchařka z říše Pankreas,2025,147
"Boledovičová, Martina",Letní a podzimní tradinář,2025,263
"Matysová, Pavlína",Kuchařka pro děti,2025,31
"Stříbrský Jindřichová, Ivana",Cat & cook,2025,284
"Stříbrský Jindřichová, Ivana",Cat & cook,2025,250
"Školoudová, Dagmar",185 dezertů,2025,292
"Mrzenová, Daniela",Velká kuchařka šéfkuchařů nejlepších restaurací,2025,339
"Štětinová, Barbora",Vánoce,2025,218
"Schovánek, Filip",Recepty Nového Bydžova a partnerských měst,2025,172
"Rejneková, Růžena",Superpotraviny na talíři,2025,164
"Bohdalová, Jiřina",Prababičky pravnoučatům,2025,141
,Sekané a mleté maso,2025,82
"Nytrová, Olga",Ptejte se - život odpoví,2025,188
"Váňová, Martina",Velká česká kuchařka,2025,1
,Receptář,2025,30
"Dědek, Lindi",Vývar,2025,107
,Český svaz chovatelů masného skotu 2026,2025,12
"Semrádová, Hana",Cukrářské práce,2025,137
,Vánoce na talíři,2025,1
"Čermáková, Ludmila",Kuchařské práce,2025,1
"Fourová, Karolína",Výživná kuchařka,2026,349
,Zelenina z povinnosti na radost,2026,141
"Linhartová, Kateřina",Bedna plná kouře,2026,511
,Maková kuchařka,2026,55
"Culík Končitíková, Gabriela",Kuchařské umění první dámy Zlína,2026,289
"Drozdová, Lucie",Šumavská houbička v kuchyni,2026,306
"Mervartová, Adéla",Malý kousek Paříže,2026,173
"Hyman, Mark",Navždy mladí,2026,271
"Kawashiro, Saki",Pohřební výbor pro recepty mého ex,2026,265
"Brandes, Frank",Pohostinství & gastronomie 4,2026,180
"Křivánková, Darina",Sólo,2026,200
"Nosková, Lada",Štěstí na talíři,2026,268
"Sato, Hiromi",Kuchyně špičatých klobouků,2026,1
"Havlová, Vladimíra",Kuchařka při onemocnění jater,2026,114
"Milatová, Růžena",Bezezbytková dieta při onemocnění střev,2026,105
"Milatová, Růžena",Kuchařka při onemocnění ledvin,2026,115
"Milatová, Růžena",Kuchařka při onemocnění slinivky,2026,126
,Proteinová kuchařka,2026,158
"Vrzalová, Radka",Jediná encyklopedie bezlepkového pečení,2026,451
"Nechvátalová, Petra",S naší rybou v kuchyni,2026,85
"Perlmutter, David",Posilte svůj mozek,2026,260
"Fikejsnová, Anna",Bude-li to dobrý pochválíš si to,2026,207
"Janků-Sandtnerová, Marie",Klasická česká kuchařka,2026,423
"Doležalová, Alena",Horkovzdušná fritéza pro začátečníky,2026,155
"Ostratická, Kristýna",Hubnu 5x rychleji,2026,286
"Kučíková, Marta",Po italsku do hubky,2026,234
"Machytka, Evžen",GLP-1 kuchařka,2026,205
"Tucci, Stanley",U jednoho stolu,2026,235
Těhotnej kuchař,50 jídel která miluju,2026,159
"Stephenson, Tristan",50 nejlepších drinků,2026,64
"Tucci, Stanley",Taste,2026,302
,Dnes vaří,2026,144
,Co s úrodou,2026,79
,Peppina kuchařka,2026,31
Mukpu,Večeře s vrahem Lewellynem,2026,1
,Boba,2026,63
"Bednářová, Anna",Bylinkové radosti,2026,328
"Müller, Sven-David",Zdravá a chutná strava při vysokém krevním tlaku,2026,126
,Borovanská vařečka,2026,93
"Protivová, Martina",Napříč hrnci aneb Co se vaří v Líšťanech,2026,134
,Česká kuchařka,2026,130
"Rita, Tim",Stitch - kuchařka,2026,104
Ostravsky Gastrošef,Heřmanova kuchařka,2026,158
"Tremlová, Hana",Léčitelství bez hranic,2026,139
,Velikonoční dekorace a recepty,2026,66
"Oliver, Jamie",Moje horkovzdušná fritéza,2026,220
,České léto,2026,98
"Pospíšil Jakešová, Andrea",Jezte ať vám to sluší,2026,206
,Houbová,2026,82
"Huarache Mamani, Hernán",Cesta šamana,2026,283
"Müller, Sven-David",Zdravá a chutná strava při cukrovce 2 typu,2026,134
,Pečeme s Bleskem,2026,193
,Kuře,2026,158
"Rypková, Markéta",Hrníčková kuchařka,2026,159
"Rypková, Markéta",Hrníčková kuchařka,2026,159
"Lustig, Robert",Jíme zdravě,2026,185
,Všechny chutě léta,2026,207
"Průcha, Václav",Kuchařka beskydských kuchařek a kuchařů,2026,191
"Rozehnal, Patrik",Sladké Česko,2026,170
"Hamáková, Marie",Kuchařka pro pomalý hrnec,2026,159
"Hüttlová, Jaromíra",Kluci v akci,2026,182
"Heřtová, Dagmar",Vidličkou po mapě (podruhé),2026,310
"Halatová, Vladěna",Hlavní jídla pečivo a speciality,2026,1
"Kolenčíková, Kristýna",S Kikinou v kuchyni,2026,94
"Carlsson, Sonja",Zdravá a chutná strava při vysokém cholesterolu,2026,159
,Sladké vaření,2026,82
,Zavařování s bylinkami a kořením,2026,66
