650_a,650_7
kadeřníci,ph945792
příběhy,ph124923
dějiny evropské integrace,ph524441
etnopsychologie,ph120023
umělecká díla,ph126878
historická kritika Bible,ph138434
Waikové,ph168246
vojenská výstroj,ph127187
Twitter,ph634665
státní symboly,ph136798
sebeovládání,ph125449
Keltové,ph117669
občanská válka v Libyi (2011),ph653685
sběratelé,ph125434
utopická literatura,ph165763
obce,ph123545
pracovní vztahy,ph124538
náboženský kult,ph146589
otcové a děti,ph123865
filozofové,ph117191
komeniologie,ph121741
židovská otázka,ph832267
sebeuzdravování,ph125452
studená válka (1945-1989),ph126165
řemeslné práce,ph907315
zdravotně-sociální péče,ph135125
mikrobiologové,ph122848
sociální geografie,ph125786
pseudověda,ph263240
vývoj písma,ph137326
světový názor,ph126340
rabíni,ph124961
obrázkové písmo,ph351785
náboženské sekty,ph115482
papírová platidla,ph115666
mincovnictví,ph122884
katolické pobožnosti,ph121534
mnišství,ph122923
kulturní změna,ph114000
domácnost,ph935889
elektronické zdroje,ph119889
didaktika,ph114316
literatura a filozofie,ph122368
sakrální umění,ph119515
podvody,ph200858
byzantoložky,ph608664
prezidentská sídla,ph970614
posmrtné zkušenosti,ph710604
pracovní prostředí,ph115871
onkologická terapie,ph685414
pedagogika volného času,ph115704
vývoz,ph116717
křesťanská meditace,ph115060
etici,ph870677
pravice,ph124561
mormonské církve,ph115352
německá grafika,ph123486
dřevěné kostely,ph119751
teologické školy,ph159587
ženy v ozbrojených silách,ph231092
imigranti,ph121036
Ujgurové,ph323744
mazdaismus,ph122695
obranný průmysl,ph174182
digitální knihovny,ph135239
totalitní režimy,ph116468
religionistika,ph125111
nové paradigma,ph139143
kosmická energie,ph182936
církev,ph114280
katolické svátky,ph114898
dějiny lesnictví,ph488973
ortodoxní judaismus,ph123822
salašnictví,ph947288
hudba pro varhany,ph120888
mumie,ph123044
románské umění,ph125218
buddhismus a společnost,ph170463
dokumentace,ph164220
masová kultura,ph122659
křivá obvinění,ph158344
káva,ph115053
vodní turbíny,ph127167
patronky,ph723620
klasicismus (literatura),ph121594
měšťanské knihovny,ph222842
sociální stát,ph116213
diplomatika,ph119470
filmová výroba,ph174786
kolektivizace zemědělství,ph134658
filmoví producenti,ph120209
taneční orchestry,ph311278
kulturní památky,ph115033
pohřební zvyky,ph137517
modelky,ph122931
neslyšící,ph137297
vzdělávání učitelů,ph158324
msta,ph335998
španělská filozofie,ph127843
finanční podpora,ph508976
krematoria,ph273340
pastorační poradenství,ph319033
lidová kultura,ph122304
kardinální ctnosti,ph940210
pověsti,ph124458
kopisté,ph117514
nevyléčitelně nemocní,ph123280
judaismus a politika,ph436871
léčitelé,ph139278
synagogální textilie,ph194650
speciálněpedagogická diagnostika,ph751240
kněžské semináře,ph121684
kostýmní výtvarnictví,ph121903
komunikační dovednosti,ph180925
comunio,ph285151
interpersonální komunikace,ph121153
Dogoni,ph442518
pozemní komunikace,ph115848
hmotná kultura,ph122679
Mixtékové,ph566826
islámské instituce a organizace,ph567205
monastýry,ph258176
paliativní péče,ph123911
periodika,ph115715
speleologové,ph265710
otcové a dcery,ph123864
utrakvistická liturgie,ph171175
pauláni,ph139371
osobní prezentace,ph216780
botanika,ph114191
dělníci,ph114391
"dům čp. 42 (Dolní Beřkovice, Česko)",ph926031
prevence (sociální problémy),ph138923
mahámudrá,ph146587
politická kultura,ph115787
evropské fondy,ph878192
regionální dějiny,ph440130
Kerullariovo schizma,ph264905
stálé expozice,ph854721
mesianismus,ph122764
felisterapie,ph672435
horolezecká neštěstí,ph120803
provenience uměleckých děl,ph462047
správní obvody,ph172914
aikido,ph114011
strukturní lingvistika,ph126156
historičky,ph233631
zalesňování,ph127531
humanitární pracovníci,ph344081
a priori,ph1002013
modlitební knihy,ph122945
kazatelé,ph121551
výstavnictví,ph127459
degradace materiálů,ph750537
transgender osoby,ph1126906
holdingové společnosti,ph114687
hudební kritika,ph120914
hudební soutěže,ph120927
lidová hudba,ph122303
gotická desková malba,ph164242
psycholožky,ph274384
loajalita,ph292477
regionální školství,ph903977
dívky,ph119743
vorařství,ph116631
identifikace osob,ph114751
rosikruciánství,ph344903
technické knihovny,ph126472
prenatální život,ph124590
osoby s autismem,ph323410
reforma zdravotnictví,ph135129
lidské chování,ph117221
náboženské tradice,ph114546
nakladatelství a vydavatelství,ph115417
alkoholici,ph118352
vikáři,ph303232
"bitva o Berlín (1945 : Berlín, Německo)",ph117393
judaisté,ph184259
vizuální informace,ph749218
česká poezie,ph150471
křesťanští aktivisté,ph349448
literární vlivy,ph138746
podobenství,ph238389
židovští teologové,ph679619
au-pair,ph118664
spiritismus,ph125908
polské sochařství,ph124296
lužickosrbské výtvarné umění,ph122465
móda,ph123136
udržitelný život,ph126769
stvoření světa,ph126171
akvaristé,ph572443
renesanční filozofie,ph125122
systematická teologie,ph139374
geologové,ph120533
židovská literatura,ph127990
karmelitáni,ph114873
umělecké sbírky,ph135222
autenticita (umění),ph890433
filmový esej,ph319025
pachatelky trestných činů,ph117235
publicistika (literatura),ph115958
hospitalizované děti,ph120815
psychiatrická péče,ph124776
skrytá církev,ph303226
patristické texty,ph117251
dějiny estetiky,ph503055
rokoko (umění),ph172940
černá bižuterie,ph455198
krasové oblasti,ph121934
biografická metoda,ph118894
vězeňkyně,ph151881
lidová slovesnost,ph122308
rasové teorie,ph316287
učení védismu,ph228425
kriminalita,ph115012
jaderné elektrárny,ph114812
soukromí zemědělci,ph125876
Romové,ph118051
léčebny,ph122526
archeologie,ph118578
abhidharma,ph175766
modernismus (literatura),ph122935
dvorská společnost,ph521120
dějiny družstevnictví,ph1017016
vojenství,ph127210
lidová poezie,ph122307
záhady,ph127721
fundamentální teologie,ph120394
klášterní knihovny,ph121646
vizuální kultura,ph551076
sekretáři,ph1124179
presbyteriáni,ph303235
obchod s kořením,ph138907
řecká antická bajka,ph215918
hospodářské výsledky,ph292474
hrdinství,ph168217
sociální pracovnice,ph125802
Karma Kagjü,ph117029
zdravý životní styl,ph127592
dvorská kultura,ph119654
neurózy,ph123269
filozofie hudby,ph120225
mariánská zjevení,ph122642
africké kmeny,ph352435
katolické farnosti,ph114894
kláštery kamaldulů,ph810291
sirotci,ph200850
hermetismus,ph120689
dějiny odívání,ph524154
Němci,ph117943
bezdomovectví,ph195455
Austrálci,ph135894
"malmédský masakr (1944 : Malmédy, Belgie)",ph166377
hospodářské systémy,ph114705
pedagožky,ph270273
polští spisovatelé,ph124324
divadelní představení,ph114331
folk,ph119202
setkání mládeže,ph370252
milenky osobností,ph122869
stavební plány,ph137759
východní křesťanská spiritualita,ph116694
programátoři,ph884924
manželky umělců,ph138575
únosy dětí,ph128342
váleční zločinci,ph127336
lední hokej,ph115102
církevní umění,ph119303
nemoci,ph117238
individuace (psychologie),ph121069
geologické mapování,ph202528
senátní volby,ph116127
nakladatelé a vydavatelé,ph115418
novotomismus,ph117242
křesťané,ph122150
vojenská zdravotnická služba,ph127188
knihovnice,ph121658
sociálně ohrožené skupiny,ph135661
televizní moderátorky,ph118362
botanici,ph118966
antická mytologie,ph118488
církevní hierarchie,ph170466
pracovní cesty,ph222864
Rusové,ph118055
literatura pro děti a mládež,ph138316
subjektivismus,ph126258
lékařská péče,ph134871
pravoslavní teologové,ph124574
rotundy,ph125236
básníci,ph216786
hospodářské sankce,ph120828
premonstrátská spiritualita,ph893250
hudební kluby,ph120910
diplomaté,ph119471
mezinárodní pracovní migrace,ph122814
anglická filozofie,ph118445
bombardování,ph114187
ontologie (filozofie),ph123746
psychologie hudby,ph136977
pansofie,ph123936
nucené vystěhování,ph123360
emigrace,ph137593
komunistický režim,ph114960
sociální nerovnost,ph125796
Tibeťané,ph118137
duchovní dary,ph119627
kuchařství,ph115027
holistická medicína,ph114688
zoologové,ph127668
filmové postavy,ph203862
historické stavby,ph120730
mecenášství,ph122720
divadelní soubory,ph119508
recitační soutěže,ph271421
germánská magie,ph307580
židovská diaspora,ph166067
neplatné hlasování,ph964194
financování programů a projektů,ph166419
sarajevský atentát (1914),ph565681
obchodníci,ph123564
rekreace v přírodě,ph135340
drama,ph119598
ekolingvistika,ph135250
eucharistická modlitba,ph918780
akademická samospráva,ph274674
římskokatolické bohoslužby,ph116904
civilizační cykly,ph119249
moderní společnost,ph122942
rybníkářství,ph125361
náboženství a společnost,ph138511
utrakvisté,ph126961
opati,ph220337
digitalizace,ph262178
rumunské spisovatelky,ph125307
Češi a Poláci,ph138787
fauna,ph114529
kulturní diverzita,ph497317
muslimky,ph205097
filmové adaptace,ph117226
armáda,ph118608
státní podpora,ph115171
cla,ph114261
evangelické sbory,ph120044
šansony,ph224472
šúnjatá,ph767685
ruská literatura,ph125327
literární tvorba,ph117227
hudebnice,ph120894
tanec,ph126430
bódhičitta,ph894941
duchovní léčení,ph135727
životní moudrost,ph128026
výstavní plakáty,ph165115
skálolezectví,ph116167
pistole,ph115728
buddhistické kláštery,ph119017
jeskyně,ph121342
holičství,ph135584
osoby se zrakovým postižením,ph127686
politická angažovanost,ph135730
zazen,ph127549
věže,ph206864
barokní sochařství,ph118764
překladatelky,ph228421
přímá volba prezidenta,ph750889
spolupráce,ph705694
mopedy,ph453995
parfémy,ph123972
česká povídka,ph128146
majetek,ph122557
gotická architektura,ph120583
frankismus,ph120382
operní režiséři,ph123757
vědecké instituce a organizace,ph127368
umělecká sdružení,ph126883
právníci,ph124721
odpuštění,ph123699
televizní producenti,ph136764
dějiny meteorologie,ph501255
psychická traumata,ph124784
osobnosti regionu,ph406516
pastorační vizitace,ph115688
vzácné tisky,ph127318
zdravotní stav obyvatelstva,ph137836
emoční inteligence,ph119926
dialektika,ph119420
společenská transformace,ph137500
průmysl,ph115920
katolicismus,ph121523
duchovní transformace,ph913397
veřejné příjmy,ph785501
literární náměty,ph138213
výroční zprávy,ph127456
tramping,ph126704
reemigranti,ph139060
hra na citeru,ph359606
volba povolání,ph127220
utrpení Ježíše Krista,ph138457
atletky,ph284037
korespondence,ph121871
středoškolské studium,ph126242
územní samospráva,ph128366
slovanské bohyně,ph911909
pravoslavní mniši,ph262577
česká grafika,ph128116
německá poezie,ph123496
judaistika,ph184258
angličtí spisovatelé,ph114059
pěvecká technika,ph311274
diplomové práce,ph114327
výchova ke čtenářství,ph255078
smrt,ph116193
ženy,ph127967
sportovní akce,ph125943
film,ph114534
dějiny výtvarného umění,ph486026
katolické laičky,ph1005800
archetypy,ph118505
italské umění,ph121248
chaty,ph119132
ukrajinští spisovatelé,ph126869
charitativní pracovníci,ph121155
Pesach,ph117100
boj proti drogám,ph118956
náboženská výchova,ph123376
socialismus,ph125740
alchymie,ph118340
písmo v umění,ph124872
osvěta,ph123858
nemocní AIDS,ph117301
spokojenost,ph1102992
doplňování uměleckých sbírek,ph628993
chov ryb,ph134819
významní muži,ph184274
ochrana kulturních památek,ph115551
maďarské výtvarné umění,ph122714
knihařské spolky,ph135881
psychometrie,ph124817
učitelky mateřských škol,ph276826
židovská hudba,ph127988
radiační poškození,ph139016
rytířské řády,ph205086
katolická víra,ph121532
dětská kresba,ph119719
volební chování,ph127221
mágové,ph123089
školy,ph116830
dějiny fyziky,ph484352
ruština,ph125351
protestsongy,ph224426
pop art,ph124337
křesťanští teologové,ph122148
naděje,ph123158
přírodovědné soutěže,ph443889
pracovní síly,ph115873
sběr dat,ph257831
rozmnožování živočichů,ph125266
pěvecké sbory,ph124862
Stadion S 11,ph453994
lidoví hudebníci,ph122326
dějiny,ph114390
znečišťující látky,ph135507
inkarnace,ph114776
fotografie,ph114585
rasová diskriminace,ph116019
nádorová onemocnění,ph123392
umělecká literatura,ph116528
židovská próza,ph127995
panovnice,ph123930
revolucionáři,ph125159
bytová kultura,ph119052
matky a děti,ph380396
emoce,ph114465
střední školy,ph116320
horské chaty,ph128119
benediktinky,ph138559
rolníci,ph125198
klavíristé,ph135185
užité umění,ph116551
puerperální sepse,ph124834
unitarismus (náboženství),ph126930
dějiny paleontologie,ph484347
věda a technika,ph127355
dějiny filozofie,ph137168
mniši,ph138553
zátiší,ph127755
spojovací vojsko,ph250086
oběť,ph123643
skutečnost,ph135610
německy píšící básníci,ph123475
manželé panovnic,ph122629
trumpetisté,ph187640
Bludný balvan (ocenění),ph887480
predikce,ph237419
vědecký výzkum,ph116680
těžba uhlí,ph135078
životní harmonie,ph138147
technici,ph126456
územní spory,ph175748
puritanismus (náboženské hnutí),ph303234
knižní umění,ph114938
klarisky kapucínky,ph224043
zdravověda,ph127588
Sintové,ph1111626
odborné texty,ph123679
Baskové,ph117386
jaderné zbraně,ph121277
pluky,ph871010
knihkupectví,ph121657
obchodní komory,ph123555
profesní svazy,ph115889
evropské výtvarné umění,ph120080
náboženské názory a postoje,ph137982
katastrofy,ph114887
ilustrátoři,ph152832
komparativní výzkum,ph884387
německý tisk,ph119695
asijská mytologie,ph117237
mor,ph122976
muzejnictví,ph123051
vojenská diktatura,ph567616
surrealismus (umění),ph126286
konzervativní strany,ph135346
sběratelky,ph684874
chemičky,ph216714
filozofie a politika,ph170437
balneologové,ph249379
řeholní představení,ph904041
národní bezpečnost,ph123426
mezinárodní vztahy,ph137626
hypnoterapie,ph121002
výšivky,ph127485
náboženská netolerance,ph632708
katenáty,ph745616
nacismus,ph115411
designérky,ph249629
literární společnosti,ph122398
účastníci odboje,ph1046610
hřích,ph121019
mír,ph123126
člověk a příroda,ph116877
radiační hygiena,ph124971
vévodkyně,ph187625
jubilejní oslavy,ph119021
obyvatelé domů,ph926044
pravěká společnost,ph614874
duchovní cvičení,ph114371
etnografky,ph249621
šamanismus,ph127795
filmová režie,ph135154
konfucianismus,ph114967
řešení problémů,ph137287
kolektivní vina,ph116658
miliardáři,ph741016
obchod s kávou,ph819909
dějiny knihtisku,ph553247
filozofie přírody,ph131774
vědní politika,ph429631
děti s kombinovaným postižením,ph119711
vzkříšení,ph127312
romské ženy,ph165207
zdravotní služby,ph676812
kultura a společnost,ph122010
válečné oběti,ph198684
gotická nástěnná malba,ph164244
jazykový transfer,ph166084
válečná kořist,ph184256
západní civilizace,ph127736
atleti,ph135684
mezinárodní ozbrojené síly,ph116412
dějiny zoologie,ph484345
pracovněprávní vztahy,ph124524
otcové a synové,ph123866
politické programy,ph323774
lobbismus,ph115167
přísloví a rčení,ph124944
festivaly,ph166544
geodézie,ph114613
islamizace,ph311267
dětské domovy,ph119726
monismus,ph138716
sochařství,ph125738
geologický výzkum,ph117197
islámská literatura,ph598907
publicistika,ph124828
muzikálové inscenace,ph137571
ekonomie,ph114430
soudní rehabilitace,ph125858
jóga,ph114850
vliv médií,ph489477
renesanční umění,ph125134
životní postoje,ph128028
šlechtické sbírky,ph858399
nesmrtelnost,ph669149
muži,ph123060
černobílá fotografie,ph166376
turnerské hnutí,ph486104
vlastivědná muzea,ph116586
kulturní politika,ph122027
politická etika,ph124231
divadelní architektura,ph119493
sociální rozvoj,ph774887
literární věda,ph137144
alkoholismus,ph118354
dua,ph254871
absolventi škol,ph118243
morální hodnoty,ph184254
zásobování vodou,ph127753
historici umění,ph120710
slovanské rukopisy,ph116182
cudnost,ph490153
umělci se zrakovým postižením,ph165779
čínská kaligrafie,ph311262
náboženská turistika,ph1017301
astronomické přístroje,ph134721
zázračná uzdravení,ph135118
peníze,ph115711
volné lezení,ph127230
finské výtvarné umění,ph120252
společenské vědy,ph116244
irská literatura,ph114792
cisterciáci,ph114257
vývoj osobnosti,ph200851
hudební instituce a organizace,ph120907
proroctví,ph124650
nizozemské výtvarné umění,ph123309
biblické překlady,ph115820
automobilové podniky,ph503932
němčina,ph115512
pracující ženy,ph785990
duchovní vidění,ph119639
radnice,ph124995
postmoderní společnost,ph124410
ruská revoluce (1905-1907 : Rusko),ph138783
američtí spisovatelé,ph117171
boj proti terorismu,ph137691
modernismus,ph122934
sňatky,ph288765
obchod s uměním,ph164921
bojovnice,ph394377
německá literatura,ph117246
spolupracovníci tajných služeb,ph196657
učení Ježíše Krista,ph838923
literární vědci,ph122402
archiválie,ph207654
středoškolské učitelky,ph276828
dějiny etnologie,ph944870
romské hudebnice,ph1165719
politizace problému,ph623210
letniční církve,ph122270
prostor (filozofie),ph124656
pohraničí,ph124197
oligarchie,ph770524
sokolské hnutí,ph125828
popírání holocaustu,ph125550
dějiny hudebních nástrojů,ph494806
mytologické postavy,ph123082
státní převrat v Chile (1973),ph214677
biblisté,ph437944
indická filozofie,ph121060
židovská mystika,ph127994
milenky prezidentů,ph122868
náboženské skupiny,ph388306
výchova k hodnotám,ph945459
kulturní krajina,ph122025
vlastní jména,ph116587
dotazníky,ph255085
znásilnění,ph127664
virologie,ph116576
arabské rukopisy,ph114077
odevzdanost,ph1039725
exil,ph120088
knihovny,ph114926
podnikání,ph115766
kulturní vlivy (americké),ph196680
mozek,ph123008
almanachy,ph166540
katoličtí teologové,ph166057
pracovní migrace,ph115870
horníci,ph120800
antické umění,ph137436
kultovní předměty,ph333353
lingvistika,ph115153
fyzikální soutěže,ph335992
porozumění textu,ph1126914
vegetariánská jídla,ph116559
evolucionismus,ph120052
léčiva,ph122531
paulánské kláštery,ph170449
rakouská literatura,ph125011
okultisté,ph123721
státověda,ph116312
oběti komunismu,ph123640
publicistky,ph202175
etika,ph114488
strategický management,ph116291
prostituce,ph124654
čeští bratři,ph139148
evangelická teologie,ph114501
trpaslíci a skřítci,ph249624
muzikologové,ph123055
publikační činnost,ph137479
psychologie adolescentů,ph115949
gestalt psychologie,ph135284
neokonzervatismus,ph123233
ukazatele výkonnosti,ph234822
antropozofická terapie,ph184921
muškátový květ,ph138906
biblická symbolika,ph138439
patriarchové,ph305789
cestovatelky,ph228447
autorské herectví,ph412802
obchodní zástupci,ph921173
zrušené kostely,ph1185398
spořitelny,ph159590
partyzánské hnutí,ph123984
řízení o dědictví,ph128325
autobusová doprava,ph118686
náboženské zkušenosti,ph202181
reprezentace (politika),ph760931
střední vrstvy,ph126217
středověké umění,ph126240
věk Vodnáře,ph116681
počítačový průmysl,ph124521
morálka a společnost,ph200857
redemptoristé,ph125050
národní obrození,ph123437
biblická hermeneutika,ph118846
íránika,ph128236
křesťanská mládež,ph122102
protirakouský odboj,ph115903
náboženské polemiky,ph180961
denáry,ph534658
evropská integrace,ph137464
kina,ph213342
soukromé právo,ph116221
kardinálové,ph121465
řemesla,ph128287
autoterapie,ph221954
Poláci,ph118004
daguerrotypie,ph119315
hydrologické prognózy,ph120974
evoluční teorie,ph120055
biblické apokryfy,ph211787
mezinárodní programy a projekty,ph136669
svobodné zednářství,ph116347
rodičky,ph125186
politiky Evropské unie,ph353333
rektoři,ph125099
české básnířky,ph307594
politické vzdělávání,ph137681
sebeuvědomování,ph217729
horolezci,ph120801
husitství,ph120949
subkultury,ph137977
ekologičtí aktivisté,ph1067136
trapisté,ph126723
katolická literatura,ph587403
komično,ph475713
demografie,ph117181
animismus,ph233630
oštěpařky,ph568752
křesťanská naděje,ph122107
věznice,ph127394
hypnóza,ph114745
umělecká kritika,ph126882
literární avantgarda,ph136899
dějiny přírodních věd,ph484316
rock'n'roll,ph224438
mezinárodní podnikání,ph802212
sídelní města,ph116379
ekologie,ph114418
novoročenky,ph166509
ekumenismus,ph119842
světová náboženství,ph116361
politická filozofie,ph115786
vnímání uměleckého díla,ph162887
řehole (texty),ph116862
křesťanští vizionáři,ph122149
sportovci,ph125942
odívání,ph115567
italská jídla,ph114806
křesťanská morálka,ph115061
umělecká keramika,ph126880
anachorétství,ph1042450
ontogeneze živočichů,ph123745
vysokoškolské koleje,ph274673
sociální etika,ph116203
státníci,ph117269
čtyři ušlechtilé pravdy,ph188890
hnutí za nezávislost,ph137545
historický místopis,ph137052
panslavismus,ph123935
horní právo,ph120799
moderní architektura,ph115339
přeshraniční spolupráce,ph135604
realizace staveb,ph203156
katolíci,ph121544
osobní jména,ph115618
ženské instituce a organizace,ph695144
socioložky,ph125769
exilová historiografie,ph608665
malé a střední podniky,ph115211
objevné cesty,ph123592
věda a válka,ph837951
keramika,ph121575
posvátná místa,ph115829
politika zaměstnanosti,ph124261
faktoring,ph456965
Číňané,ph128070
tuberkulóza,ph126783
chytrá města,ph1016880
"norimberské procesy (1946-1949 : Norimberk, Německo)",ph743374
raná péče o dítě,ph135011
akciové společnosti,ph114012
komety,ph121744
sopky,ph116218
křesťanští nakladatelé a vydavatelé,ph164944
etnicita,ph120007
vědecké ústavy,ph127379
americké drama,ph118377
zájmová činnost,ph127722
americká filozofie,ph118378
proselyté,ph602559
křesťanská teologie,ph115064
dětské úrazy,ph134752
řeholní sliby,ph730885
filmové exteriéry,ph463343
volební systémy,ph127224
dětství,ph119742
porod,ph124364
vojenští letci,ph127212
virologové,ph827931
nizozemská kresba,ph137765
pohřešované osoby,ph127648
nelegální migrace,ph115430
političtí aktivisté,ph135731
rozhlasové moderátorky,ph878957
knihtisk,ph135613
čaj,ph135501
osobnostní a sociální výchova,ph351300
kroniky,ph121967
ekonomie a politika,ph548940
duchovní písně,ph119634
feminismus,ph120150
křesťanská apologetika,ph115055
ceny,ph114227
bolest,ph118958
teoretici umění,ph565271
stavitelství,ph126091
uprchlické tábory,ph126940
školní inspektoři,ph945456
guerillová hnutí,ph120551
česká filologie,ph128113
duchovní ústraní,ph1085801
umělecká činnost,ph118435
toxické látky,ph126698
obchod s lidmi,ph242445
lodní vraky,ph115168
matematické schopnosti,ph1008332
příprava nápojů,ph640686
kanadští spisovatelé (francouzsky píšící),ph309617
putování,ph899498
postmodernismus,ph124403
charismatická obnova,ph119128
mořeplavectví,ph115370
veřejné služby,ph118363
zážitková pedagogika,ph446678
památková péče,ph123918
baptismus,ph218047
ekologie rostlin,ph119819
skauti,ph125569
projektování staveb,ph1081130
očkování,ph123896
Normané,ph634110
šansoniérky,ph450989
hlavní hříchy,ph517035
účastnice odboje,ph1046611
judaika,ph217768
evropská literatura,ph120062
drogová kriminalita,ph135660
galeristé,ph952558
každodenní život,ph121555
sportovní odznaky,ph233634
pravda,ph124557
ordály,ph1204046
plastičtí chirurgové,ph701148
hudba pro klavír,ph114721
orientalistika,ph123808
universalismus (filozofie),ph138306
ateismus,ph118651
ukrajinské výtvarné umění,ph229528
židovské hřbitovy,ph127998
polyhistoři,ph1095999
láska,ph117230
entomologové,ph119949
mistři bojových umění,ph198695
šíismus,ph328393
prostorové vnímání,ph205122
dětské divadelní soubory,ph119725
salesiáni,ph138567
děti se zdravotním postižením,ph116745
"Pomník U Kalicha (Kutná Hora, Česko)",ph1140389
kanovníci,ph121432
růženec,ph125393
architektonická plastika,ph118584
právní poradenství,ph124715
vlastnosti Boha,ph138425
bitva o Francii (1940 : Francie),ph541856
islámské komunity,ph707658
obchod s pivem,ph1031912
sourozenci,ph125877
Únor (1948 : Československo),ph128075
apokryfy,ph118551
virtuální realita,ph127114
spása,ph162849
Zetor (traktory),ph331139
archiváři,ph138712
prostota,ph604144
sexuální zneužívání,ph115773
rozvojová pomoc,ph125279
indiánské literatury,ph217770
jednota,ph135772
veřejné rozpočty,ph164217
ekologická rovnováha krajiny,ph135304
reemigrace,ph125053
obnova a rekonstrukce památek,ph168233
vdovy,ph126999
volný čas,ph127235
figurální plastiky,ph319024
reálný socialismus,ph136518
demokracie,ph117182
toaletní potřeby,ph205119
neziskové organizace,ph115448
ženy v politice,ph127974
rockové zpěvačky,ph118393
tolerance (postoj),ph126676
televizní tvorba,ph126524
arabská poezie,ph118560
výjimečný stav,ph170460
mysl a tělo,ph135558
hudební soubory,ph120926
bohemistika,ph118949
komendy,ph998863
Svatá Hlava Ježíše,ph118115
Boží láska,ph754609
vojáci z povolání,ph127218
"araukánské války, 1546-1881",ph419648
pochybnost,ph722909
duchovní vůdkyně,ph214450
buddhismus,ph114205
fytopatologie,ph114599
populární zpěváci,ph809850
šovinismus,ph135354
nájemné z bytů,ph115492
zemřelí,ph127632
náboženské slavnosti,ph123380
dlažby,ph232612
reformované církve,ph116026
katolické spolky,ph121536
esoterici,ph836805
funkce knihoven,ph137493
vydávání a distribuce knih,ph119057
hudebníci,ph117204
rodinné domy,ph116049
japonská literatura,ph121292
hospodářské dvory,ph138571
pyramidy,ph124839
folklorní slavnosti,ph120277
návykové látky,ph123452
Evropanky,ph884764
théravádový buddhismus,ph116451
islám a společnost,ph297000
železná opona,ph942779
životní problémy,ph128029
benediktinská spiritualita,ph166049
paláce,ph123916
pravoslavné modlitby,ph124569
klavíristky,ph121606
rukopisné kodexy,ph135699
dějiny dopravních prostředků,ph499542
obyvatelstvo,ph123621
umělecká výzdoba,ph136757
naslouchání,ph290553
plavci,ph196756
bytová výstavba,ph114214
agenti,ph118297
taoistická jóga,ph126446
reformní pedagogika,ph125065
pedagogika,ph115703
osídlování,ph285153
stáže,ph220322
úspěch,ph128351
stanovy,ph137375
víno,ph116687
dějiny scénografie,ph627048
hudební pedagožky,ph348291
právní reformy,ph659008
historiografie,ph114672
zámecké parky,ph116799
mezinárodní komunistické hnutí,ph122804
opatství,ph871011
alternativní tresty,ph118366
trestní právo,ph116481
léčivá energie,ph525329
občanská společnost,ph123633
české malířství,ph116864
SARS-CoV-2,ph1075646
knižní vazby,ph114939
Češky,ph501687
kryptografie,ph127774
zdravotnický výzkum,ph127573
tenis,ph116424
chemická technologie,ph114233
zoologický průzkum,ph717880
mučení,ph123064
zvířata,ph116793
sociální identita,ph210140
komiksové tvůrkyně,ph1081295
islámští mučedníci,ph166072
nevědomí,ph123282
židovská magie,ph127992
kamaldulové,ph683726
dějiny matematiky,ph484322
sekularismus,ph125470
makroekonomický vývoj,ph137621
pedagogická evaluace,ph115701
notáři,ph161985
sociální skupiny,ph125811
environmentální filozofie,ph119954
bioterapie,ph123959
iluminované rukopisy,ph114754
interpersonální vztahy,ph114786
silnoproudá elektrotechnika,ph125539
adventní písně,ph135840
ocelářský průmysl,ph123649
cestovatelé,ph119109
rumunské výtvarné umění,ph125308
písemné prameny,ph115977
sociální problémy,ph125804
Srdce Ježíše,ph118099
znalostní ekonomika,ph386458
světová literatura,ph116360
knižní ilustrace,ph114931
zámky,ph127734
knihkupci,ph114923
Stadion (mopedy),ph513620
angličtí básníci,ph114057
kooperace knihoven,ph137494
angličtí dramatici,ph114058
výchova,ph127418
křesťanská antropologie,ph122088
Sasové,ph536911
baziliky,ph118785
neeuklidovská geometrie,ph228456
židovství,ph128010
teorie systémů,ph116432
kantáty,ph135180
soudní případy,ph125857
exiloví spisovatelé,ph191059
reliéfy (sochařství),ph125116
bitva o Británii (1940 : Velká Británie),ph117408
školní budovy,ph135306
imigrace,ph137595
pěchota,ph124853
pohostinská zařízení,ph115775
nevyjasněná úmrtí,ph451668
zájmové organizace,ph127723
advokacie,ph118268
socialisté,ph194677
výchovné poradenství,ph127430
jaderné havárie,ph114813
dobro,ph119521
dešifranti,ph344085
archivní fondy,ph118590
parlamentní rozprava,ph164235
podzemní kryty,ph159649
hornické písně,ph224351
imámové,ph121055
přechodové rituály,ph1008941
animované filmy,ph118468
japonská filozofie,ph121290
učení mithraismu,ph254507
ověřování znalostí,ph222849
boj proti rasismu,ph202919
boj proti otroctví,ph121014
vysoké školy,ph116649
divadelní kritika,ph119500
sionismus,ph125549
podpora umění,ph135205
venkovské obyvatelstvo,ph319005
arménská literatura,ph135246
říční doprava,ph128331
automobilový průmysl,ph114107
literární texty,ph117225
manželé spisovatelek,ph559001
šifrování,ph127801
kazatelky,ph519633
dějiny hornictví,ph488941
železnice,ph127917
rané křesťanství,ph125028
souhvězdí,ph125863
katoličtí laici,ph138509
péče o zdraví,ph124852
religionisté,ph125112
německé divadlo,ph139189
společnost a politika,ph137658
covid-19,ph1075649
duševní zdraví,ph119649
tabák (rostlina),ph297111
pracovní tábory,ph115874
duchovní probuzení,ph663539
evangelizátoři,ph314854
váleční zajatci,ph127335
soucit,ph119696
cechy,ph119086
školská správa,ph127816
politické aféry,ph174184
balet,ph118732
teologie a filozofie,ph332188
komentáře posvátných textů,ph728583
trinitární teologie,ph207635
stavitelé,ph126092
násilí,ph123444
kulturní domy,ph292471
veřejné zakázky,ph127085
infinitezimální počet,ph1034721
rozum a víra,ph934329
duchovní hry,ph168240
vizuální média,ph237415
Povolžští Bulhaři,ph581722
plynárenství,ph124136
poddaní,ph124154
organická chemie,ph115600
biosémiotika,ph561405
služebnictvo,ph125706
ovce,ph115627
centra mládeže,ph677818
obřízka u žen,ph120893
mantry,ph115222
textaři,ph126620
sexuální role,ph137288
identita v literatuře,ph609294
kulturní dědictví,ph137975
kardiovaskulární nemoci,ph121469
vděčnost,ph127000
herečky,ph120685
vězni,ph127393
sběratelství,ph116111
hrnčířství,ph270271
slavjanofilství,ph135603
revitalizace budov,ph632346
Kagjüpa,ph316270
sebeláska,ph878970
instruktivní skladby,ph321709
filozofie umění,ph120229
mimoškolní výchova,ph270275
genetika,ph114609
polonisté,ph124269
včelařství,ph116666
islámská teologie,ph121218
náboženské menšiny,ph349447
humanistická pedagogika,ph137810
ekoložky,ph561590
náboženská zjevení,ph115477
intelektuálky,ph562130
pozůstalí,ph741850
lidské vlastnosti,ph122346
farnosti,ph114527
sociální pedagogika,ph116207
filmoví umělci,ph120212
"bitva na Bílé hoře (1620 : Bílá Hora, Praha, Česko)",ph117419
vzpomínková kultura,ph1117925
opery,ph123760
dějiny nakladatelství a vydavatelství,ph524434
pokušení,ph162905
veřejná prostranství,ph127074
postranní vozíky,ph651764
svoboda svědomí,ph126308
hra na klávesové nástroje,ph135164
sociální deviace,ph125780
rehabilitační lékaři,ph871817
kulturologové,ph254520
čínské výtvarné umění,ph128219
vysokoškolské přednášky,ph621773
deklarace,ph817349
liberalismus,ph115136
baletní skupiny,ph168230
obchodní domy,ph123552
učení hinduismu,ph164205
hospodářská politika,ph114701
nemocniční řeholní řády,ph170000
dějiny fotografie,ph163942
barokní hudba,ph118767
topografie,ph126691
zvykové právo,ph127705
faráři,ph284025
klezmerská hudba,ph196688
esperantisté,ph230299
náboženské relikvie,ph115480
urbáře,ph126947
antiglobalizační hnutí,ph234809
bytové interiéry,ph138202
lidová architektura,ph122300
čas,ph116842
německé sochařství,ph123520
předsedové vlády,ph115985
ekonomické teorie,ph114428
hospodářská krize,ph120819
evangeličky,ph525184
dějiny japonské literatury,ph521113
textilní průmysl,ph116446
včelí produkty,ph116668
hodináři,ph137997
protestantské učení,ph307587
empatie,ph138846
anglický román,ph114055
dějiny tance,ph489378
kmenová společenství,ph171119
blogerky,ph954050
ekologická hnutí,ph119795
zdravotní problémy,ph135127
pohádky,ph124208
divadelní režiséři,ph119507
bolševismus,ph118961
překlady z polštiny,ph138241
řidiči,ph128302
důstojnice,ph950066
cykloturistika,ph114274
rádžajóga,ph116014
vinohradnictví,ph127107
karaimismus,ph885942
Arméni,ph117340
politické rozhodování,ph124251
teroristické organizace,ph208687
letečtí inženýři,ph920310
renesanční malířství,ph117258
hledači pokladů,ph120752
vytápění,ph116650
dělnické hnutí,ph119703
andělé,ph114045
francouzsky píšící spisovatelé,ph120352
trest smrti,ph126727
exilové instituce a organizace,ph763017
četba,ph128165
papežové,ph123939
extremismus,ph115793
vzdělanostní nerovnosti,ph344089
ekonomické reformy,ph114427
asimilace (sociologie),ph413857
libretisté,ph228441
novinové články,ph123338
pokusy na lidech,ph124222
vedoucí pracovnice,ph844369
postanarchismus,ph957330
středověká kultura,ph818867
egyptské náboženství,ph202931
náboženské konflikty,ph234810
inkulturace,ph335389
silnice,ph116142
kybernetika,ph115051
hory,ph120812
anatomové,ph876123
náboženská víra,ph115476
kritika judaismu,ph577397
country music,ph224322
operetní inscenace,ph137573
kulturní život,ph122030
farářky,ph305412
sběratelé umění,ph536900
astrologie,ph114086
fotoalba,ph187638
tělovýchovné organizace,ph139190
estetika,ph117189
chov okrasných ryb,ph174639
Toltékové,ph196659
nurcu,ph413853
občanská práva,ph123629
důvěra,ph307605
kartuziánské kláštery,ph218850
Indiánky,ph869552
novopatristika,ph918969
katolická eklesiologie,ph121526
vyučovací metody,ph127294
buddhistická meditace,ph184262
křesťanské umění,ph122128
platonismus,ph124111
trestní odpovědnost,ph119629
lupiči,ph138792
noční život,ph136986
ekonomika dopravy,ph136894
mariánské zpěvy,ph224393
péče o vzhled,ph265711
učení baháismu,ph286371
indiánská náboženství,ph210123
kresby,ph121941
moravské lidové tance,ph122979
konzervatismus,ph121828
sladkovodní rybolov,ph135033
operní inscenace,ph137507
islámští teologové,ph121226
právo a náboženství,ph124722
ochrana přírody,ph115552
ústava,ph117714
konzumní společnost,ph121836
detoxikace organismu,ph134741
blahoslavenství,ph284029
tělovýchova,ph126838
podnikatelé,ph124163
dějiny geologie,ph484328
teologické fakulty,ph126541
architektonické detaily,ph180934
jazyk a politika,ph895530
psychiatrie,ph115943
křesťanští mystici,ph115081
bohoslovci,ph118951
harfa,ph120647
hesychasmus,ph121016
pečovatelky,ph717877
teologové,ph126542
adoptované děti,ph499676
výtvarné umění,ph116708
velkoměsta,ph137092
hlubinné doly,ph120757
odborné školství,ph157920
stavebnictví,ph116275
národní kulturní památky,ph581718
exilová politická činnost,ph151869
kvalita vzdělávání,ph807142
management,ph115217
preventivní péče o knihovní fondy,ph168266
strach,ph117268
politický systém,ph124258
vánoční písně,ph224489
perinatální ztráta,ph886761
védismus,ph116669
slučování rodin,ph291727
odborná literatura,ph115554
šperky,ph127871
vyšetřovatelé,ph151867
bankéři,ph135282
bosí karmelitáni,ph114189
pseudoepigrafy,ph124771
osobnost v politice,ph161994
subjektivita,ph412790
paleografie,ph115648
urbanisté,ph566293
vzdělanost,ph127306
alternativní medicína,ph114029
dějiny policie,ph489107
mluvený projev,ph122914
domovy se zvláštním režimem,ph1119031
lámové,ph122489
lékaři,ph122495
autostop,ph296984
dechová cvičení,ph234827
kritika politiky,ph478630
novoplatonismus,ph123345
zahraniční obchod,ph116729
většinový volební systém,ph210502
pedagogický výzkum,ph124017
dějiny pedagogiky,ph198686
RFID technologie,ph440131
sestry sociální pomoci,ph900251
rockoví zpěváci,ph311279
čínská literatura,ph128205
lidská psychika,ph117220
hudební průmysl,ph202170
sexuálně zneužívané děti,ph115772
církevní dějiny,ph114283
katolické misie,ph135483
umění a dějiny,ph126923
islámská filozofie,ph121213
sociologie,ph116198
lazariáni,ph138565
výstavy,ph116705
protestantismus,ph124663
historický výzkum,ph920023
psychoanalýza a umění,ph124792
vybavení kostelů,ph152833
irští spisovatelé (anglicky píšící),ph230302
čínské malířství,ph128214
interpretace (filozofie),ph135767
romantismus (literatura),ph125202
nástěnná malba,ph115508
přežití,ph124914
umění a společnost,ph126924
judaismus a společnost,ph514348
populační politika,ph124346
citeristé,ph359605
literární komunikace,ph450991
pracovní právo,ph115872
závěrečné zkoušky,ph478600
dějiny knižní kultury,ph516413
kartářky,ph202921
estrádní umělci,ph135305
matky a dcery,ph124162
chirurgyně,ph870594
slovanská mytologie,ph125649
sny,ph125733
učení katolické církve,ph135482
buddhističtí mniši,ph174203
prezidentské volby,ph115883
slaďování rodinného a pracovního života,ph860973
veřejné finance,ph127079
automobilové soutěže,ph118703
evropské malířství,ph120073
židovské památky,ph135231
veřejná správa,ph127076
podvodníci,ph124172
pozemkové vlastnictví,ph124466
experimentální psychologie,ph120113
esoteričky,ph836807
koněspřežní železnice,ph136732
vývoj jazyka,ph187610
volební právo,ph127222
františkánská spiritualita,ph117394
apiterapie,ph184829
sexuální identita,ph125506
iluminace rukopisů,ph114753
vakcíny,ph118227
dětské hry,ph119728
bibliofilství,ph118863
kartografie,ph114874
gumárenský průmysl,ph120624
příroda a kultura,ph136934
vokální hudba,ph116628
akční výzkum,ph604026
vily,ph127102
kršnaismus,ph241812
vonné látky,ph127237
bardo,ph336001
knihovědci,ph115557
občanské soudní řízení,ph123637
obecně prospěšné společnosti,ph123576
experimentální hudba,ph451070
hnutí za lidská práva,ph398849
hledání pokladů,ph207543
vzdělanost žen,ph232633
diecéze,ph258278
výtvarní pedagogové,ph562512
vzdělávání,ph127311
divadelní režie,ph119506
konference,ph121795
progresivní rock,ph756572
mezinárodní pomoc,ph138990
operní árie,ph291740
litografie,ph122414
pivovarnictví,ph115731
křesťanské instituce a organizace,ph351304
cesty a pobyt,ph137578
anglikánství,ph249586
komunikace (sdělování),ph114956
židovské svátky,ph128005
povinná školní docházka,ph124444
sociální zabezpečení,ph116215
módní návrhářky,ph344071
duchovní bytosti,ph119625
živnostenské komory,ph128017
augustiniánské kláštery,ph118669
cembalistky,ph292482
osoby samostatně výdělečně činné,ph362000
reklama a propagace,ph116035
operní zpěvačky,ph123755
Mapučové,ph351298
předškolní výchova,ph124887
didaktické hry,ph119432
dokumentární filmy,ph127366
předkolumbovské umění,ph124880
dalajlamové,ph218054
telekomunikační politika,ph118022
profesní organizace,ph198718
sportovní rybolov,ph116253
hromadné chování,ph305398
polština,ph124318
exhumace,ph623208
knihovní služby,ph121660
starověká architektura,ph126029
autonomie školy,ph118706
francouzská poezie,ph120367
chasidi,ph117306
ekonomky,ph257198
saně,ph541592
rekluzy,ph1042451
duchovní překážky,ph514349
dějiny historiografie,ph562347
učebnice základních škol,ph126973
divadlo a společnost,ph206858
policie,ph124228
adamité,ph494812
rovné postavení mužů a žen,ph125244
zen-buddhismus,ph116773
ženy a náboženství,ph158342
enzymy,ph119969
indiánské rezervace,ph321903
dějiny biologie,ph484317
agroklimatologie,ph114009
daň ze soli,ph1154900
informační a komunikační technologie,ph752781
tantrický buddhismus,ph116398
Letnice,ph608674
společenské salony,ph125926
milosrdní bratři,ph138557
děti s autismem,ph114095
byzantologie,ph119058
ochrana veřejného zdraví,ph138291
bel canto,ph543375
Italové,ph117646
sociologie výchovy,ph116202
hnutí odporu,ph270776
autorství uměleckých děl,ph675771
dobyvatelé,ph119527
ochrnutí,ph205408
soukromé vysoké školy,ph551897
liturgické knihy,ph115161
totální nasazení (1939-1945),ph239902
státní hranice,ph126182
romské spisovatelky,ph466382
kosmogonie,ph121894
sexuální násilí,ph125510
turistika,ph116506
evoluce (biologie),ph114506
křesťanská dogmatika,ph138441
karmelitánská spiritualita,ph139375
slovenské výtvarné umění,ph125680
íránistika,ph128237
sofiologie,ph478613
islám a politika,ph419646
obezita,ph123583
obrazy,ph123609
užívání drog,ph114929
teologie,ph116425
zahraniční školy,ph137911
emigrace a imigrace,ph137594
ochrana lidských práv,ph116782
přírodní léčitelství,ph135495
rodina,ph117260
křesťanské manželství,ph115066
polární expedice,ph124325
dějiny psychologie,ph363193
eurytmie,ph120035
městské knihovny,ph123103
alchymisté,ph196734
terapeutické metody,ph135678
nebeská tělesa,ph425896
filmové režisérky,ph172951
veřejný zájem,ph134650
zahraniční studium,ph127525
ekonomika školství,ph137811
kreslíři,ph172948
hybridní válka,ph887441
dějiny sexu,ph496677
pražská německá literatura,ph138765
dějiny judaismu,ph554670
americká poezie,ph118382
polská literatura,ph115805
sémantika,ph117272
slovenský tisk,ph158336
mládež,ph115333
stárnutí,ph126175
cyrilometodějská mise,ph114275
animovaný film,ph118469
cestování,ph119114
hadíthy,ph120633
sebepoznání,ph116116
kati,ph121522
operní režisérky,ph701369
rozvoj měst,ph137468
literární postavy,ph122390
umělecké společnosti,ph126909
noviny,ph115463
rozhlasoví moderátoři,ph125256
vojenská letiště,ph369372
pohraniční policie,ph164197
politické vězeňkyně,ph316347
organizace dětí a mládeže,ph123799
britští spisovatelé,ph118997
skepticismus,ph125573
svatební písně,ph224470
majitelé domů,ph116700
Sámové,ph158312
intelektuální život,ph137688
umělecké vlivy,ph880635
kalvinismus,ph121400
renesanční literatura,ph125127
astronomické dalekohledy,ph114087
rituální vraždy,ph869772
únosy,ph128343
rasová identita,ph137017
eucharistické kongresy,ph344087
písemnictví,ph381216
námořní doprava,ph115499
scholastika,ph125441
skleněná plastika,ph125584
český román,ph128149
textilní design,ph126621
meditace,ph115255
nanebevstoupení Ježíše Krista,ph702561
pozitivismus,ph124473
historické vlaky,ph216331
psychologie dítěte,ph117256
židovské nápisy,ph135696
problémová mládež,ph115420
filozofie výchovy,ph120230
křesťanství a islám,ph115076
psychologický výzkum,ph124806
mezinárodní konference,ph122805
vyřazování knihovních fondů,ph127302
čtenáři,ph128188
financování bydlení,ph635352
poznání,ph115851
lokální politika,ph122444
literární dílo,ph122380
plynojemy,ph192885
akademická mobilita,ph745712
filozofky,ph120233
"atentát na Heydricha (1942 : Praha, Česko)",ph567498
buddhistické modlitby,ph613974
církevněslovanské rukopisy,ph114281
družstevnictví,ph119617
demografický výzkum,ph119370
filmové náměty,ph203867
režiséři,ph871605
magická místa,ph165768
vlastnické právo,ph172912
elity,ph114463
literatura,ph117222
gymnázia,ph114644
symfonické orchestry,ph135216
místní rozvoj,ph137520
Spravedlivý mezi národy (ocenění),ph820571
neofašismus,ph123229
lékařská astrologie,ph858658
studenti,ph126162
tibetský buddhismus,ph116452
rekonstrukce obličeje,ph412852
české dramatičky,ph933250
textilní podniky,ph497311
činohra,ph128178
apolitičnost,ph137894
sociální služby,ph125812
epos,ph116057
cyrilometodějská tradice,ph824761
drogově závislí,ph114362
učivo středních škol,ph136702
filozofie,ph114540
výchova mládeže,ph127427
Bůh Otec,ph117422
vysokohorská turistika,ph116646
operní zpěváci,ph123759
univerzitní knihovny,ph126935
dokumentární fotografie,ph119534
fonografické válečky,ph925317
divadelní adaptace,ph117224
gumárenské podniky,ph325857
vnitřní prostředí budov,ph127154
letniční teologie,ph799848
práce s mládeží,ph124700
zvonařství,ph127697
automobilové závody,ph114106
žinčice,ph947287
betlémy,ph118817
katecheze,ph121519
divadelní technika,ph121368
maltézští rytíři,ph115207
daňové úniky,ph119350
hospodářská spolupráce,ph137609
motocyklový průmysl,ph137727
veletrhy,ph127011
maskulinita,ph138798
baletní inscenace,ph137509
populární písně,ph124354
ministři zahraničí,ph122899
velkoplošná chráněná území,ph392421
stát a právo,ph307597
satanismus,ph125425
bioetika,ph114151
sociálně-právní ochrana dětí,ph297054
kolonialismus,ph121723
hudební divadla,ph120898
církevní historici,ph114284
devizové intervence,ph1044781
učitelské spolky,ph137901
prosebné modlitby,ph124929
nemocné děti,ph137524
lesy,ph115123
letniční sbory,ph161998
unitářky,ph596388
političtí vězni,ph124262
eucharistie,ph120027
biblická podobenství,ph118849
manažerky,ph115219
městské okruhy,ph271408
filmové triky,ph120204
šlechta,ph116832
skautky,ph162870
protipovodňová ochrana,ph124676
pesimismus,ph398856
středověká společnost,ph216791
zařízení sociální péče,ph125819
dobročinnost,ph135879
anatomie člověka,ph118421
kanadští básníci (anglicky píšící),ph608673
osvětoví pracovníci,ph265648
křesťanská literatura,ph122098
fresky,ph135157
"moravské lidové písně, úpravy",ph312548
pozorování přírody,ph124478
výstavní pavilony,ph127460
undergroundová kultura,ph467676
konfuciánská literatura,ph751874
demonstrace,ph119378
náboženské komunity,ph115478
manželky politiků,ph122618
internetové sociální sítě,ph553933
intelektuální spolupráce,ph114493
pozemkové knihy,ph386439
diecézní centra mládeže,ph677822
modernizace,ph114971
diktátoři,ph119466
protireformace,ph124680
filmové festivaly a přehlídky,ph120194
islámská etika,ph323745
české spisovatelky,ph128153
fantasy román,ph384536
milostné aféry,ph174183
počasí,ph124495
hebrejská literatura,ph174222
křesťanská hnutí,ph115058
mince,ph115319
moderní malířství,ph122940
městské právo,ph123109
eklesiologie,ph119789
technický rozvoj,ph126482
metafyzika,ph115266
křesťanství,ph115073
hasičské sbory,ph162652
sociální inkluze,ph214680
voraři,ph506457
mystici,ph115388
boj proti korupci,ph164240
učení,ph126979
studentský život,ph126164
bojové písně,ph314842
život,ph128022
stoletá válka (1337-1453),ph202169
práce,ph115908
sakrální architektura,ph137434
integrovaná výchova a vzdělávání,ph121132
dřevěné plastiky,ph119752
židovská ghetta,ph120068
architektonické soutěže,ph138574
rozhlasové stanice,ph125253
terapie vnitřního dítěte,ph824584
sexismus,ph116133
křesťanští kněží,ph115079
pacifisté,ph677009
integrace imigrantů,ph164956
keramický průmysl,ph121574
podvodnice,ph1019007
ekonomické elity,ph114421
biblické postavy,ph118857
filantropky,ph1063202
hip-hop kultura,ph120701
nizozemští spisovatelé,ph117241
školní inspektorky,ph945457
baptistické sbory,ph1180421
sociální původ,ph196649
novény,ph135880
Švihova aféra (1914 : Česko),ph242438
literární výchova,ph117228
dějiny vědy,ph137169
učednictví (křesťanský život),ph506472
notářství,ph123337
salafismus,ph560498
poustevnictví,ph124436
Židé a křesťané,ph127783
stavební materiály,ph116281
holocaust (1939-1945),ph117203
ignaciánská spiritualita,ph950957
sexuální magie,ph125508
věda a politika,ph124260
expanzionismus,ph121107
tradiční medicína,ph161689
urbanizace,ph126946
kultura a náboženství,ph138513
stavebně-technický průzkum,ph137942
sportovní úrazy,ph158518
koučové,ph909382
důstojnost,ph200856
jazyk a náboženství,ph1002009
teorie poznání,ph116428
romská literatura,ph125207
nezaměstnanost,ph123284
katolická liturgie,ph121529
neurochirurgie,ph123253
strojírenské podniky,ph116299
tribalismus,ph380391
bankovnictví,ph114120
knihovnické vzdělávání,ph222832
speciální pedagogové,ph125896
úzkost,ph128368
sociální izolace,ph120408
věda a víra,ph116677
dějiny skautingu,ph494801
podpůrná opatření (vzdělávání),ph889939
scenáristé,ph870672
krajka,ph121928
deníky,ph321898
krása,ph121992
britská filozofie,ph118992
hebraistky,ph905712
sebehodnocení,ph739854
komunismus,ph114959
homiletika,ph120791
války o rakouské dědictví (1740-1748),ph116660
morální teologie,ph115355
umělecké náměty,ph138227
logopedie,ph117229
ochrana zdraví,ph123667
sociologie kultury,ph125751
sociální přizpůsobení,ph265646
textilní výtvarnictví,ph126626
příprava jídel,ph634637
čeští dramatici,ph128169
folklorní soubory,ph120278
abatyše,ph616006
melodramy,ph122749
matematika,ph117231
lesnictví,ph115110
chmelařství,ph119187
časopisecké články,ph128084
pivo,ph137949
interpretace posvátných textů,ph728575
starověké rukopisy,ph126034
polygamie,ph685865
dějiny poštovnictví,ph488977
pravoslavní duchovní,ph124571
sociální vyloučení,ph164936
zdraví,ph127590
ekumenické koncily,ph114434
architektonický design,ph114079
literatura pro dívky,ph122375
sklářští výtvarníci,ph327645
městská zástavba,ph123102
překladatelé,ph124892
dějiny podniků,ph506474
psychologie osobnosti,ph115951
regionální výzkum,ph138156
hlavy států,ph206873
manželská krize,ph189281
katolická sdružení,ph305411
evangelikalismus,ph194673
poezie,ph117253
nadnárodní společnosti,ph115414
náboženské obce,ph162854
matriky,ph122688
předsudky,ph137686
menšiny,ph122761
péče o děti,ph785275
vodní hospodářství,ph116602
recenze,ph125047
moravští bratří,ph303229
církevní hodnostáři,ph119291
daňová politika,ph361996
unitáři,ph126931
všeobecnosti a zajímavosti,ph116736
polonistika,ph115800
pohybová aktivita,ph124199
řeholní život,ph128285
náboženské společnosti,ph123381
adventistky,ph819495
základní umělecké školy,ph127724
kreslený humor,ph121946
honoráře,ph182957
biblická teologie,ph118851
protestantští teologové,ph124665
stavy,ph292462
ujgurští básníci,ph1230450
anglická poezie,ph114051
náhrada škody,ph123399
kronikářství,ph121969
rockové písně,ph224439
pravoslavné učení,ph307585
létání,ph122523
životní styl,ph136586
vzdělávací politika,ph127308
karmapové,ph319036
Indiáni Severní Ameriky,ph125493
sociálně ohrožené rodiny,ph125771
katolický modernismus,ph117413
fašismus,ph120146
panevropeismus,ph137893
sanskrtské rukopisy,ph125421
epigrafika,ph119976
dospívající dívky,ph134762
dokumentaristé,ph565262
prostitutky,ph137289
překladatelství,ph124891
ruské spisovatelky,ph125347
kapucíni,ph121450
kopie uměleckých děl,ph164221
dějiny buddhismu,ph492496
krautrock,ph744671
vlastenci,ph1150268
mystéria,ph123079
organologie (hudba),ph123804
azylová zařízení,ph855638
znárodnění,ph367694
švédští spisovatelé,ph127894
dějiny strojírenství,ph488942
židovské zvyky,ph122616
proboštství,ph462054
kliniky nemocnic,ph871006
válečnictví,ph127327
umírající,ph215899
kazuistiky (lékařství),ph122501
družstevní právo,ph116710
zbrojní průmysl,ph127558
fyzikální chemie,ph114602
japonské sochařství,ph121303
křesťanství a judaismus,ph115077
křesťanství a společnost,ph138510
vzdělávání dospělých,ph162891
benediktinské kláštery,ph118806
kancelářské potřeby,ph121423
americká próza,ph118383
křesťané a muslimové,ph115083
"vyhlazení Ležáků (1942 : Ležáky, Česko)",ph159599
byzantská filozofie,ph119059
válka a společnost,ph268224
filmová hudba,ph120185
potravinářské podniky,ph309615
vojenská užitková vozidla,ph116623
epigramy,ph119977
secesní architektura,ph237432
pravoslavní světci,ph115879
vina,ph127104
fiktivní postavy,ph120178
pivní láhve,ph1031911
poutě,ph115844
papežství,ph123941
Rakušané,ph118043
zdravotnická zařízení,ph116744
kněžství,ph121685
umělecké výstavy,ph135854
varhaníci,ph126991
glosolalie,ph114634
manželky cizinců,ph467678
čarodějnické procesy,ph187627
okultní sekty,ph115585
vlastenecké spolky,ph139384
Aspergerův syndrom,ph317194
klima,ph121617
dospívající chlapci,ph134763
biblická geografie,ph270301
ionizující záření,ph121183
pacientky,ph281346
mariánské sochy,ph603086
automobilový sport,ph118705
literární teorie,ph116427
křížová cesta,ph122161
anglická kresba,ph195435
akvarely,ph118334
dějiny hudby,ph120731
klimatické změny,ph134843
investice,ph114790
punk (hnutí),ph124835
regionální ekonomie,ph116029
obrazové informace,ph123605
Nizozemky,ph1122974
opravy a údržba pozemních komunikací,ph254902
samizdat,ph136929
dharma,ph202927
inflace,ph114766
brexit (2016-),ph949446
skok vysoký,ph180938
hasiči,ph120650
karikatury,ph121476
řemeslníci,ph128290
elektrické stroje,ph119859
literární soutěže,ph122397
manželky zločinců,ph323762
ghetta,ph120057
vzory (motivy),ph184911
místní správa,ph115408
základní školy,ph116795
křesťanské misionářky,ph297017
démonologie,ph119689
obdělávání půdy,ph184836
robota,ph317155
internátní školy,ph135271
církevní správa,ph232635
přírodovědný výzkum,ph124943
hlaholské rukopisy,ph120746
krajinářská architektura,ph137789
divadla,ph119512
osoby s duševním onemocněním,ph119646
železniční doprava,ph127919
gramofonové desky,ph120602
křesťanská poezie,ph117038
reinkarnace,ph116033
deportace Romů,ph503065
terorismus,ph116439
svět (náboženství),ph229519
pražští němečtí spisovatelé,ph124582
anglická literatura,ph114050
exegeze Koránu,ph730200
literatura a náboženství,ph122369
posvátné spisy,ph170469
focus groups,ph837765
psychologie umění,ph124814
konflikty,ph121797
praktická teologie,ph138483
slovanské jazyky,ph125652
věcná práva k nemovitostem,ph118058
mimosmyslové vnímání,ph122878
transkripce,ph120106
zvukové záznamy,ph135478
zákonodárné orgány,ph116796
sexuální chování,ph125500
sebeřízení,ph303239
koncilní dokumenty,ph829856
ochranná služba ústavních činitelů,ph861937
stávky,ph135353
ochrana lesa,ph123660
církevní instituce a organizace,ph218053
televizní pořady,ph126513
vojenské odvody,ph273342
literatura a dějiny,ph367699
ruské drama,ph184252
církevní stavby,ph119302
feminita,ph138799
piaristé,ph124070
okupační politika,ph128900
kulturní průmysl,ph414721
erotika,ph119988
pěvecká pedagogika,ph311288
vládní formy,ph127140
dějiny knihoven,ph161710
psychologie,ph115948
zahraniční pracovní síly,ph116731
židovské modlitby,ph128001
románská architektura,ph125211
punk (hudba),ph224427
evangelické církve,ph114502
nadpřirozené bytosti,ph123156
filozofie dějin,ph120224
učení súfismu,ph297079
ruští spisovatelé,ph125356
televizní seriály,ph126520
jednolisty,ph114824
židovské ženy,ph168243
lesní inženýři,ph238353
sklářství,ph125595
rituály a obřady,ph125170
starčestvo,ph126054
dopravní psychologie,ph288766
mladí lidé,ph128031
lékařská virologie,ph122507
polygrafický průmysl,ph115811
střední odborné školy,ph116319
kritika společnosti,ph741268
dvorský život,ph137499
invalidé,ph121168
výzkum a vývoj,ph472862
katolická mystika,ph121530
veřejná zeleň,ph127078
mateřské školy,ph122683
bušidó,ph165775
náboženská perzekuce,ph117342
památkové objekty,ph564300
lékárny,ph122521
cykloturisté,ph221997
katecheti,ph864229
památky,ph123920
etikety,ph351302
Langobardi,ph117702
psychosomatika,ph124823
hydrolázy,ph254775
lepra,ph122239
hejchalotická literatura,ph896402
dějiny evropské literatury,ph499816
partnerské vztahy,ph115684
buddhistky,ph759906
Velikonoce,ph117157
biologie,ph114166
křesťanská mystika,ph138503
ďábel,ph128238
cisterciácké kláštery,ph119244
umělecké předměty,ph116532
sociální péče,ph117266
buddhismus a kultura,ph766219
informační vědci,ph221299
sociologie umění,ph116201
hudební publicisté,ph386451
italský román,ph121243
Vikingové,ph118182
plavání,ph115741
dějiny obcí,ph1246702
filozofie politiky,ph114545
Křišťálová noc (1938 : Německo),ph210128
židovští filozofové,ph139120
stát a církev,ph116308
muzikály,ph123058
Mongolové,ph117892
koupaliště,ph180736
dívčí školy,ph311289
"povstání ve varšavském ghettu (1943 : Varšava, Polsko)",ph201917
instituce a organizace,ph114779
autokefální církve,ph250068
mozaiky,ph123007
umění a ideologie,ph493974
hudební pedagogika,ph135173
dětská četba,ph165765
houslistky,ph583040
literární činnost,ph122394
palestinská otázka,ph137010
lyžařské závody,ph270781
středověká filozofie,ph126228
svatba,ph126295
Řekové,ph128073
poliovirus,ph137084
změna vyznání,ph799434
američtí básníci,ph203881
právní pomoc,ph118030
waldorfské školy,ph127492
paličkovaná krajka,ph136861
šansoniéři,ph667297
kubánská revoluce (1953-1959 : Kuba),ph161991
vysoké divadelní školy,ph127283
sčítání domů a bytů,ph206852
jezuitské divadlo,ph412801
vinaři,ph254484
paliativní medicína,ph870943
právní předpisy,ph124717
boj proti AIDS,ph137769
umělecké knižní vazby,ph116530
vůdcovství,ph127401
hostince,ph120831
semináře,ph870433
bibliografie,ph118867
astrometrie,ph134720
rasismus,ph125031
únorová revoluce (1917 : Rusko),ph138780
staroslověnština,ph126024
elektronická média,ph119415
literární díla,ph166330
hotely,ph120833
pohřebnictví,ph124210
rodiny politických vězňů,ph732847
královská města,ph164226
duchovní zkušenosti,ph547723
kulturní vlivy (české),ph329309
španělská literatura,ph127846
politické strany,ph115790
operní režie,ph123756
rozhlasové vysílání,ph125254
liturgické oděvy,ph122418
nacistická propaganda,ph136590
stvoření člověka,ph126172
finance,ph114548
Korejci,ph117682
islámská mystika,ph121216
smíšená manželství,ph343741
volby do poslanecké sněmovny,ph115785
podnikový management,ph115763
realismus (literatura),ph125041
historické budovy,ph120726
učitelé,ph126982
hospodářské plánování,ph120825
vzdělávací kluby,ph309602
zaměstnanci,ph127532
oděvnictví,ph123703
orální historie,ph123826
výsadkové jednotky,ph250079
digitalizace filmů,ph955912
archeologické památky,ph118576
filmoví animátoři,ph118470
filozofická antropologie,ph114539
kult svatých,ph138466
skalní útvary,ph241130
křest,ph122085
svoboda projevu,ph126307
hinduismus,ph114661
chemie,ph114237
spirituální teologie,ph203887
astrologové,ph118643
bratrstva,ph136620
západní křesťanské církve,ph166513
jídlo,ph634636
polské drama,ph124290
podniky,ph115764
manželky podnikatelů,ph934074
hnutí pro život,ph124675
národní parky,ph115506
lepty,ph158316
ayahuasca,ph773445
soukromé školství,ph125874
kreativita,ph121937
výnosy sklizně,ph127442
naratologie,ph500243
psychosomatická onemocnění,ph124821
barokní malířství,ph118762
zahraniční vojenské jednotky,ph137529
finanční krize,ph257893
mysl,ph123071
civilizace,ph119248
knižní produkce,ph121679
letecký průmysl,ph122267
tvrze,ph126812
křesťanství a konfucianismus,ph392786
New Age,ph117919
církevní památky,ph114287
dopravní nehody,ph119572
archeologické lokality,ph118575
pastely,ph231101
německy píšící spisovatelé,ph123478
křesťansko-demokratické strany,ph122087
izraelští spisovatelé,ph121261
monoteistická náboženství,ph115348
dějiny slovanských literatur,ph536897
Trnová koruna Krista,ph516412
vojenská služba,ph127182
západní křesťanství,ph127743
fragmentace krajiny,ph381262
křesťanské kláštery,ph173929
dějiny bitev,ph499826
mccarthismus,ph122718
uměleckoprůmyslová muzea,ph126876
čínská poezie,ph128209
imunologové,ph565345
křesťanské vizionářky,ph122130
rozvoj kariéry,ph162910
ctnosti,ph119263
dopravní politika,ph119573
filmová scénografie,ph135155
starověk,ph126028
hrdinové,ph120857
ekonomický růst,ph114429
slovenština,ph125682
diskriminace žen,ph164215
organizovaná kriminalita,ph115605
šachy,ph116822
radiobiologie,ph139000
účetnictví,ph116911
posudkové lékařství,ph163894
platební neschopnost,ph198720
podnikatelky,ph115869
politická činnost,ph138036
nacismus a ženy,ph221979
milostná korespondence,ph139317
transporty smrti,ph311270
portrét,ph124369
historiografové,ph317149
astronomická pozorování,ph118644
první pomoc,ph124698
poválečná obnova,ph285157
sociologický výzkum,ph125750
husité,ph120950
jeruzalémští bratři,ph139372
středověké legendy,ph126238
politická perzekuce,ph124236
katolická liturgika,ph950681
Pražské Jezulátko,ph117107
lenní právo,ph122236
venkovské obytné domy,ph116564
fyzici,ph114600
mezinárodní smlouvy,ph122825
listiny,ph122365
parlamentní demokracie,ph115680
divadelní producenti,ph319023
medievalisté,ph290558
genetický výzkum,ph291270
soudci,ph125851
subkultura,ph126261
noční doba,ph164213
Boží prozřetelnost,ph224038
právo a politika,ph137006
zámecké obrazárny,ph127733
obrana státu,ph123600
Evenové,ph117538
podprsenky,ph814508
Latinoameričané,ph285164
katedrály,ph114888
prognózování,ph249710
umělecké šperky,ph126911
virus HIV,ph116577
impeachment,ph137050
kláštery,ph121648
personální audit,ph925077
literární vědkyně,ph798337
islámští světci,ph121225
pomocné vědy historické,ph124331
norští spisovatelé,ph203896
udavačství,ph847236
Mandžuové,ph416452
měnová politika,ph115398
barokní homiletika,ph920786
mysticismus,ph115387
cenzura,ph119104
středoškolští studenti,ph126243
muzejní sbírky,ph137908
indiánské rukopisy,ph121078
vévodové,ph187624
institucionální struktura,ph164238
nadpřirozené jevy,ph559647
indiánské války,ph172928
světové dějiny,ph117271
křesťanští laici,ph165793
dějiny tibetské literatury,ph588471
pravoslavné církve,ph166512
antika,ph118500
ústavy vysokých škol,ph871004
osobní hygiena,ph123839
pionýrské tábory,ph926477
kosmické lety,ph114985
portrétní kresba,ph124371
církevní insignie,ph119293
rodinné právo,ph116052
literární místopis,ph137259
odpírání vojenské služby,ph162021
geografická jména,ph114616
řečtí spisovatelé,ph201909
masmédia a politika,ph426669
využití krajiny,ph561145
vzdělávací reformy,ph138643
soudní rozhodnutí a stanoviska,ph125859
objevitelé a vynálezci,ph137320
filozofie života,ph120231
geografie,ph114618
poustevníci,ph124438
dětské tábory,ph138101
sociální prognózování,ph849402
křesťanské ctnosti,ph122116
íránské spisovatelky,ph449188
ladění (hudba),ph135191
seznamy,ph567437
města,ph115399
požární ochrana,ph124487
apoštolská služba,ph264903
symbolismus (literatura),ph126348
společenská angažovanost,ph135705
pravěká obydlí,ph388328
ztroskotání lodí,ph249497
Chorvaté,ph116970
jazyková analýza,ph137981
rodokmeny,ph265643
dominikánky,ph138562
umělecká fotografie,ph126879
křesťanská symbolika,ph135701
zabezpečovací technika,ph127514
milenky umělců,ph173225
hokejisté,ph114685
futurologie,ph117193
doktorské studium,ph118561
náhradní rodinná péče,ph123400
divadlo,ph119513
imaginace,ph121035
německý idealismus,ph135775
náboženské poutě,ph115479
protestní hnutí,ph124669
magie,ph115203
slavisté,ph116179
ženy jako oběti trestných činů,ph127969
pěstounky,ph1155703
lékařství,ph115195
křesťanství a buddhismus,ph115074
existence Boha,ph138426
vysokoškolští studenti,ph127281
portrétní malířství,ph124372
židovská etika,ph127986
Cena českých knihovníků (ocenění),ph316265
komunistky,ph367695
relikviáře,ph174196
antické sochařství,ph118491
rozvoj venkova,ph136666
sebevraždy,ph125453
nukleární medicína,ph123364
produktivita práce,ph124623
kosmopolitismus,ph121896
literatura psaná ženami,ph191898
evropská filozofie,ph120058
muslimové,ph123046
křesťanská filozofie,ph138449
děti školního věku,ph119714
autoimunitní nemoci,ph114098
stavební kámen,ph116280
vodní mlýny,ph120513
úředníci,ph138987
lesníci,ph122256
vizuální umění,ph220318
tabu,ph126408
kvantitativní výzkum,ph451669
globalizace,ph120568
eschatologie,ph114483
národnostní menšiny,ph123424
objevy a vynálezy,ph123593
řecká antická filozofie,ph128248
knihovnictví,ph121664
náhrobky,ph123402
literární práce dětí a mládeže,ph118791
kulturní antropologové,ph122019
evangelictví,ph120045
bydlení,ph114212
duchovní vůdci,ph114374
transcendence,ph136913
daně,ph114293
betlemáři,ph139235
koncerty,ph121790
nájemní domy,ph207154
princové,ph124610
televizní režiséři,ph136763
postindustriální společnost,ph124399
pedagogické dovednosti,ph157201
písničkáři,ph124874
sociální pracovníci,ph125803
figurální iniciály,ph139063
městské hradby,ph138300
němý film,ph123537
politické ideologie,ph124244
číšníci,ph234839
mezinárodní obchod,ph115283
jasnovidci,ph121312
ochrana památek,ph135825
recepce hudby,ph412804
anglická grafika,ph195436
estetická chirurgie,ph134778
poškození knihovních fondů,ph734078
překlady z řečtiny,ph234798
umělecká avantgarda,ph126877
textologie,ph126627
olympijské hnutí,ph123731
nezávislá literatura,ph158330
středoškolští učitelé,ph126244
sociální hnutí,ph116205
dělnické spolky,ph119705
vědecká ilustrace,ph165778
Makedonci,ph117824
patroni,ph135290
židovské obce,ph128003
štěstí,ph127882
letci,ph122260
kataři,ph121517
školkařství,ph127805
nacisté,ph123153
pohřební obřady,ph138536
školní inspekce,ph127807
ústavní právo,ph116908
práva dětí,ph124706
hmyz,ph114681
nizozemské malířství,ph115452
politické dějiny,ph311269
koheze (sociologie),ph234790
falzifikáty,ph120129
čeští prozaici,ph218868
dobrovolnictví,ph138809
krizové situace,ph121963
lyžařky,ph604956
fotomontáž,ph135884
grafika,ph120598
psychoterapeuti,ph124824
christianizace,ph119206
organizace a struktura církve,ph138526
vědkyně,ph395713
šlechtické rody,ph127826
ticho,ph1002017
sémiotika,ph126388
kultura a politika,ph234811
smíření,ph125729
ženská kriminalita,ph303421
řecká občanská válka (1946-1949),ph337774
finanční úspěch,ph120243
úřední knihy,ph128375
nemanželské děti,ph123209
osobní vodní doprava,ph115620
mahájánový buddhismus,ph122555
ekonomika zemědělství,ph136643
architektonické památky,ph118585
vůle,ph127403
kurikulum,ph115039
baletní umělci,ph118733
agrární historiografie,ph114010
augustiniáni kanovníci,ph195475
vojenská kázeň,ph262210
stolování,ph126117
liturgické obřady,ph122417
parlamentní volby,ph115681
latinské písmo,ph500507
švadleny,ph847302
české staré tisky,ph138373
kaple,ph121446
dějiny školství,ph536908
národní mentalita,ph123434
cisterciácká spiritualita,ph426680
boxeři,ph118971
religiozita,ph125113
řád,ph216797
kulturní vlivy (antické),ph191055
graduály,ph182342
zakázané knihy,ph127530
interaktivní umění,ph206883
bombardovací jednotky,ph114186
historické filmy,ph303237
módní návrhářství,ph389998
druhá světová válka (1939-1945),ph117270
hroby,ph136983
happening (umění),ph120645
trestní soudnictví,ph126733
ekoteologie,ph886369
sociální nauka církve,ph138523
literární časopisy,ph122407
střední průmyslové školy,ph126213
živočišná výroba,ph128041
fotbalové kluby,ph138515
divadelní věda,ph162913
teologická estetika,ph997301
rodinné konflikty,ph814040
poutní místa,ph115843
etnologie,ph120020
krajské volby,ph136611
filmová tvorba,ph174785
divadelnictví,ph119491
kytara,ph122070
náboženští reformátoři,ph115488
příjmy,ph124928
francouzské výtvarné umění,ph120377
dominikáni,ph119541
minimalizace odpadů,ph628961
Braillovo písmo,ph303205
německá filozofie,ph123485
církevní majetek,ph119296
anglické spisovatelky,ph117177
sadismus,ph125401
turistické chaty,ph564339
soudní procesy,ph125856
péče o seniory,ph421549
manželky prezidentů,ph122619
měnové unie,ph123096
bezpečnost silničního provozu,ph250799
parúzie,ph135521
pozemkové právo,ph124464
historici,ph114665
školství,ph116829
taoismus,ph116400
dezinformace,ph138026
inovace,ph121118
vzdělávací instituce a organizace,ph127307
mandaly,ph122606
zločiny nacismu,ph120356
hudební skladatelé,ph120923
věda a umění,ph126926
češství,ph121123
sociální práce,ph125805
stíhací letci,ph311306
nonverbální komunikace,ph115459
řeholní kongregace,ph128282
pastoři,ph202928
diplomatická jednání,ph137009
sociální struktura,ph125815
zaměstnanost,ph127533
příspěvek na péči,ph412779
domovské právo,ph194649
knihovní fondy,ph121668
norské spisovatelky,ph203897
liturgické textilie,ph119970
protestantské církve,ph115899
domácí zvířata,ph114344
poruchy komunikace,ph205080
vadžrajána,ph116555
doba laténská,ph162016
právo azylu,ph124723
mučednictví,ph630670
keltská náboženství,ph221304
sonderkommanda (1942-1945),ph1025831
dětské písně,ph119736
antropologický výzkum,ph118530
křesťanské mnišství,ph201896
teorie architektury,ph288764
náboženský terorismus,ph115484
stavební výrobky,ph180745
design,ph114303
etnografie,ph137601
zaměstnanost žen,ph117903
střelecké terče,ph121375
alopecie,ph118357
osobnost,ph115614
převýchova,ph1111621
panenteismus,ph841188
ochotnické divadlo,ph123653
kabala,ph114852
synovství,ph752054
slovenská architektura,ph125657
antisemitismus,ph118516
osobnosti kultury,ph1126915
světlo v umění,ph214684
výtvarné práce dětí a mládeže,ph119404
historičky umění,ph348294
cimbálová muzika,ph260642
kulturologie,ph122031
výtvarná činnost,ph527858
telepatie,ph126502
české sochařství,ph128152
národní stát,ph123439
postkomunismus,ph124401
literární inspirace,ph381209
plakáty,ph124084
altruismus,ph137002
vojenská rozvědka,ph127189
hagiografie,ph120634
katolické exercicie,ph114893
nakladatelky a vydavatelky,ph872729
absolventi vysokých škol,ph118242
hudební život,ph135177
nezávislé občanské iniciativy,ph123289
opera,ph123748
dobrovolnice,ph1073786
literární festivaly,ph122383
politická moc,ph115788
terapie hrou,ph761299
revmatologové,ph1014772
sebevýchova,ph125456
stavební úpravy,ph126089
dějiny cestování,ph504380
Slováci a Němci,ph316327
literatura a křesťanství,ph398857
pravěk,ph117254
tlumočníci,ph126670
filozofie a věda,ph114542
rodiny s dětmi,ph166534
potraviny,ph115833
soto-zen,ph281889
muzeologie,ph123054
fašisté,ph120147
memoárová literatura,ph115260
koželužství,ph161653
humorné písně,ph224036
regionální literatura,ph125079
sociologie migrace,ph1014020
jachting,ph114810
lékařská genetika,ph122497
české drama,ph128137
tiskárny,ph126661
apoštolské církve,ph162314
sintské ženy,ph1131164
vysoké ekonomické školy,ph172773
konec války,ph984749
řeholníci,ph128286
antikomunismus,ph118502
zaměstnání,ph127534
povodňové škody,ph124447
sňatky panovnických rodů,ph126400
výzkumné ústavy,ph127482
křesťanští filozofové,ph122142
tarot,ph116402
svoboda tisku,ph126309
finanční dary,ph936736
sakrální stavby,ph137431
francouzští spisovatelé,ph120380
swing,ph126343
masakry,ph392784
řeckokatoličtí kněží,ph297051
literární historici,ph122384
etnomuzikologie,ph114494
voskové plastiky,ph824586
fyziologie člověka,ph120451
spolky,ph125936
jógínky,ph257218
děti jako oběti trestných činů,ph182331
národní identita v literatuře,ph241940
pušky,ph115961
latinsky psaná literatura,ph122193
číšnictví,ph128234
rusínština,ph162889
uran,ph126944
stomatoložky,ph871845
kojenecká úmrtnost,ph182385
madhjamaka,ph423592
křesťanské učení,ph122129
kočky,ph115000
osobní automobily,ph115616
radikalismus,ph124973
manipulace (psychologie),ph122611
vinařství,ph116575
židovští lékaři,ph340648
ženské hnutí,ph136601
dřevořezba,ph119749
dějiny financí,ph898679
folklor,ph114560
mediální obraz,ph119785
21. století,ph126112
muzejní společnosti,ph135872
manželky,ph122623
rozhlasová publicistika,ph624563
děti spisovatelů,ph254499
exegeze,ph118843
umělecké sklo,ph126905
eutanazie,ph120036
vojenské řeholní řády,ph138555
učení chasidismu,ph164203
biochemici,ph118884
speciální vzdělávací potřeby,ph754025
financování politických stran a hnutí,ph832286
marginální skupiny,ph122637
lidová demokracie,ph122301
volby,ph116629
evropeizace,ph337765
hospodářské dějiny,ph114703
umění a krajina,ph188879
dramatická výchova,ph114357
Frankové,ph117574
expresionismus (literatura),ph120116
leukémie,ph122277
domácí péče,ph201876
anarchismus,ph118417
terciářky,ph180964
architekti,ph118582
abstraktní umění,ph118246
trestné činy z nenávisti,ph874393
psychopatie,ph508950
soukromá korespondence,ph180950
tance,ph224474
šamani,ph170583
politická identita,ph419647
reliéfy (malířství),ph125115
rukopisy,ph116084
interaktivní výstavy,ph599876
tiskové agentury,ph126655
poštovní přeprava,ph261572
ospravedlnění (náboženství),ph138462
farmakologie,ph114526
sociální změna,ph125820
myslitelé,ph119628
baziliáni,ph118786
latinská středověká literatura,ph122200
divadelní budovy,ph121370
studentská hnutí,ph116304
premonstrátky,ph138564
sútry,ph126405
ohýbaný nábytek,ph123712
hmota,ph120762
celibát,ph119089
šéfkuchaři,ph898520
politická emigrace,ph124230
školy myšlení,ph433001
sochy,ph125739
protektoři,ph902051
ochránkyně přírody,ph561591
mezinárodní instituce a organizace,ph249764
rakouští spisovatelé,ph125026
lékařky,ph137964
dotace,ph119586
hra na housle,ph135162
hračky,ph114712
regresní psychoterapie,ph116031
panislamismus,ph560504
chrámy,ph114250
pivnice,ph124079
letecké bitvy,ph203872
křesťanští reformátoři,ph122146
jezuitika,ph218061
herci,ph117199
Germáni,ph117581
stavební inženýři,ph126074
vojenské soudy,ph319519
Torajové,ph652642
regionální autoři,ph871619
ortopedie,ph123825
hradní architektura,ph120853
prorokování,ph124652
akademie věd,ph118314
zemědělské plodiny,ph116763
děti prezidentů,ph161933
vězeňství,ph127392
dětská chirurgie,ph134746
lidové oděvy,ph115139
staroslověnské rukopisy,ph126022
koncerny,ph121784
interrupce,ph114787
naivní malířství,ph166511
mezidruhové vztahy,ph569863
motocykloví závodníci,ph200820
divadelní teorie,ph139185
rasová segregace,ph124254
bohémství,ph173218
rozhlasoví redaktoři,ph784491
antropozofické učení,ph208675
křesťanský život,ph122132
fyzioterapeutky,ph871611
Duch svatý,ph117519
mezináboženský dialog,ph138524
novopohanství,ph123346
venkov,ph127032
finanční právo,ph114553
planety (astronomie),ph115737
spotřeba vody,ph135040
venkovští muži,ph290556
Středozemě (fiktivní útvar),ph118108
péče o dítě,ph124848
geologický průzkum,ph120531
devastovaná krajina,ph114306
kadeřnice,ph822478
hydrometeorologie,ph120975
filmová technika,ph120189
antifašismus,ph118495
dějiny spirituality,ph538787
učení buddhismu,ph162902
národnostní otázka,ph832277
vojenská etika,ph129109
literární kritici,ph122388
perzekuce,ph137639
isotype (obrazový jazyk),ph900583
politika,ph115795
kult předků,ph541624
disent,ph119475
jinakost,ph762437
náboženští sektáři,ph265654
milenky panovníků,ph122866
agapé,ph118296
manažeři,ph122605
profesní rozvoj,ph706538
teokracie,ph385070
fytofarmakologie,ph120416
bezpečnost potravin,ph575078
obsahová analýza,ph288769
Američanky,ph255095
řeholnice,ph128281
filozofické myšlení,ph137813
krejčí,ph1028657
exilová vláda,ph120091
siddhové,ph805246
redaktoři,ph870669
lesní dělníci,ph937919
menšinová politika,ph355362
soteriologie,ph125846
evangelikální církve,ph114503
Chanuka,ph384530
protikomunistický odboj,ph115902
houby,ph114706
slavnostní průvody,ph125626
městská správa,ph123100
výtvarní umělci,ph116709
Inkové,ph117634
rodinná politika,ph118235
duchovní hnutí,ph384546
hospice,ph215911
osmidílná cesta,ph188891
finanční instituce,ph114549
senátorky,ph284032
regionalismus,ph125071
vědecké knihovny,ph127369
Něnci,ph158313
mezinárodní soudy,ph122827
cestovní kanceláře,ph119111
jazyky,ph117210
francouzské drama,ph120369
svatební zvyky,ph137516
zemědělské stroje,ph116768
kulturní konflikt,ph114451
kongresy,ph249763
samizdatové časopisy,ph255094
hudba pro harfu,ph120877
český tisk,ph119034
profesní kompetence,ph136580
autismus,ph118685
Slováci,ph118089
izraelské spisovatelky,ph553914
kriminologie,ph121957
náboženské učení,ph168293
mystika,ph123078
ekonomické chování,ph119830
práva menšin,ph124708
praní špinavých peněz,ph127872
partnerské rozchody,ph316309
motocyklové závody,ph122995
kulturní vlivy (židovské),ph390013
muškátový oříšek,ph117858
sanitní vlaky,ph834272
děti,ph114392
vahhábismus,ph205095
politika cestovního ruchu,ph473691
restaurování uměleckých děl,ph976642
manželství,ph115224
sochaři,ph125736
dějiny nemocnic,ph484343
duše,ph114376
apokalyptika,ph138428
děkani,ph499675
stavební práce,ph126080
matematické myšlení,ph122675
francouzská literatura,ph120363
biblické citáty,ph118853
alpinismus,ph168214
banky,ph114125
lázně,ph136956
hrací karty,ph194665
psychedelická terapie,ph201877
rozhovor,ph218071
biskupské rezidence,ph162316
člověk a životní prostředí,ph135365
lesní mniši,ph319042
citera,ph114258
autobusy,ph118687
územní plánování,ph128364
divadelní umělci,ph119509
charitativní pracovnice,ph119129
veřejná politika,ph127073
filmy,ph120215
kouření,ph121907
zříceniny,ph127767
romská otázka,ph832264
církevní komunikace,ph384543
predestinace,ph166056
sociální výzkum,ph210144
blues,ph118940
spontánní kresba,ph307579
herectví,ph120683
moře,ph115369
nucená práce,ph137053
lékárníci,ph194833
agrární strany,ph137679
Komančové,ph338519
zahraniční odboj,ph116243
osoby společensky nepřizpůsobené,ph472874
satelitní města,ph317154
strukturální fondy,ph126155
speciální pedagogika,ph116230
národní programy a projekty,ph274677
židle,ph127984
svítidla,ph116365
děti předškolního věku,ph119710
západoslovanské literatury,ph166538
Vietnamci,ph316330
správní dějiny,ph492502
hrobky,ph120859
ekonomika zdravotnictví,ph182335
škola Čchüan-čen-tao,ph885672
afroamerická literatura,ph194643
těhotné ženy,ph254492
onkologičtí pacienti,ph123743
průmyslové dědictví,ph816327
evangelikální teologie,ph170450
klimatické podmínky,ph189269
šlechtění rostlin,ph127830
zemědělská politika,ph127616
filmová místa,ph463344
psychodiagnostika,ph115947
dětští čtenáři,ph536665
sportovní žurnalistika,ph118336
křesťanská civilizace,ph122091
církevní heraldika,ph462053
ikony,ph121033
prarodiče a vnoučata,ph124553
irácká válka (2003-2011),ph200819
"pogrom v Kielcích (1946 : Kielce, Polsko)",ph210127
odcizení (sociální psychologie),ph123688
dálnice,ph114388
kritika církve,ph280653
kancionály,ph224378
umělecký akt,ph126912
osobní finance,ph115617
počítače,ph115859
charitativní organizace,ph114230
kulturní vlivy (španělské),ph320460
křesťanská kultura,ph122097
energetická diagnostika ARTTEST,ph359635
rabínská literatura,ph124962
novinářská profese,ph218846
zločiny proti lidskosti,ph127646
pitva,ph124078
političky,ph216803
přírodní katastrofy,ph115995
tematické mapy,ph126530
náboženské konvertitky,ph580786
korupce,ph121881
tajemství,ph126417
barokní grafika,ph164247
Šambala (mytická říše),ph127768
parlamentní budovy,ph137182
židovští spisovatelé,ph128012
encyklopedie,ph117188
sepulkrální památky,ph644790
hudba,ph114719
andragogika,ph114043
hymny,ph120993
komunitní vzdělávání,ph309603
italská filozofie,ph121231
válečné reparace,ph284031
filozofie jazyka,ph114543
sanatoria,ph557828
vývojová psychologie,ph116715
bojové operace,ph137689
hudební rukopisy,ph114726
harmonizace práva,ph228418
právní filozofie,ph115911
ministerstva,ph122896
islandští spisovatelé,ph262182
živnostenské podnikání,ph128019
boj proti rakovině,ph541619
osud,ph123857
modely staveb,ph341319
textilní výtvarnice,ph565269
mariánská poutní místa,ph115226
sebeupálení,ph493982
rozum,ph198708
divadelní režisérky,ph338504
dějiny opery,ph527138
váleční invalidé,ph127333
súfijové,ph126403
klinická smrt,ph121637
matky,ph119833
Židé v literatuře,ph127786
zahradnictví,ph116722
rusistika,ph125313
učené společnosti,ph126978
teorie překladu,ph116430
mzdy,ph123087
princezny,ph124609
italština,ph121249
dzogčhen,ph114381
chemici,ph119134
čajový obřad,ph320469
umělecké dílo,ph126891
plesy,ph124115
kolektivní bydlení,ph843134
dialog,ph119422
kozáci,ph121913
národnostní politika,ph137535
chorvatská literatura,ph114245
charismatická hnutí,ph119127
utrpení,ph126962
dopravní stavby,ph119575
lidstvo,ph122350
scénografie,ph116114
knihy,ph114930
pluralismus (společnost),ph135655
kulturní akce,ph122016
kulturní spolky,ph445023
Mayové,ph117066
hudba a společnost,ph120871
environmentální etika,ph119953
dějiny kinematografie,ph433025
profese,ph115886
telekomunikační sítě,ph116421
humanitární pomoc,ph120944
barevné vidění,ph118771
duchovní tradice,ph170913
atomová bomba,ph183328
matky a synové,ph122687
klerikalismus,ph121614
matematické soutěže,ph200794
sociální politika,ph116210
sexuální hygiena,ph135028
krajinářská fotografie,ph121927
literární směry,ph136571
mýty,ph123146
fytoterapie,ph120421
dobrovolníci,ph138810
rakovina prsu,ph135010
majetkové restituce,ph122559
pirátství,ph124077
dějiny farmacie,ph484340
moravské lidové písně,ph122978
volební kampaň,ph136612
duchovní učitelky,ph144989
propaganda,ph124645
sociální revoluce,ph125809
jurodství,ph398366
poznávací značky,ph398846
byzantologové,ph608663
učení taoismu,ph187613
vrcholoví sportovci,ph127247
zaměstnání v zahraničí,ph137750
regionální politika,ph125081
společnost,ph116245
duchovní literatura,ph114373
módní ozdoby,ph162378
reportážní fotografie,ph125142
neziskový sektor,ph123286
ředitelé škol,ph459481
chudoba,ph119230
otužování,ph347582
chemický průmysl,ph119158
sovětizace,ph125881
filmová estetika,ph120183
empirický výzkum,ph486121
vysokoškolské kluby,ph543381
Škoda (automobily),ph127770
náboženské vzdělávání,ph201898
milenky politiků,ph122867
mimetická teorie,ph481718
kaligrafie,ph121398
hudební producenti,ph508986
restituenti,ph970689
evropské právo,ph121776
teologická antropologie,ph255082
etymologie,ph135251
restrukturalizace podniků,ph117899
hinduističtí filozofové,ph139118
židovští malíři,ph171153
uzdravování,ph126963
lovecké zámky,ph870969
italské výtvarné umění,ph114807
slovenská poezie,ph125662
občanská sdružení,ph123632
cyklistika,ph114273
františkánské kláštery,ph120385
ornitologie,ph123817
site-specific art,ph188876
Moravané,ph117895
hodnoty,ph120778
fotografické sbírky,ph120328
perinatologie,ph138276
církevní slavnosti,ph119298
restaurátoři,ph217758
biblická interpretace,ph118847
obchod s kakaem,ph819906
chovatelství,ph119205
uprchlíci,ph126941
generace,ph200846
autopříslušenství,ph136735
jazyk a kultura,ph121318
finanční trhy,ph114556
dějiny průmyslu,ph488969
rozvoj osobnosti,ph194683
úmrtnost,ph128337
pogromy,ph210126
sociologové,ph125768
fyzická krása,ph346531
úřednice,ph875810
smyslové vnímání,ph116195
liturgické texty,ph115163
přehradní nádrže,ph139014
měšťanská rodina,ph123116
náboženské předpisy,ph116859
nemocniční péče,ph137363
ekonomické činnosti,ph119834
domy,ph119550
dějiny výchovy a vzdělávání,ph492504
válečné zločiny,ph138039
technika,ph157258
nezaměstnaní,ph123285
panovnické dvory,ph123931
hrané filmy,ph319026
zemědělci,ph127613
samurajové,ph125416
pohřebiště,ph137684
sexuální zneužívání dětí,ph139044
dirigenti,ph119473
jezuité,ph121349
intelektuálové,ph121139
léčitelství,ph159629
malé obce,ph222839
vlajky,ph127128
arabsko-izraelské války,ph138771
hotelnictví,ph120832
plavecké kluby,ph928220
minimalismus (životní styl),ph1022120
popravy,ph124340
nedokončené stavby,ph939924
sportovní kluby,ph125949
speleologický výzkum,ph952546
osvícenství,ph123859
lékařské fakulty,ph122509
hoteliéři,ph316216
jednání,ph121337
historická geografie,ph120715
technika a společnost,ph764797
barokní architektura,ph118759
domorodci,ph119543
náboženská identita,ph139139
zahradní bazény,ph955720
zdravotní rizika,ph127585
kontemplace,ph121815
bankovní úředníci,ph724804
státní správa,ph126193
dějiny filmu,ph433024
patronace,ph229521
politické čistky,ph124257
Afričané,ph164234
náboženské vlivy,ph194670
grafici,ph120589
Boží vůle,ph944751
řády a vyznamenání,ph128304
prezidenti,ph124601
vlk,ph128313
romanisté,ph158333
vraždy,ph116633
vyšší odborné školy,ph127299
kognitivní věda,ph121697
průmyslová města,ph317153
arcidiecéze,ph276822
dobro a zlo,ph114334
žurnalistika,ph117282
světová ekonomika,ph116359
popularizace vědy,ph164938
antropozofky,ph836156
psychofyziologie,ph124799
environmentalismus,ph114474
historické knihovní fondy,ph172933
obyvatelstvo a válka,ph785276
vnitřní politika,ph135356
násilí na ženách,ph137284
řečtí církevní otcové,ph116901
internáty,ph335390
nebeská mechanika,ph123180
plavecké závody,ph124112
komentáře textů,ph861980
buddhističtí filozofové,ph139119
afroamerický román,ph1050704
lovecká hudba,ph265651
pěstounská péče,ph124858
biblická exegeze,ph118844
Evenkové,ph117537
pedagogická diagnostika,ph115700
syndrom CAN,ph427565
ruské výtvarné umění,ph125349
konkordáty,ph311268
politická socializace,ph124238
učitelky,ph276829
vytápění tuhými palivy,ph503035
slovanská liturgie,ph125648
síťová ekonomika,ph467705
umělecká inspirace,ph180931
chovatelé,ph576139
sociální spravedlnost,ph125813
rody,ph125190
počítačoví vědci,ph370267
biblické studium,ph118859
katolické modlitby,ph114896
živočichové,ph136485
spořitelnictví,ph125971
válka v Afghánistánu (2001-),ph330288
publicisté,ph124829
sestry Matky Božího milosrdenství,ph467704
filologové,ph120217
Indiáni,ph117020
biblické texty,ph118860
elektrárny,ph114462
politologie,ph115796
protidrogová terapie,ph137244
germanizace,ph120554
ČZ (motocykly),ph312590
biblická archeologie,ph590278
dokonalost,ph175758
Renault (automobily),ph208015
fantazie,ph120133
hidžra,ph388305
ekologové,ph119820
Baťova soustava řízení,ph690115
humanitární pracovnice,ph344082
multikulturalismus,ph123036
zkušenost,ph191037
socialistické strany,ph125743
vojenské orchestry,ph135228
probošti,ph462055
komeniana,ph218064
křížové výpravy,ph122162
zpěvačky,ph127680
reggae,ph224432
dějiny informatiky,ph541605
textilní materiály,ph139287
představivost,ph234789
střední odborná učiliště,ph116318
léčivé rostliny,ph115198
pojem (logika),ph166518
misionářky lásky,ph122905
dokumenty,ph114337
veřejné zdraví,ph135099
matematici,ph122664
Češi a Němci,ph135237
film a literatura,ph120181
prezidentští kandidáti,ph455174
evangelizace,ph120046
lesnický výzkum,ph137998
judaismus,ph114838
traktory,ph116473
dědické právo,ph119691
psychotronici,ph138954
"Mariánský sloup (Staroměstské náměstí, Praha, Česko)",ph319020
martyrologia,ph115231
hudební archivy,ph135170
vojenské tábory,ph349187
stromy,ph116301
psychohygiena,ph115945
poklady,ph124217
big beat,ph118875
Lužičtí Srbové,ph117730
hluk,ph120760
keltské umění,ph228414
františkánky,ph576689
řeholní řády,ph116892
ošetřovatelská péče,ph162660
lékařský výzkum,ph122514
francouzský román,ph123482
diskriminace,ph119480
česká architektura,ph128102
sexuální morálka,ph125509
vojenské hřbitovy,ph234793
dospívání,ph117183
kalkulace cen,ph136846
latinské staré tisky,ph135876
dějiny muzeí,ph525328
hagada,ph120635
neuropsychologie,ph115446
hudební vzdělávání,ph898676
kult Ježíše Krista,ph966777
Španělé,ph173226
běh na dlouhé trati,ph138817
inkvizice,ph121117
historické prameny,ph114671
univerzitní budovy,ph137181
vojenské jednotky,ph871009
vzdělávací systémy,ph127310
vlci,ph314917
manželky osobností,ph122622
demografický vývoj,ph119369
vůdčí osobnost,ph127354
kočáry,ph138620
humanita,ph137497
církevní rok,ph114290
seberealizace,ph125451
fundamentalismus,ph114592
bhaktijóga,ph118839
finanční analýza,ph120235
katolická teologie,ph114892
duchovní povolání,ph119631
folklorismus,ph120272
výročí,ph116704
konspirační teorie,ph355364
luxus,ph314788
blahobyt,ph118936
monoteismus,ph122974
řemeslná výroba,ph128289
drobná architektura,ph134695
symboly,ph126351
knihovníci,ph114928
duchovní rozlišování,ph353331
psychologové,ph124816
neurovědy,ph250755
osobní strážci,ph123848
zájmy a záliby,ph228439
bódhisattvové,ph473688
závody v běhu na lyžích,ph270782
pastorální teologie,ph123991
výkon trestu,ph127435
umělecká studia,ph120039
náboženství a politika,ph115486
náboženské kulty,ph123378
vědomí,ph127380
vojenská psychologie,ph316339
náboženské konverze,ph123377
vrazi,ph127244
exilová publicistika,ph120090
překlady do latiny,ph254521
exilová nakladatelství a vydavatelství,ph763023
renesanční architektura,ph125120
umělecké slohy,ph126907
husitská teologie,ph114732
svěcení předmětů,ph668761
recyklace odpadu,ph125049
práce z domova,ph390015
operní libreta,ph123754
Sametová revoluce (1989 : Československo),ph138757
rozvodovost,ph125277
televizní vysílání,ph126525
generálové,ph120479
mafie,ph122536
finančníci,ph120244
japonští spisovatelé,ph121308
elektromagnetické pole,ph119881
hřbitovy,ph121017
interpretace dějin,ph627521
boromejky,ph317175
aristokracie,ph118603
policejní odposlechy,ph497326
přeživší holocaust,ph852432
ztráta blízké osoby,ph868604
teplárenství,ph126592
zdravotnické právo,ph180711
filmoví scenáristé,ph120211
vojenská hudba,ph171231
laskavost,ph968546
judaismus a islám,ph114839
univerzity,ph126937
technologický rozvoj,ph306815
akademici,ph118310
slavistika,ph116178
panovníci,ph117250
dospívající mládež,ph114353
distanční vzdělávání,ph119487
absolventi základních škol,ph446680
kulturně-výchovná činnost,ph224030
Parkinsonova nemoc,ph117988
Karaimové,ph271418
kritika islámu,ph552882
evangelické učení,ph307586
politické myšlení,ph1221416
kurzová politika,ph115041
posvátno,ph124416
rock,ph125174
soukromé knihovny,ph125870
umělecké plakáty,ph165116
masové vraždy,ph122660
osoby s mentálním postižením,ph115263
sluchové vnímání,ph116185
náměstci ministrů,ph750898
buddhismus a politika,ph794676
chov hospodářských zvířat,ph119201
pravoslavná teologie,ph124566
vesnice,ph127041
karmajóga,ph121479
islamistické strany a hnutí,ph949601
moderní sochařství,ph122941
velmoci,ph127017
mecenáši,ph122719
evangeličtí duchovní,ph120049
čtení,ph128190
státní občanství,ph116310
tajné společnosti,ph116393
odvolání z funkce,ph381207
spravedlnost,ph125972
psychoterapie,ph115954
knihtiskaři,ph121673
diskařky,ph448237
Čukčové,ph136627
překlady,ph124902
obalový průmysl,ph325880
německá okupace Litvy (1941-1944),ph828705
italská kresba,ph121233
kundaliníjóga,ph122032
terapie zármutku,ph164229
nelegální převaděčství,ph115431
environmentální bezpečnost,ph895820
výtvarné umění a geometrie,ph1008971
ekonomická integrace,ph119825
ekologické aktivity,ph119802
reklamní texty,ph116036
oftalmopedie,ph123707
evropská mytologie,ph120063
sociální média,ph634112
železničáři,ph339349
sport a společnost,ph471337
zdravotní pojišťovny,ph127578
prusko-rakouská válka (1866),ph124696
vnitrozemská vodní doprava,ph116593
sociálně vyloučené lokality,ph941068
epidemiologové,ph563448
panovnické dynastie,ph123932
latinsky psaná poezie,ph122194
náboženská emigrace,ph270279
panská sídla,ph123934
multimediální umění,ph136779
letecké operace,ph115129
Srpen (1968 : Československo),ph118100
silniční mosty,ph125533
nemocniční budovy,ph867505
obchodní právo,ph115517
absolventi středních škol,ph118241
historismus (umění),ph120740
pěstování okrasných rostlin,ph134962
věčný život,ph116684
život Ježíše Krista,ph138453
bojiště,ph210498
národní hnutí,ph123429
odpočinek,ph203145
vnímání literárního díla,ph274709
vzdělávací programy,ph127309
člověk a společnost,ph116878
filozofie náboženství,ph114544
romské děti,ph125208
adventistické církve,ph293182
bábismus,ph194669
pohlavní zdrženlivost,ph853015
romští hudebníci,ph135211
sociologie venkova,ph125763
koptské křesťanství,ph802339
křesťanská liturgie,ph135474
pojišťovnictví,ph124214
finance podniku,ph172935
vzácné knihovní fondy,ph262214
Židé a muslimové,ph127784
umírání,ph126927
adaptace na změnu klimatu,ph1012493
sudetoněmecká otázka,ph126264
mecenášky,ph698371
ochrana životního prostředí,ph115553
historismus,ph120739
malí bratři Ježíšovi,ph319043
fotografování,ph120331
portrétní fotografie,ph124370
estetika přírody,ph558885
hudební kritici,ph117219
sídliště,ph126390
konstrukce vozidel,ph254886
zázraky,ph116811
diferenciální počet,ph119442
pracovní podmínky,ph486123
energetické úspory,ph202532
hudební analýza,ph120897
dialog kultur,ph478605
zdravotní pojištění,ph116746
neurodegenerativní onemocnění,ph123254
skici,ph171134
techno,ph224479
cirkus,ph748433
mezinárodní migrace,ph122809
anšlus Rakouska (1938),ph120365
sociální pojištění,ph116209
reformace,ph125063
nevysvětlené jevy,ph117239
patristika,ph115696
asanace,ph260629
magické rituály,ph238388
hydrobiologie,ph114735
vizuální vnímání,ph116789
společenské domy,ph138694
územní rozvoj,ph128365
zobrazení (umění),ph702181
čtenářská gramotnost,ph136980
bezmotorové létání,ph118830
národní účetnictví,ph123440
kriminální případy,ph121958
obchod s čajem,ph407311
literární muzea,ph122389
novináři,ph123339
výpočetní technika,ph137273
filmová fotografie,ph120184
totalitarismus,ph116467
kopiáře,ph135288
fotoaparáty,ph120327
děrnoštítkové stroje,ph205399
buddhistická literatura,ph599462
fotografické časopisy,ph1024534
benediktini,ph114135
orientalisté,ph123809
psychoanalýza,ph117255
ekonomická transformace,ph114426
podávání nápojů,ph187937
otroci,ph123872
pohybové umění,ph486116
literární kritika,ph115157
ochrana před domácím násilím,ph543384
časopisy,ph116844
učení judaismu,ph162852
slavnosti,ph125624
kritika vědy,ph687465
energetická politika,ph136852
kvalita života,ph198739
karaimština,ph457470
dějiny tisku,ph731734
ekonomika obrany státu,ph118367
metalurgové,ph254891
mlýny,ph122921
secesní malířství,ph728596
historická malba,ph120718
obročí,ph929029
sportovní organizace,ph125954
management konfliktů,ph205090
sociální demokracie,ph125778
poddanská města,ph124152
Němky,ph964260
sociální filozofie,ph125785
Ukrajinky,ph617502
alkoholičky,ph388323
kázání,ph122077
sahádžajóga,ph214704
média,ph115395
vzácné knihy,ph116657
tlumočnice,ph709131
Skytové,ph138539
porodnictví,ph124365
strach ze smrti,ph139282
Berbeři,ph135892
interpretace a přijetí literárního díla,ph137145
fotovoltaika,ph256072
rakouské malířství,ph125016
skinheads (hnutí),ph125576
kapituly,ph121444
strukturalismus,ph126151
teorie umění,ph126574
fotografické festivaly,ph429627
křesťanští mučedníci,ph115080
filmoví herci,ph114538
zednářská symbolika,ph116749
ochrana kulturního dědictví,ph137196
slepota,ph125630
kavárny,ph121549
barvy,ph118772
socializace,ph137463
kolonizace,ph138674
trapistky,ph843908
psychiatričtí pacienti,ph136843
historická muzea,ph120719
kolaborace,ph121705
hospodářská etika,ph114699
piaristické koleje,ph173212
dechové orchestry,ph119355
dopravní infrastruktura,ph221265
církevní soudní procesy,ph139381
bronz,ph174617
trh práce,ph116483
sexuální zvyky,ph139237
sebepřijímání,ph210489
těžba stříbra,ph137553
mlékárny,ph122919
pečovatelství,ph163896
rusistky,ph689953
mateřství,ph122684
stavby,ph116274
křesťanské komunity,ph115065
průmyslová revoluce,ph124743
školní třídy,ph332181
politologové,ph124263
bohatství,ph118947
dějinnost,ph135520
řeholní představené,ph899596
karanténa,ph1024807
rusifikace,ph449191
misionáři,ph122904
mechanika,ph115247
křesťanští duchovní,ph369885
náboženské akce,ph217755
židovské spisovatelky,ph217886
úspěch v podnikání,ph286292
překlady do češtiny,ph124901
autorská čtení,ph409234
choreografie,ph119191
pokrok (filozofie),ph135773
nindžové,ph249659
bratři,ph232632
právo a společnost,ph423580
židovské komunity,ph127999
udržitelný cestovní ruch,ph865623
sociální hodnoty,ph290557
švédský román,ph232625
řecká mytologie,ph128258
dějiny lékařství,ph484341
učení konfucianismu,ph198696
rybářství,ph116094
kanonické právo,ph114862
milost (náboženství),ph138461
ministerstva obrany,ph369403
komunistická propaganda,ph135344
logoterapie,ph115170
duchovní život,ph114375
učení mormonismu,ph184261
antropologové,ph118531
nacistická perzekuce,ph761285
okupace,ph138971
normalizace (1969-1989 : Československo),ph123319
psychiatři,ph124779
silniční stavby,ph125537
depozitní knihovny,ph222809
nadace,ph123154
katolické církve,ph311258
polské výtvarné umění,ph124298
slovanství,ph285152
evangelická víra,ph120040
srbští spisovatelé,ph125998
církevní obce,ph162853
rizikové těhotenství,ph138611
jezuitské koleje,ph137761
teodicea,ph126540
hudební talent,ph591521
náměstí,ph138941
filozofie společenských věd,ph370249
komunistické strany,ph121771
humanismus,ph120939
selské baroko,ph125475
mezinárodní spolupráce,ph122828
významné ženy,ph184275
energetika,ph114471
osvícenství (literatura),ph123860
sociální systémy,ph125816
ochrana knihovních fondů,ph115550
historické fotografie,ph135159
exilové vysílání,ph669705
ekumenická teologie,ph138649
ikonoklasmus,ph121031
rozvoj knihoven,ph222859
průmyslníci,ph124738
waldorfská pedagogika,ph116719
sebedůvěra,ph118402
spisovatelé,ph125911
scénický tanec,ph125444
evaluace,ph205091
židovská civilizace,ph137971
politická opozice,ph124235
bioložky,ph314921
zaklínadla,ph116737
dřevorytci,ph604016
epidemiologie,ph114481
senioři,ph117267
zdánlivá smrt,ph138723
nacionalismus,ph123148
evangelikálové,ph317183
summity,ph126274
stát,ph126176
environmentální rizika,ph119962
zahrádkářství,ph116733
rodové kroniky,ph125188
případové studie,ph124930
speciální pedagožky,ph880183
zahraniční studenti,ph127524
amerikanisté,ph451673
politické názory a postoje,ph137956
rozvod,ph125274
intertextualita,ph114788
evangelíci a katolíci,ph135235
ministři zemědělství,ph333385
lidská práva,ph122331
nesmrtelnost duše,ph138472
protifašistický odboj,ph115901
socialistický realismus (umění),ph125747
vojenské umělecké soubory,ph281902
dělostřelectvo,ph182926
životní prostředí měst,ph135447
"brněnský pochod smrti (1945 : Brno, Česko)",ph826223
výzkum veřejného mínění,ph116718
náboženská hnutí,ph123372
hebraistika,ph220332
populární zpěvačky,ph803153
národ (kategorie),ph123422
jazyková výuka,ph162894
lovecko-sběračské společnosti,ph166550
sociální antropologie,ph125775
nový cirkus,ph392426
studiové divadlo,ph903906
balneoterapie,ph118740
kulturní centra,ph117898
židovští umělci,ph135719
modlitba,ph122943
vědecko-fantastická literatura,ph116678
šerm,ph127798
politická teologie,ph124240
pracovní úrazy,ph124540
nemoci štítné žlázy,ph136851
dějiny účetnictví,ph868812
skauting,ph116152
exorcismus,ph120103
novověk,ph117243
sociologie politiky,ph124239
pluralismus,ph293845
náboženská tolerance,ph123375
strojírenský průmysl,ph126148
dějiny politických teorií,ph507314
brazilští spisovatelé,ph118985
mexičtí Američané,ph218859
majálesy,ph327656
islám,ph114798
restaurátorský průzkum,ph216798
rostlinná výroba,ph116065
malířské techniky,ph115215
antifašisté,ph1146258
komunitou podporované zemědělství,ph942474
paleolit,ph123908
vysokoškolské studium,ph127279
protestanté,ph182343
regionální rozdíly,ph370261
elektroenergetika,ph119871
opevnění,ph123763
manželky spisovatelů,ph122620
teatroložky,ph565274
dějiny sportu,ph488972
vojenské letectvo,ph116625
umělá inteligence,ph116536
hudební skladatelky,ph125577
volynští Češi,ph832297
čínští básníci,ph221981
šlechtici,ph127824
mezinárodní terorismus,ph138082
veřejný dluh,ph126180
armáda a veřejnost,ph118609
křesťanství a kultura,ph115078
identita,ph121025
železárny,ph127959
ekonomika kultury,ph401826
justiční omyly,ph319057
transcendentální filozofie,ph116474
konfesní právo,ph114966
drogová prevence,ph135659
interpretace Koránu,ph728581
sociolingvistika,ph125749
osobní lodě,ph123844
etnobotanici,ph120014
radikalizace,ph846971
osobní počítače,ph115619
komorní orchestry,ph311277
historické dokumenty,ph114668
pubescenti,ph301331
konzervování památek,ph131775
čeština,ph135292
sociální vědkyně,ph1017165
buddhisté,ph171140
Bulhaři,ph117412
džňánajóga,ph114386
renesanční nástěnná malba,ph338517
misie,ph135485
hospodářská recese,ph120009
křížové cesty,ph239904
konverze staveb,ph221977
obytné domy,ph115537
chasidismus,ph114231
gastronomie,ph120473
hydroterapie,ph139279
členové institucí a organizací,ph123798
objekty (umění),ph123590
komiks,ph114952
askeze,ph138494
zvířata chovaná v zoo,ph135138
Maďaři,ph117838
terapie humorem,ph681289
církevní knihovny,ph119294
nádory prsu,ph202588
válečné dopisy,ph718369
vojenské operace,ph127198
Američané,ph117327
salaše,ph947293
exorcisté,ph363194
režisérky,ph871606
paleontologové,ph123909
speleologie,ph125905
Bělorusové,ph117418
umělecké památky,ph126896
masmédia,ph115233
ekonomové,ph119838
zdravotnická dokumentace,ph311249
policejní vyšetřování,ph158343
operetní zpěváci,ph563326
krajinomalba,ph121926
hudební náměty,ph138890
mezinárodní bezpečnost,ph122799
střelnice,ph417904
koně,ph114977
fotbal,ph114578
lidoví léčitelé,ph122327
lektoři (vzdělávání),ph122233
vychovatelé,ph127262
literatura a umění,ph115156
migrace obyvatelstva,ph115298
rodinné vztahy,ph135535
řezbářské kurzy,ph262567
geometrie,ph114624
secesní umění,ph237433
parapsychologie,ph115672
exilový tisk,ph137000
mukopolysacharidóza,ph675381
rodiče a děti,ph116053
křesťanská etika,ph138484
dějepis,ph117186
tělesná výchova,ph116513
východní křesťanské církve,ph127412
katolické kostely,ph114895
družstva,ph114366
portréty,ph124374
hinduistická etika,ph119009
volby do Evropského parlamentu,ph554819
regionální školy,ph303417
vibrace,ph127091
modlitba chval,ph938972
dějiny institucí a organizací,ph497254
pivovary,ph115732
naturalismus (literatura),ph123172
diaspora (sociologie),ph166069
duchovní síla,ph490147
dějiny pohostinství,ph484348
alternativní a augmentativní komunikace,ph221973
mezinárodní hospodářské vztahy,ph115282
svobodní zednáři,ph138521
loutky,ph122455
evropské umění,ph120079
gotické umění,ph120586
sociální paměť,ph114496
vodní biotopy,ph265695
grafický design,ph116550
sportovní funkcionáři,ph137359
poslušnost,ph168245
politická psychologie,ph249612
německé spisovatelky,ph123521
literatura a politika,ph122370
sirotčince,ph472857
astronomické soutěže,ph990433
české umění,ph128155
environmentální politika,ph119960
extáze (psychologie),ph214699
zdravotní péče,ph127584
olympioničky,ph448238
křesťanské polemiky,ph138482
abstrakce,ph202178
literární život,ph122405
hvězdárny,ph120955
teorie relativity,ph126571
zmrtvýchvstání Ježíše Krista,ph138459
svátosti,ph116352
sportovní létání,ph125951
pedagogové,ph137912
klasická filologie,ph121598
pokora,ph321907
islámská civilizace,ph121212
přímluvná modlitba,ph963786
městské památkové rezervace,ph123105
jezdectvo,ph171123
filozofie medicíny,ph191238
ústavy sociální péče,ph232638
křesťanství a politika,ph417914
kytaristé,ph122071
Alzheimerova choroba,ph117324
mystičky,ph280650
olympijské hry,ph115588
zpravodajské služby,ph127677
měnové zlato,ph127643
zemědělství,ph116770
geodiverzita,ph909692
urbanismus,ph116541
dějiny techniky,ph272099
exekuce,ph120086
polská poezie,ph115806
černošky,ph599750
byrokracie,ph119049
trenéři,ph202160
vizuální komunikace,ph116581
stáří,ph126204
dětská opera,ph276427
bankovní budovy,ph493966
synkretismus (filozofie),ph126366
agrotechnika,ph118306
udržitelný rozvoj,ph126768
teroristé,ph173958
literární práce,ph138747
redakční práce,ph514350
polární badatelé,ph254905
spolkoví kancléři,ph1111624
levicový extremismus,ph115135
pastorační pracovníci,ph616007
biosférické rezervace,ph114178
německy psaná literatura,ph123460
jaderné ponorky,ph121275
autoevaluace školy,ph731021
katastr nemovitostí,ph121515
regionální rozvoj,ph125083
evropské sochařství,ph120078
pergamenové rukopisy,ph115714
srdce (náboženská symbolika),ph138855
evangelické kostely,ph115828
péče a výchova,ph137878
koncentrace znečišťujících látek,ph135389
komunity (sociologie),ph121773
vycházkové hole,ph493957
strojní inženýři,ph198781
první světová válka (1914-1918),ph126327
celní úředníci,ph165211
lidský kapitál,ph122348
rytířské řeholní řády,ph138556
zásobování elektřinou,ph127750
psychotronika,ph115955
romská kultura,ph210488
francouzská filozofie,ph120359
křižovníci s červenou hvězdou,ph172910
sportovní publicisté,ph406514
apoštolové,ph118552
energetický systém člověka,ph137672
vojáci v záloze,ph127217
náboženská literatura,ph115475
rétorika,ph125389
dějiny ochrany přírody,ph493930
historická lingvistika,ph117201
Thrákové,ph118135
mariánské sloupy a pilíře,ph122643
čeští básníci,ph128168
čarodějnictví,ph128083
retribuce (1945-1948 : Československo),ph165759
učení swedenborgiánů,ph255081
české výtvarné umění,ph116865
chovatelky,ph576141
vědecké poznání,ph127373
celoživotní vzdělávání,ph119091
znalecké posudky,ph118850
očistec,ph123894
faleristika,ph127186
internacionalismus,ph388285
mariologie,ph122641
dějiny chemie,ph484337
křesťanská výchova,ph122115
mše,ph115393
bioenergetika,ph118887
karmelitánské kláštery,ph121481
poštovní známky,ph115855
opuštěné děti,ph123775
slovenští spisovatelé,ph125683
muzea,ph115380
interkulturní komunikace,ph121149
kameramani,ph121408
stavebněhistorický průzkum,ph137762
dramatické postavy,ph191060
děti panovníků,ph119708
apartheid,ph114066
self,ph653602
správa majetku,ph335406
teosofie,ph116434
židovská kultura,ph180929
lidoví zpěváci,ph229530
interkonfesijní vztahy,ph164202
církve,ph119307
spiritualita,ph116237
muzikál,ph123057
televizní hudba,ph538791
šedá ekonomika,ph158339
umělecké spolky,ph225451
latinské rukopisy,ph115101
myslivost,ph115386
bojová umění,ph114185
psychologické poradenství,ph124805
globální změny,ph120571
prezidentská kancelář,ph124602
Benešovy dekrety,ph117391
literární žánry,ph122406
angelologie,ph114047
zmrtvýchvstání,ph127651
osídlování pohraničí,ph285154
dějiny zemědělství,ph488801
meteorologická pozorování,ph122777
filmové herečky,ph120196
žáci,ph128055
vojenské dějiny,ph269104
malířské cechy,ph122598
gastronomické festivaly,ph1106421
dragouni,ph237459
"dům čp. 120 (Bayerova ulice, Rožnov pod Radhoštěm, Česko)",ph1065848
egyptologie,ph119779
sociální pomoc,ph125801
německé drama,ph123506
profesní uplatnění,ph134653
chůze,ph119237
kult osobnosti,ph122006
mlčení,ph316308
pedagogická antropologie,ph124010
malířství,ph122599
"masakr v Paneriai (1941-1944 : Paneriai, Litva)",ph548932
australští spisovatelé,ph117178
kartografové,ph121491
vysoké umělecké školy,ph127287
vznik Československa (1918),ph225469
filozofie a náboženství,ph114541
šlechtičny,ph127828
oděvní průmysl,ph123704
učitelky základních škol,ph276827
jezdectví,ph114832
posvátné knihy,ph115830
singles,ph125547
studentská odborná činnost,ph745711
surrealismus (literatura),ph126285
biskupský úřad,ph118930
výkladové slovníky,ph117287
sociologie hudby,ph135552
sociálněpedagogický výzkum,ph659002
obuvnický průmysl,ph123618
manažerská etika,ph115761
člověk,ph116876
sociální sítě,ph125817
dechová hudba,ph119353
filozofie přírodních věd,ph560337
dřevoryty,ph119746
umělci,ph116527
synkretismus (náboženství),ph138309
historické vědomí,ph573524
hláskosloví,ph127457
dějiny tělovýchovy,ph488976
hebraika,ph220331
nákladní vodní doprava,ph115495
baptisteria,ph1121302
dějiny architektury,ph433023
vulkanologie,ph116638
evangelíci,ph114505
národní divadla,ph231088
střelecké spolky,ph189280
cizinci,ph119254
umění,ph116538
liturgická hudba,ph135193
dějiny peněz,ph553873
šerm kordem,ph196759
náboženství a příroda,ph305413
literární salony,ph122395
sedláci,ph125464
židovská filozofie,ph127987
jazyková situace,ph137615
rozhlasové pořady,ph125251
církevní školy,ph119305
literární historie,ph122385
terapeutické postupy,ph123493
vnitřní konverze,ph127150
fotografické ateliéry,ph138945
christologie,ph115015
introspekce,ph917172
hungaristika,ph135516
hudební místopis,ph196682
planetární astronomie,ph115738
erotická literatura,ph119987
hudební skupiny,ph120924
arteterapie,ph118622
etnografické sbírky,ph120016
bakteriální infekce,ph134722
rodné domy,ph255084
duchovní centra,ph527117
modeling,ph122930
umělecké festivaly a přehlídky,ph135220
měšťanská kultura,ph123115
analytická psychologie,ph114038
fakultní nemocnice,ph270286
dějiny dopravy,ph488962
židovské děti,ph127997
povodně,ph115846
sebepojetí,ph125450
environmentální výchova a vzdělávání,ph119964
literární překlady,ph122392
Irové,ph117643
revoluce,ph125158
višnuismus,ph116584
pomoc v hmotné nouzi,ph554838
malba tuší,ph122578
papyrové rukopisy,ph123947
křesťanky,ph122086
umělecké předměty ze stříbra,ph126902
vampyrismus,ph116556
masmédia a společnost,ph551078
asistovaná sebevražda,ph191231
zákonodárství,ph116797
antivirotika,ph118519
politické projevy,ph270280
sociální dějiny,ph125782
zdravotnictví,ph127574
vojenští parašutisté,ph123969
dandyové,ph119321
duchovní služba v armádě,ph210500
moudrost,ph123005
svět (filozofie),ph135774
církevní právo,ph114288
židovský majetek,ph136530
duchovní učitelé,ph119637
obecní úřady,ph123582
kvazináboženství,ph931251
odbory,ph123684
patologické závislosti,ph123998
grál,ph120620
textová transmise,ph249599
literárněvědné rozbory,ph138745
archivní budovy,ph118589
bohemika,ph114182
vojevůdci,ph127216
mikrobiologie,ph115303
kulty,ph115037
náboženská obroda,ph116942
lidové léčitelství,ph115998
mytologie,ph115389
loutkové divadlo,ph122454
homeopatie,ph120788
basketbalové soutěže,ph291731
svědomí,ph126318
útěky z vězení,ph203875
dopisy,ph119563
léčitelky,ph159628
hudební výchova,ph120934
keramické výrobky,ph114904
hrady,ph120854
lovecký roh,ph265649
životní krize,ph278595
prostor (architektura),ph138573
disidenti,ph119477
tabák (výrobek),ph126410
bdělost,ph216737
české rukopisy,ph128150
onomastika,ph213330
překlady do čínštiny,ph456957
teorie náboženství,ph490146
beghardi,ph162899
římské právo,ph128319
katechetika,ph121518
latinská středověká poezie,ph122201
archeologické nálezy,ph137683
dějiny porodnictví,ph534676
manželky vědců,ph263228
biomonitoring,ph180746
Chodové,ph117455
předmětová didaktika,ph162893
dějiny divadla,ph483972
turistické zajímavosti,ph126800
internet,ph117022
bytové vybavení,ph119055
zvyky a obyčeje,ph137519
argentinská jídla,ph1021526
Slované,ph118086
premonstrátské kláštery,ph124588
četníci,ph116199
sociální demokraté,ph125779
mužské řeholní řády,ph311263
tibetské umění,ph171135
vědecké myšlení,ph127371
hudební nakladatelé a vydavatelé,ph268217
voršilky,ph127238
starozákonní apokryfy,ph211788
drogová závislost,ph117184
exlibris,ph120100
jezdecká výstroj,ph121346
ruská filozofie,ph125322
tropické lesnictví,ph126759
veřejné výdaje,ph134667
zahradníci,ph254461
Colt (zbraně),ph117465
dvorské umění,ph119656
narozeniny,ph166549
zábavní průmysl,ph127712
třicetiletá válka (1618-1648),ph126846
islámský fundamentalismus,ph114805
celní politika,ph134671
adventisté,ph118266
intuitivismus,ph164211
operní umělci,ph123758
"náměty, témata a motivy",ph138485
sociální opora,ph114423
knižní kultura,ph114932
velkostatky,ph127013
praktická filozofie,ph124545
Aztékové,ph117375
budovy vědeckých a odborných institucí,ph207645
zločinci,ph221991
stigmata,ph138507
ekonomická sociologie,ph119829
písmo,ph115978
hudební publicistika,ph386450
Afroameričané,ph117317
vývojové poruchy,ph218886
středověké lékařství,ph198724
váleční veteráni,ph127215
kolektivní nevědomí,ph171142
sekretářky,ph191870
svoboda vyznání,ph116346
experimentální školy,ph114519
fotbaloví trenéři,ph120316
rodinná výchova,ph125184
terapeutické komunity,ph121774
právnické fakulty,ph124709
vipašjaná,ph122732
církevní architektura,ph114282
vkládání rukou,ph276823
ženské akty,ph127962
indická literatura,ph121061
moderní umění,ph115340
universalismus (náboženství),ph116539
těžba uranu,ph139193
astroláby,ph137440
tibetské rukopisy,ph126644
folkloristé,ph120274
křesťanské církve,ph122117
speleoarcheologie,ph125904
náboženská symbolika,ph123374
pracovní spory,ph124536
expresionismus (umění),ph120117
evropští spisovatelé,ph120083
státní úředníci,ph138774
apokryfní evangelia,ph405080
cestovní ruch,ph119113
inovace ve vzdělávání,ph242427
literární pozůstalost,ph119300
Bůh (filozofie),ph854344
česká kresba,ph116857
aféry,ph118294
posudkoví lékaři,ph659416
krajina,ph115006
ozbrojené konflikty,ph116642
japonská grafika,ph136958
chirurgové,ph119175
restaurátorky,ph897608
dějiny teologie,ph481760
válka na Ukrajině (2022-),ph1150394
evoluční ontologie,ph249620
politická transformace,ph124242
učitelé základních škol,ph191872
vánoční trhy,ph127343
zvony,ph127698
vojenské zpravodajství,ph493980
mezináboženské vztahy,ph122798
pohřby,ph124209
existencialismus,ph117190
latinská starověká poezie,ph122199
křesťanské modlitby,ph115068
vojenští duchovní,ph127211
xenofobie,ph127504
deportace Židů,ph198683
eurasijství,ph260648
česká próza,ph116861
středověká literatura,ph126230
východní křesťanství,ph127413
papežské dokumenty,ph123940
restaurování památek,ph135827
mléčné výrobky,ph122920
federalizace Československa (1969-1992),ph750883
střelectví,ph317242
Ukrajinci,ph118163
světová politika,ph126325
právničky,ph351309
náklady,ph115498
akvaristika,ph114022
křesťanské mystičky,ph280651
Bůh (teologie),ph117421
vdovství,ph265644
zdravotnická statistika,ph136558
západní fronta (1939-1945),ph826219
městská muzea,ph123099
anglikáni,ph249587
katoličtí kněží,ph114899
národní identita,ph117245
ženy a válka,ph231091
horolezectví,ph114696
financování zdravotní péče,ph614811
Vánoce,ph117162
majetkové konfiskace,ph136533
globální problémy,ph114633
štukatérství,ph580696
ideologie,ph121026
škola,ph127804
výroba hraček,ph270799
události,ph126858
výzkumné expedice,ph135545
plachetnice,ph115734
ukřižování Ježíše Krista,ph138458
makedonští spisovatelé,ph122569
policejní pátrání,ph151835
indiánské pověsti,ph314797
přírodovědné vzdělávání,ph344088
pivní uzávěry,ph939362
ruští básníci,ph125354
meditační techniky,ph135741
německy psaný román,ph123473
nauka o barvách,ph138201
učení islámu,ph164204
rasová politika,ph202920
lidové misie,ph1150271
muzikologie,ph115381
náboženská filozofie,ph115474
věda,ph116676
letečtí mechanici,ph455199
buddhové,ph661188
práva žen,ph136918
regionální autorky,ph871624
knihaři,ph114921
Židé,ph127782
humanismus (literatura),ph120940
výtvarné návrhy,ph188878
interpretace a přijetí hudebního díla,ph957061
veřejné mínění,ph116571
německé výtvarné umění,ph123525
hradiště,ph206867
biotechnologie,ph118925
náboženští zakladatelé,ph123391
umění a politika,ph126925
potravinové banky,ph1105800
zákony,ph127728
sorabisté,ph213338
informační a komunikační technologie ve vzdělávání,ph882661
ženská emancipace,ph127961
tantra,ph139075
pragmatika,ph124543
sex,ph125495
katoličtí spisovatelé,ph973269
automobiloví závodníci,ph118704
mormoni,ph115351
kosmický výzkum,ph114988
denacifikace,ph119379
váleční dobrovolníci,ph165109
kryptologie,ph121976
rodičovství,ph138908
hněv,ph232950
karmelitky,ph121480
čínská filozofie,ph128202
křesťanské blahoslavené,ph205766
živnostníci,ph128021
jazzové hudebnice,ph121332
podpora podnikání,ph115412
volební podvody,ph262190
obléhání,ph123598
adventismus,ph194674
soukromé sbírky,ph135214
"Mariánský sloup (Hradčanské náměstí, Praha, Česko)",ph960602
filmové žánry,ph120206
italské malířství,ph121242
filozofie vědy,ph114547
kulturní integrace,ph276832
pluhy,ph115750
mimozemské civilizace,ph122882
zen-buddhisté,ph127634
repatriace,ph125141
katolická hnutí,ph121528
správa daní,ph116260
knihařství,ph114922
iracionalismus,ph121187
městské obvody,ph381217
Rusíni,ph118056
jógíni,ph121380
zahraniční politika,ph127522
exempla,ph527855
vzdělávací kurzy,ph262225
strojírenství,ph126149
učení jehovismu,ph218856
poplatky,ph124339
silniční dopravní nehody,ph125532
kóma,ph137957
literatura a společnost,ph122371
výstavy fotografií,ph135855
sexuální kultura,ph115143
židovští hudebníci,ph135232
latina,ph122187
vědecké teorie,ph135536
sociálněpsychologický výzkum,ph125772
kolektivní vědomí,ph893869
dokumentární film,ph135150
psychoanalytičky,ph124790
zoologické zahrady,ph127667
smysl života,ph125718
životní podmínky,ph548966
obličej,ph117247
nový sňatek,ph703931
vyprávění,ph117276
osoby se zdravotním postižením,ph127575
indiánská mytologie,ph121074
mnišský život,ph115336
anglicky píšící spisovatelky,ph173214
gnóze,ph120577
křesťanská spiritualita,ph138493
diskuse,ph136651
astronomky,ph229479
agentky,ph202206
remitence,ph769252
řeholní spiritualita,ph232634
zaniklé památky,ph127540
lidové tradice,ph122320
spotřeba léčiv,ph325850
italské spisovatelky,ph121246
moc,ph122929
společenské třídy,ph116242
subjekt (filozofie),ph135780
filmová publicistika,ph249628
Češi a Slováci,ph136917
odborové hnutí,ph115560
právní odpovědnost,ph137272
bulvární tisk,ph119035
"dům čp. 51 (Riegrova ulice, České Budějovice, Česko)",ph1002016
islámská architektura,ph121211
starověké civilizace,ph126030
skláři,ph139217
Bůh a člověk,ph116953
kosmonauti,ph114990
sčítání obyvatelstva,ph126386
marxismus,ph122650
zemědělské strojírenství,ph388492
čestné občanství,ph128164
právo,ph115914
kominictví,ph121749
partyzánky,ph1119033
kultura,ph122009
financování institucí a organizací,ph166417
architektonické ateliéry,ph820583
utopismus,ph165206
odpad,ph115564
mořeplavci,ph123017
duchovní energie,ph660928
architektura a společnost,ph166048
indická náboženství,ph114761
charitativní činnost,ph135878
výklad snů,ph307575
liturgická symbolika,ph138534
divadelní dramaturgové,ph182945
nábytek,ph115489
katolická dogmatika,ph114890
lesbické ženy,ph138707
komunisté,ph121772
humor,ph117205
kulturní instituce a organizace,ph115032
vládnutí,ph683974
periodizace dějin,ph319014
misiologie,ph122903
dětské kočárky,ph381248
ekologické stavby,ph742757
vědecká práce,ph127363
herbáře,ph120681
psychologie a filozofie,ph958793
sebezdokonalování,ph116118
policisté,ph124229
zlo,ph127644
salesiánská spiritualita,ph337773
divadelní kritici,ph117209
rostlinolékařská péče,ph271410
arabské revoluce (2011-),ph678173
zaniklé obce,ph127539
hříchy,ph138460
Evropané,ph117544
stalinismus,ph126016
kresba,ph121940
divoká zvířata,ph211254
hospicová péče,ph120814
ruská poezie,ph125331
radon,ph124996
drobná grafika,ph257876
misijní činnost,ph122902
zvonice,ph135230
městské parky,ph123107
lesnická politika,ph122245
etnografický výzkum,ph120017
zázračné obrazy,ph265653
střelci,ph311303
bhakti hinduismus,ph114141
věda a společnost,ph196656
karma,ph121478
oftalmopedové,ph137879
cestopisy,ph119108
hudebně-pohybová výchova,ph120895
ikonografie,ph121030
židovská teologie,ph127996
kapucínské kláštery,ph409243
chirurgie,ph114240
alžbětinky,ph325877
Bůh (judaismus),ph854345
umělecké poklady,ph126897
vnitřní bezpečnost,ph116711
bytová politika,ph119053
týmová práce,ph136568
adolescenti,ph195464
charakter,ph200852
sociální role,ph125810
němečtí spisovatelé,ph123532
premonstráti,ph124587
hermeneutika,ph120687
trampové,ph861465
sunna,ph126275
sborový zpěv,ph125433
cyklisté,ph164188
helénismus,ph120665
vizionáři,ph127119
historické pohlednice,ph135160
vojenská politika,ph124245
euroregiony,ph120034
kronikáři,ph121968
zvládání stresu,ph135858
překlady do slovenštiny,ph124898
námořníci,ph123418
dějiny civilizace,ph137927
sunnismus,ph328392
iniciační rituály,ph194654
porcelán,ph124361
rezidence,ph161935
levice,ph122281
týrané děti,ph116519
jižní Slované,ph121366
alternativní kultura,ph118632
"bitva u Hradce Králové (1866 : Hradec Králové, Česko)",ph117614
šachové partie,ph127792
občanská etika,ph123627
MiG-23 (stíhací letadla),ph117852
zvláštní školy,ph127696
sportovní rybáři,ph496663
církevní život,ph119306
národní knihovny,ph123433
houslisté,ph120841
zadluženost,ph347592
mineralogové,ph122887
stíhání válečných zločinů,ph137983
andělé strážní,ph117036
překladatelská činnost,ph171147
kolektivní vyjednávání,ph121713
malířky,ph122597
anglická próza,ph114053
prognostika,ph124631
územní správa,ph128367
jaderná fyzika,ph114811
divadelní herečky,ph119498
stranické systémy,ph309609
jezuitské rezidence,ph384528
sjezdové lyžování,ph125552
impresionismus (umění),ph121040
etnické konflikty,ph120011
právo a literatura,ph381218
koučky,ph909383
mírové hnutí,ph123128
fyzika,ph114601
romantismus,ph125200
informátoři policie,ph319516
rodina a škola,ph125181
legionáři,ph122227
dějiny německé literatury,ph499819
mlynářství,ph122916
jazz,ph121330
rallye,ph138265
biblické ilustrace,ph118856
znečištění životního prostředí,ph135331
chudé děti,ph119232
silniční vozidla,ph116145
farmaceuti,ph120136
přírodní vědy,ph115999
počítačové hry,ph124512
exilová literatura,ph120089
sopečné erupce,ph138737
balkánské války (1912-1913),ph118739
Kečuové,ph117671
vojenští velitelé,ph127214
ruský román,ph125344
krizový management,ph121964
kvantová fyzika,ph122052
nemoc,ph123211
basketbalové kluby,ph291734
zajatecké tábory,ph136593
dějiny islámu,ph508974
vydavatelská činnost,ph120092
články,ph128186
numismatika,ph115473
kinetické umění,ph121584
lidové písně,ph122317
společenský život,ph125930
hinduisté,ph120699
domovy pro seniory,ph119547
fotografky,ph120330
kostely,ph114992
koláže,ph121736
ruční palné zbraně,ph116089
stereotypy,ph126102
reiki,ph116032
sociální antropologové,ph879222
běh na lyžích,ph119071
medailérství,ph122730
tiskaři,ph126652
pozitivní myšlení,ph124475
posmrtný život,ph115824
dějiny astronomie,ph484315
regulace porodnosti,ph125087
zámecké knihovny,ph127732
ženské spolky,ph307611
zpěv,ph127679
misionářky,ph164942
války,ph144863
náboženské války,ph123385
evangelická eklesiologie,ph120038
řeholní povolání,ph128283
politická komunikace,ph136837
válečná propaganda,ph137014
baroko,ph118766
populární hudba,ph124352
prostor (umění),ph115525
památníky,ph115661
posttraumatická stresová porucha,ph124414
ortopedové,ph482790
hospodářská soutěž,ph120822
kulturní tradice,ph138956
měšťanstvo,ph115403
vesmírná harmonie,ph328390
mikroregiony,ph135335
preventivní systém Dona Bosca,ph419640
hospodyně,ph864873
kryptologové,ph344084
příroda,ph115994
modlitebny,ph333354
únik mozků,ph128341
taoisté,ph412796
konec světa,ph135522
sociální konflikty,ph125792
penitenciáři,ph115708
tanečníci,ph126442
sídliště (archeologie),ph137685
sekularizace,ph125471
hospodářské komory,ph118308
kláštery alžbětinek,ph1119034
abstraktní malířství,ph118245
slovenská literatura,ph125661
šachové turnaje,ph127793
televizní moderátoři,ph126512
sport,ph116248
klientelismus,ph810329
jahody,ph163045
tamilské rukopisy,ph436050
ozdravné pobyty,ph412850
vojenská intervence,ph206872
interiéry,ph121148
zahradní architektura,ph116723
činohry,ph128179
divadelní inscenace,ph114330
vojenská výzbroj,ph170459
stíhací letadla,ph116314
političtí poradci,ph202164
zdravotní sestry,ph137872
kinematografie,ph114909
tělesná kultura,ph126833
Boží království,ph319041
praktičtí lékaři,ph254490
výběrová řízení,ph173228
súfismus,ph126404
etnografická muzea,ph114492
pastorace,ph123988
křesťanští blahoslavení,ph122141
řeč,ph117285
zdravotní prevence,ph127581
domorodé ženy,ph946051
historické ústavy,ph168225
fenomenologie,ph114531
děti osobností,ph138927
výhrada svědomí,ph545383
arcivévodové,ph118594
pandemie,ph330262
masmédia a kultura,ph915016
obecní volby,ph123580
hornictví,ph114693
lidové zvyky,ph137518
porodníci,ph234826
poutní cesty,ph624358
rodinné podniky,ph116051
státní území,ph206875
učení adventismu,ph139370
děti a válka,ph194679
autorství Bible,ph162000
dětská prostituce,ph118381
veřejné knihovny,ph116570
sociální procesy,ph348290
literární adaptace,ph117223
performance (umění),ph124034
děti umělců,ph228416
znečištění ovzduší,ph127659
kvalitativní výzkum,ph115045
těžba opálů,ph685407
poporodní péče,ph761301
vlastenectví,ph127129
podvratná činnost,ph194680
emigranti,ph296988
galerie,ph120462
křesťanské sekty,ph166346
filmové animátorky,ph903427
domácnosti,ph119552
hudba a výtvarné umění,ph138875
sociální pedagogové,ph692063
polygrafie,ph124308
veřejné zdravotnictví,ph127086
sekty,ph116121
elektroodpad,ph280240
duchovní vedení,ph119638
kulturní identita,ph122024
svatost,ph126297
tma,ph1059151
tomismus,ph126680
axiologie,ph118715
Východ a Západ,ph136833
výtvarnice,ph165787
psychologické profilování,ph590755
řízení motorových vozidel,ph135553
obrazové cykly,ph720365
zlatnictví,ph127641
útěcha,ph128362
genocida,ph120494
církevní dokumenty,ph945187
telekomunikace,ph116420
literatura a psychologie,ph659454
onkologové,ph321890
informační společnost,ph114772
umělecká tvorba,ph126884
obchodní stezky,ph174594
učebnice,ph126974
technická zařízení budov,ph126470
fyzioterapeuti,ph871608
mariánský kult,ph122644
monitorování životního prostředí,ph122969
vzdělávací standardy,ph273333
psychoanalytici,ph124789
channeling,ph119124
dějiny křesťanství,ph492508
autografy,ph118689
homosexualita,ph120792
umělecké skupiny,ph126906
kulturní dějiny,ph122020
francouzské spisovatelky,ph120375
duchové,ph119640
sorabistika,ph116219
nenásilí,ph137459
křesťanské mučednice,ph395704
výzkumné projekty,ph127480
barokní literatura,ph118768
časopisy politických stran a hnutí,ph370241
poliomyelitida,ph137083
pomáhající chování,ph124334
americký román,ph118394
dokumentaristky,ph884917
biologové,ph138903
filozofie kultury,ph120226
národní zájem,ph561389
zlato,ph116778
smíšené sbory,ph291750
Gelugpa,ph974438
americká literatura,ph117170
katoličtí nakladatelé a vydavatelé,ph121542
řídící práce,ph128306
fantastická literatura,ph114522
učení sikhismu,ph297078
ruská jídla,ph125324
filozofické fakulty,ph349181
železniční tratě,ph127925
neúplná rodina,ph123292
evropská kresba,ph120061
kočovníci,ph121920
regionální muzea,ph125080
akční umění,ph118335
slovenské spisovatelky,ph125678
poutníci,ph206892
sebevědomí,ph125455
nemocnice,ph123221
zařízení a vybavení knihoven,ph158341
humoristická literatura,ph120946
překlady do chorvatštiny,ph170443
ženská spiritualita,ph320479
děti s vadami řeči,ph119712
bronzové sochy,ph171131
učivo základních škol,ph136701
dominia,ph292493
Valaši,ph450987
umění a náboženství,ph158326
logika,ph122436
arcibiskupský úřad,ph889062
veduty,ph127003
životospráva,ph128035
vnímání času,ph120234
běžci,ph384523
markrabata,ph187626
firmy,ph120256
kulturní antropologie,ph122018
evangeličtí teologové,ph120051
Pražské jaro (1968 : Československo),ph118013
feudalismus,ph120170
architektonické projekty,ph137760
demolice staveb,ph135868
náboženští konvertité,ph123389
babyboxy,ph508979
vojenské velení,ph127203
geopolitika,ph120543
Češi a Rakušané,ph258272
polovojenské organizace,ph270775
stíhací jednotky,ph116313
stárnutí obyvatelstva,ph137522
esoterismus,ph114484
protikorozní ochrana,ph172888
rekonstrukce staveb,ph223709
olympionici,ph352447
místní jména,ph115407
judaistky,ph905714
truchlení,ph868602
filologie,ph120216
trampské písně,ph224481
soudní lékařství,ph125854
středověká architektura,ph126227
duchovní hudba,ph114372
bibliofilie,ph118861
otcovství,ph123863
luterské učení,ph203891
nemoci centrálního nervového systému,ph191234
hudebně-pohybové hry,ph120896
dominikánské kláštery,ph224040
hudba pro citeru,ph120875
taoistická literatura,ph880779
hlavní města,ph114673
učení višnuismu,ph172932
beatifikace,ph114132
protidrogová politika,ph124672
řečníci,ph128298
karavany (automobily),ph220690
novinářky,ph123340
sociologie náboženství,ph135564
latinská filologie,ph122196
profesní úspěch,ph124628
křesťanské legendy,ph139246
milenky spisovatelů,ph168242
léky,ph115196
ruská občanská válka (1918-1921),ph238386
bosí augustiniáni,ph895509
dějiny sociální práce,ph719523
náboženské náměty,ph518310
rozpad východního bloku (1989-1991),ph832287
těžba zlata,ph135566
odborné vzdělávání,ph115558
nekrologia,ph568422
archeologové,ph118581
antropogeneze,ph118527
znečištění pitné vody,ph122663
mezinárodní kongresy,ph122806
protestantská teologie,ph124664
učící se organizace,ph164216
domov,ph114342
kolaboranti,ph121706
náboženský život,ph123387
námořní operace,ph123416
smutek,ph125716
bitva v Ardenách (1944-1945 : Ardeny),ph117339
zlí duchové,ph127647
bazény,ph118787
ptáci,ph115956
vězeňští duchovní,ph898897
pneumatologie,ph124144
komunikační technologie,ph121769
chryzantéma,ph508890
osobnost v dějinách,ph123834
architektonická dekorace,ph135145
náboženství,ph115485
baptisté,ph218049
učitel a žák,ph126980
křesťanské misie,ph115067
německé malířství,ph123512
okultismus,ph115583
arcibiskupové,ph118592
neoliberalismus,ph120784
dlouhodobě nemocní,ph119518
maligní nádorová onemocnění,ph170635
odsun Němců,ph809856
trh bydlení,ph269101
rytíři,ph125377
pasíři,ph567284
Apačové,ph338518
městské obytné domy,ph135722
pečovatelská služba,ph162909
psychoterapeutky,ph124825
ozbrojené síly,ph123886
rozdělení Československa (1992),ph120842
porodnost,ph124366
třetí řeholní řády,ph138552
stranické sjezdy,ph136791
písaři,ph124865
filmoví režiséři,ph120210
politické reformy,ph124234
malíři,ph122596
politická hnutí,ph124233
irské rukopisy,ph121197
zpovědníci,ph921166
církevní historiografie,ph187614
myšlení,ph115391
zoroastrismus,ph127671
munisté,ph135729
gender,ph175751
české písně,ph128148
čínská náboženství,ph208677
klauzurní práce,ph135600
templáři,ph126532
archivářky,ph182337
elektronická komunikace,ph222819
korejská literatura,ph121853
sbormistři,ph135213
souboje,ph138926
četnictvo,ph128166
dějiny komiksu,ph1105603
osoby s tělesným postižením,ph126837
atletika,ph114091
sanskrtská literatura,ph311291
vražedkyně,ph208669
partyzáni,ph559247
Čamakokové,ph728170
sociální komunikace,ph116206
industriální společnost,ph117208
filmové westerny,ph503056
Indiáni Jižní Ameriky,ph121354
vyrovnání se s minulostí,ph210129
psychiatrické léčebny,ph250753
migrační krize (2015-),ph903832
oborová terminologie,ph138998
horolezecké expedice,ph120804
nirvána,ph330287
koncentrační tábory,ph121782
kybernetická špionáž,ph848810
islámská apologetika,ph591282
majetkové trestné činy,ph135529
zásnuby,ph634314
panelová sídliště,ph200834
křesťanská společenství mládeže,ph162850
restaurátorství,ph116044
kritika křesťanství,ph280654
sexuální deviace,ph125504
kraje,ph121922
antropozofie,ph118535
pop rock,ph627051
správní úředníci,ph125983
časopisecké ilustrace,ph116843
tradicionalismus,ph126702
ornamentální iniciály,ph139062
utrakvismus,ph171141
literatura faktu,ph122372
scenáristky,ph870673
středověk,ph126223
změna postoje,ph615993
katoličtí duchovní,ph369894
vojenské námořnictvo,ph127196
výchova a vzdělávání,ph127419
naděje dožití,ph119533
lahvárenství,ph138662
krajanské spolky a organizace,ph115005
archivy,ph114080
betlémové figurky,ph388329
psychologie živočichů,ph135003
duchovní poznání,ph119632
hudební divadlo,ph120899
zednářské lóže,ph321913
překlady do hebrejštiny,ph257202
muzejní pedagogika,ph467675
duševní poruchy,ph119647
interpretace práva,ph207466
pokání,ph124224
humanisté,ph120942
soudní spory,ph731581
chudí,ph119233
školní úspěšnost,ph307576
lexikologie,ph122286
dětské čtenářství,ph222811
poetika,ph117252
architektura,ph118586
insolvenční řízení,ph370262
korpusová lingvistika,ph381202
terciáři,ph180963
dřevořezy,ph135151
obchod,ph115513
poruchy řeči,ph124391
racionální výživa,ph124968
biblické události,ph138437
sexualita,ph116134
františkánství,ph120386
duchovní služba,ph216551
psychoanalýza a literatura,ph263237
dějiny francouzské literatury,ph484355
katoličky,ph319037
postmodernismus (literatura),ph124406
audiotechnika,ph118666
populismus,ph124350
blaženost,ph137351
pohoří,ph124196
koptské církve,ph802356
úpravnictví,ph128348
seder,ph125461
nemocní,ph123222
démoni,ph119688
hudební festivaly,ph114723
darwinismus,ph119327
křesťanské světice,ph122127
stavební technologie,ph126085
alternativní divadlo,ph118360
imigrantky,ph767480
vědecká činnost,ph138035
činnost knihoven,ph168257
kosmologie,ph114989
britské výtvarné umění,ph114198
latinská středověká próza,ph215916
úplná rodina,ph1154540
otroctví,ph123873
chronologie,ph114248
germanistika,ph120553
dějiny umění,ph119698
důstojníci,ph137790
etická výchova,ph120004
zdraví a hygiena,ph135120
biblistika,ph118873
křesťanství a ekologie,ph297018
feministická filozofie,ph395720
tvorba krajiny,ph126808
doprava,ph114347
barokní umění,ph118765
kontrola znečištění,ph135390
děti se sluchovým postižením,ph116186
speciální jednotky (vojenství),ph125893
hodnotová orientace,ph117202
malé sestry Ježíšovy,ph293181
pravoslavní kněží,ph217760
teologie a věda,ph934330
finanční spekulace,ph114554
lázeňství,ph115189
infografika,ph761282
autonomistické hnutí,ph137546
křesťanská víra,ph122113
kulturní vlivy,ph166541
maloobchod,ph122580
folklorní festivaly,ph120276
grafické techniky,ph135158
psychoanalýza a náboženství,ph360285
antické památky,ph486122
evropanství,ph117543
Boží milosrdenství,ph285146
příprava staveb,ph203155
profesní příprava,ph134694
politická satira,ph136592
biskupové,ph118929
státní služba,ph126191
kryoterapie,ph121974
technické památky,ph126474
multikulturní ošetřovatelství,ph323399
textová analýza,ph126628
jezuitská spiritualita,ph335399
čínské rukopisy,ph114049
svoboda,ph116345
kosmetický průmysl,ph781957
politická krize,ph137745
do it yourself (kultura),ph698870
dějiny lázeňství,ph493943
amatérské divadlo,ph118371
ženy v literatuře,ph127972
včelaři,ph289367
učitelská profese,ph126981
veřejné školy,ph127087
vojáci,ph127219
ochrana archivních fondů,ph123655
antropozofové,ph836155
konzumace alkoholu,ph191230
vědecko-technický rozvoj,ph127359
rozhlasová tvorba,ph125248
právní dokumenty,ph124711
klarisky,ph138560
svatá válka (islám),ph114383
anarchisté,ph136792
spiritisté,ph228429
mírový proces,ph123130
klimatologie,ph114914
pravěké civilizace,ph124578
frekvence (lingvistika),ph392429
prvotisky,ph115906
knižní obchod,ph114934
literatura a kultura,ph798114
beatnici,ph118790
politické teorie,ph115791
zdraví a nemoc,ph158519
cirkusy,ph119242
židovská liturgie,ph127991
veřejné budovy,ph137183
sokolové,ph559249
zahradní rostliny,ph116725
Češi,ph128067
dějiny kartografie,ph484332
epidemie,ph137768
bezpečnostní politika,ph118836
poradkyně,ph874960
teosofové,ph590908
satira,ph125426
nevidomí,ph123276
homosexuálové,ph120793
katyňský masakr (1940),ph121545
přátelství,ph124922
archeologické výzkumy,ph118577
dějiny Židů,ph489410
epifanie,ph119974
manželky panovníků,ph122617
indiánská filozofie,ph173223
psychofarmakologie,ph124797
divadelní herci,ph119497
muži a ženy,ph123061
peklo,ph124022
informační technologie,ph121106
služby v církvi,ph119301
masopust,ph122658
islamismus,ph811005
evangelikální hnutí,ph114504
církevní školství,ph114291
mezinárodní právo,ph122815
tanky,ph116396
staré tisky,ph116268
lesní podniky,ph115115
islámští mystici,ph166073
válečné zpravodajky,ph690114
manželky sportovců,ph1172168
plavecké bazény,ph137849
materialismus,ph122677
dějiny měst,ph927609
pohyb (filozofie),ph135770
zámecká divadla,ph281873
neurofyziologie,ph123257
"dům čp. 49 (Riegrova ulice, České Budějovice, Česko)",ph961672
konstrukce letadel,ph135591
etnografové,ph120018
kapitalismus,ph121442
baháismus,ph195476
reklamní tiskoviny,ph116037
renesance,ph125119
sokolské slety,ph125830
koptské rukopisy,ph172929
digitalizace informačních zdrojů,ph565425
letecké nehody,ph162492
muzeologové,ph391068
zvuk,ph127699
filmová studia,ph120188
pseudokrasové jeskyně,ph115939
ulice,ph126872
ilustrátorky,ph228417
duchovní cesta,ph119626
významné domy,ph242442
caritas,ph737883
zastupitelské úřady,ph127543
šlechtická sídla,ph127825
potrat,ph136813
viklefismus,ph139147
perníky,ph115718
odpovědnost,ph123697
pastorační péče,ph138508
podpora vědy a výzkumu,ph115293
vlastnosti zvířat,ph237388
motivace,ph115358
dekadence (literatura),ph138353
konkurenceschopnost,ph121800
americké spisovatelky,ph118396
komorní hudba,ph121752
vzdělávací projekty,ph242428
narativita,ph752786
synagogy,ph126360
farmářství,ph290669
tenisté,ph126534
avatáry,ph316279
sklárny,ph125592
inkolát,ph990686
hospodářská konjunktura,ph120817
anglické drama,ph114054
filozofie jógy,ph784222
extrémní životní podmínky,ph137055
umělecká řemesla,ph126886
sociální interakce,ph125790
hodiny,ph120772
buddhistická filozofie,ph119015
teoretická fyzika,ph126543
reforma církve,ph281880
biblické parafráze,ph138436
oběti nacismu,ph123641
lyžaři,ph249661
letniční hnutí,ph122271
sourozenci panovníků,ph942775
vojenské výdaje,ph137526
zbožnost,ph127555
čtenářství,ph222812
česká literatura,ph116858
zdravotní politika,ph127579
milosrdenství,ph122994
antropozofické hnutí,ph836150
františkáni,ph120384
divadelní festivaly a přehlídky,ph114329
fyzičky,ph303429
církevní hudba,ph114285
pomníky,ph115815
jazzoví hudebníci,ph121333
toponomastika,ph116464
slovenské lidové písně,ph125670
soudnictví,ph125852
vraždy dětí,ph127245
loutkáři,ph565403
zločiny komunismu,ph139150
dobrodruzi,ph119523
behaviorismus (psychologie),ph195469
esejci,ph117531
křesťanští světci,ph115082
osobnosti,ph115615
poradenství,ph124359
nositelé cen a vyznamenání,ph136925
alternativní religiozita,ph118365
jazyková kultura,ph121322
francouzští dramatici,ph234784
islámské polemiky,ph168220
družstevní záložny,ph182346
solidarita,ph125831
lidské tělo,ph122345
experimentální poezie,ph114518
tenistky,ph138740
mormonky,ph925084
ignaciánské exercicie,ph114752
sakramentální teologie,ph607239
sociální stratifikace,ph136704
heraldika,ph120678
zábava,ph138989
existenciální analýza,ph120095
hudební teorie,ph114727
"norimberský proces (1945-1946 : Norimberk, Německo)",ph221290
předkové,ph1000916
nábytkový design,ph135198
polemiky,ph138480
Spojenci (1939-1945),ph832426
papežské koleje,ph840045
intimita,ph494802
pravoslaví,ph115880
studium a výuka,ph136700
lyrická poezie,ph122481
dějiny gastronomie,ph484339
vinice,ph288754
středověké rukopisy,ph116322
genetický kód,ph195812
životní úroveň,ph128033
knihkupecké katalogy,ph397760
finanční politika,ph134663
relikviář sv. Maura,ph174197
děti politiků,ph119709
jídla,ph114847
gamblerství,ph114607
konopí,ph114970
člověk a zvíře,ph128185
nemocniční duchovní,ph1125074
vysokoškolské učitelky,ph276825
demence,ph119366
agrarismus,ph137680
lékařská etika,ph115193
výživa člověka,ph127487
šachisté,ph138266
politická odpovědnost,ph210130
mystická teologie,ph975228
nebe,ph138468
zděné stavby,ph292627
historická vozidla,ph120723
kanonizace,ph114863
fotografové,ph120335
politické plakáty,ph135206
vysokoškolští učitelé,ph127282
Sant Mat,ph171137
aplikovaná geofyzika,ph118541
teologické myšlení,ph667937
přírodovědná gramotnost,ph228433
zbojníci,ph127554
hra na klavír,ph135165
osobní asistence,ph348292
sociální integrace,ph125789
čeští spisovatelé,ph128175
remosky,ph125117
rockoví hudebníci,ph125178
elektrotechnici,ph182430
kulturní vlivy (orientální),ph412798
posedlost,ph214703
křižovníci s červeným srdcem,ph172909
vodní sporty,ph116610
uzávěry lahví,ph939361
politické soudní procesy,ph124252
onkologické pacientky,ph920010
"chodské povstání (1692-1695 : Chodsko, Česko)",ph946374
kulturní systémy,ph137980
radost,ph124997
právní dějiny,ph164957
tělesnost,ph126831
hudební pedagogové,ph120921
lékař a pacient,ph122494
vesmír,ph116566
rodinné konstelace,ph257869
filozofie ducha,ph120223
krize (společnost),ph747045
africké sochařství,ph170419
diplomacie,ph119467
tisk,ph126649
výchova v přírodě,ph127428
výchova dítěte,ph127420
kubismus,ph121994
kanadská literatura,ph121413
ústavní výchova,ph487770
fotbalisté,ph114579
názory a postoje,ph137634
genetici,ph120480
státní terorismus,ph126196
kolektivní domy,ph843137
perníkářství,ph323300
programy a projekty,ph255086
přírodovědci,ph137317
filmoví dramaturgové,ph182944
molekulární biologie,ph115344
drobné skladby,ph321708
křesťanská láska,ph122100
umělecké ateliéry,ph126889
arizace,ph205094
televize,ph126505
stavební podniky,ph116282
historická sociologie,ph120720
vlastnické vztahy,ph127131
aktivizace seniorů,ph935167
hudebniny,ph114722
krajané,ph832291
molekulární biologové,ph122952
psaní,ph115938
monografie,ph116457
interpretace uměleckého díla,ph162886
bezpečnostní sbory,ph394383
kakao,ph121391
mezinárodní právo humanitární,ph122817
děti politických vězňů,ph590968
osobní knihovny,ph222848
víly,ph355592
dobrodružné cesty,ph137744
pohraniční konflikty,ph175747
deprese,ph119384
módní návrháři,ph123138
dějiny zahradnictví,ph489120
hereze,ph120684
islámské právo,ph121220
filoložky,ph490142
regionální periodika,ph119614
prezentace uměleckého díla,ph162888
říjnová revoluce (1917 : Rusko),ph138781
osobní autonomie,ph807150
mormonismus,ph184260
místní finance,ph137204
pozornost,ph115852
hospodářské písemnosti,ph114704
hudba pro kytaru,ph139149
řecké rukopisy,ph128275
duše a tělo,ph135234
historiografie umění,ph135272
forenzní vědy,ph205101
pohanství,ph124189
obuv,ph123617
"dům čp. 41 (Moravská Ostrava, Ostrava, Česko)",ph970341
křesťanští misionáři,ph135486
teatrologové,ph388318
Pauhatani,ph427581
migrační politika,ph137748
mytografie,ph123081
lidová zbožnost,ph122311
instalace (umění),ph121119
instinkty,ph121122
kluby,ph182932
enzymová hydrolýza,ph135617
exilový kulturní život,ph391069
dobrovolní hasiči,ph559798
koncily,ph114964
tovární komíny,ph858956
kartáři,ph1221868
česká filozofie,ph128114
piráti,ph124076
čtenářský vkus,ph262219
ochrana státní hranice,ph139179
literatura a ideologie,ph875402
idealismus,ph114750
národní muzea,ph123435
astronomie,ph114088
dominikánská spiritualita,ph307582
děti s tělesným postižením,ph116514
svobodná vůle,ph126310
kvalita ovzduší,ph122044
clunyjské hnutí,ph311266
dějiny české literatury,ph483973
varhany,ph126989
kontemplativní modlitba,ph121816
autorství,ph1021990
mediální politika,ph125918
filmové seriály,ph120203
marxismus-leninismus,ph120717
zpěváci,ph127683
filantropové,ph210131
řeholní společnosti,ph128284
iniciace,ph221300
orchestry,ph123782
multikulturní výchova,ph829799
automobily,ph114108
astronomové,ph118647
tapiserie,ph126449
světci,ph116353
odbojové organizace,ph868439
halucinogeny,ph114651
Hispanoameričané,ph335393
vědci,ph127356
arabsko-izraelské konflikty,ph114808
psací potřeby,ph261573
autorita Bible,ph915567
literární komparatistika,ph137146
manýrismus (umění),ph122631
bytí,ph136772
ženy v hudbě,ph127971
rekreace,ph455205
internační tábory,ph121151
šperkaři,ph165777
nezletilí uprchlíci,ph1036330
mariánské obrazy,ph536927
herní specialisté,ph250059
mosty,ph115357
funkcionalismus (architektura),ph114595
roční období,ph125283
bengálská literatura,ph198681
nevládní instituce a organizace,ph123277
incest,ph121057
rizikové chování,ph126809
tvůrčí osobnost,ph126816
křesťanská modlitba,ph122103
kamenné stavby,ph121406
kolokace,ph391063
polyteismus,ph124315
katolické písně,ph114897
obchodní akademie,ph137467
interpretace textů,ph844747
jachtaři,ph206846
barvy v umění,ph118773
historická výročí,ph120724
rosikruciáni,ph116062
politické násilí,ph115877
evropská architektura,ph120056
průmyslové podniky,ph115931
psychologie náboženství,ph115950
mexické rukopisy,ph115276
bezdomovci,ph118825
kóany,ph164947
zemětřesení,ph116772
politici,ph115781
molekulární genetika,ph122957
rodiče,ph125185
Polky,ph986758
atentáty,ph114089
Íránci,ph128072
